transaction_id,date,hour,type,amount,country,old_balance,new_balance,structuring_flag,rapid_movement_flag,round_amount_flag,high_risk_country,is_suspicious,aml_risk_score,alert_level
TXN000000,2024-07-17,17,CASH_OUT,1695.89,IR,67088.47,65392.58,0,0,0,1,0,35,LOW
TXN000001,2024-06-09,14,DEBIT,14696.56,US,84941.85,70245.29,0,0,0,0,0,2,LOW
TXN000002,2024-05-17,11,CASH_OUT,11952.82,CN,439815.62,427862.8,0,0,0,0,0,17,LOW
TXN000003,2024-03-22,18,PAYMENT,6399.59,UK,283863.2,277463.61,0,0,0,0,0,2,LOW
TXN000004,2024-12-09,17,PAYMENT,4397.39,US,51222.82,46825.43,0,0,0,0,0,1,LOW
TXN000005,2024-03-07,17,TRANSFER,528.34,MX,451002.18,450473.84,0,0,0,0,0,4,LOW
TXN000006,2024-10-25,8,CASH_OUT,3413.27,UK,331839.69,328426.42,0,0,0,0,0,2,LOW
TXN000007,2024-04-09,12,CASH_OUT,3554.21,CN,272031.52,268477.31,0,0,0,0,0,1,LOW
TXN000008,2024-10-09,21,CASH_IN,1022.19,UK,328984.06,330006.25,0,0,0,0,0,0,LOW
TXN000009,2024-03-14,14,PAYMENT,29.86,US,264639.22,264609.36,0,0,0,0,0,5,LOW
TXN000010,2024-08-01,17,CASH_IN,5597.22,US,74551.54,80148.76,0,0,0,0,0,1,LOW
TXN000011,2024-01-30,14,DEBIT,7804.92,US,227281.84,219476.92,0,0,0,0,0,1,LOW
TXN000012,2024-09-18,13,CASH_IN,1525.29,MX,320331.92,321857.21,0,0,0,0,0,1,LOW
TXN000013,2024-12-03,15,TRANSFER,526.46,US,430194.32,429667.86,0,0,0,0,0,2,LOW
TXN000014,2024-12-24,12,DEBIT,5028.39,CN,474360.57,469332.18,0,0,0,0,0,2,LOW
TXN000015,2024-12-06,14,CASH_OUT,3250.6,MX,37323.84,34073.24,0,0,0,0,0,2,LOW
TXN000016,2024-10-10,7,CASH_IN,986.56,NG,302230.83,303217.39,0,0,0,1,0,30,LOW
TXN000017,2024-11-10,18,CASH_OUT,391.41,DE,144536.38,144144.97,0,0,0,0,0,1,LOW
TXN000018,2024-04-27,3,TRANSFER,21910.42,US,379490.37,357579.95,0,0,0,0,1,38,LOW
TXN000019,2024-10-31,15,CASH_OUT,532.47,US,457578.12,457045.65,0,0,0,0,0,3,LOW
TXN000020,2024-02-13,18,TRANSFER,6052.73,UK,252324.05,246271.32,0,0,0,0,0,1,LOW
TXN000021,2024-12-18,10,TRANSFER,1626.72,DE,58253.88,56627.16,0,0,0,0,0,2,LOW
TXN000022,2024-06-25,12,DEBIT,4573.73,IR,127420.06,122846.33,0,0,0,1,0,33,LOW
TXN000023,2024-02-22,21,CASH_IN,25686.5,IR,86777.1,112463.6,0,0,0,1,0,34,LOW
TXN000024,2024-01-04,9,DEBIT,717.17,MX,134338.62,133621.45,0,0,0,0,0,2,LOW
TXN000025,2024-06-23,8,DEBIT,7413.71,CN,181204.07,173790.36,0,0,0,0,0,1,LOW
TXN000026,2024-10-22,12,CASH_OUT,627.72,DE,236256.65,235628.93,0,0,0,0,0,5,LOW
TXN000027,2024-05-19,12,TRANSFER,2958.86,RU,33728.16,30769.3,0,0,0,1,0,34,LOW
TXN000028,2024-11-02,1,TRANSFER,215047.69,RU,203170.91,0.0,0,1,0,1,1,100,HIGH
TXN000029,2024-09-04,13,CASH_OUT,2481.74,UK,495113.42,492631.68,0,0,0,0,0,0,LOW
TXN000030,2024-07-11,8,TRANSFER,8609.33,UK,406575.95,397966.62,0,0,0,0,0,3,LOW
TXN000031,2024-04-16,20,PAYMENT,1505.66,US,361691.61,360185.95,0,0,0,0,0,4,LOW
TXN000032,2024-11-08,10,TRANSFER,11462.76,US,117223.05,105760.29,0,0,0,0,0,15,LOW
TXN000033,2024-02-23,8,PAYMENT,6761.22,NG,43384.62,36623.4,0,0,0,1,0,34,LOW
TXN000034,2024-02-10,10,TRANSFER,8354.07,UK,236877.31,228523.24,0,0,0,0,0,2,LOW
TXN000035,2024-06-27,13,CASH_IN,1711.77,RU,314662.32,316374.09,0,0,0,1,0,34,LOW
TXN000036,2024-08-23,17,TRANSFER,4044.63,US,405863.72,401819.09,0,0,0,0,0,2,LOW
TXN000037,2024-03-17,14,CASH_IN,4753.76,UK,146647.09,151400.85,0,0,0,0,0,3,LOW
TXN000038,2024-11-07,11,TRANSFER,639.32,RU,284145.36,283506.04,0,0,0,1,0,34,LOW
TXN000039,2024-03-29,11,TRANSFER,2494.75,CN,350222.31,347727.56,0,0,0,0,0,5,LOW
TXN000040,2024-08-19,12,CASH_IN,3182.21,RU,78782.84,81965.05,0,0,0,1,0,34,LOW
TXN000041,2024-03-15,10,CASH_IN,507.5,NG,476428.46,476935.96,0,0,0,1,0,34,LOW
TXN000042,2024-03-21,12,CASH_IN,7530.06,UK,344310.93,351840.99,0,0,0,0,0,3,LOW
TXN000043,2024-01-24,9,CASH_IN,1111.08,UK,180736.86,181847.94,0,0,0,0,0,0,LOW
TXN000044,2024-08-24,21,DEBIT,3783.33,RU,479295.83,475512.5,0,0,0,1,0,32,LOW
TXN000045,2024-10-23,17,DEBIT,7906.86,US,291323.85,283416.99,0,0,0,0,0,3,LOW
TXN000046,2024-10-18,18,DEBIT,2796.54,NG,406431.1,403634.56,0,0,0,1,0,32,LOW
TXN000047,2024-11-28,13,CASH_IN,2248.07,MX,290373.1,292621.17,0,0,0,0,0,5,LOW
TXN000048,2024-07-17,15,TRANSFER,4515.48,NG,95015.74,90500.26,0,0,0,1,0,35,LOW
TXN000049,2024-02-13,18,PAYMENT,1308.19,US,325251.28,323943.09,0,0,0,0,0,3,LOW
TXN000050,2024-02-17,19,DEBIT,219.94,UK,267238.16,267018.22,0,0,0,0,0,3,LOW
TXN000051,2024-05-06,14,CASH_IN,4539.78,US,236336.87,240876.65,0,0,0,0,0,0,LOW
TXN000052,2024-08-08,9,CASH_IN,5589.8,US,270292.25,275882.05,0,0,0,0,0,3,LOW
TXN000053,2024-02-15,11,PAYMENT,7756.59,US,38108.07,30351.48,0,0,0,0,0,3,LOW
TXN000054,2024-01-19,1,TRANSFER,30848.77,US,358086.78,327238.01,0,0,0,0,1,36,LOW
TXN000055,2024-01-17,13,CASH_OUT,13684.29,DE,315685.78,302001.49,0,0,0,0,0,20,LOW
TXN000056,2024-02-26,16,TRANSFER,1023.23,US,61595.9,60572.67,0,0,0,0,0,3,LOW
TXN000057,2024-02-03,17,CASH_IN,3370.78,DE,489939.38,493310.16,0,0,0,0,0,3,LOW
TXN000058,2024-05-03,15,CASH_OUT,1017.04,NG,485535.5,484518.46,0,0,0,1,0,34,LOW
TXN000059,2024-08-11,15,CASH_OUT,4458.73,CN,171696.31,167237.58,0,0,0,0,0,2,LOW
TXN000060,2024-12-21,19,DEBIT,45.83,MX,201118.34,201072.51,0,0,0,0,0,3,LOW
TXN000061,2024-09-24,15,CASH_OUT,2204.96,US,375202.54,372997.58,0,0,0,0,0,4,LOW
TXN000062,2024-12-22,13,PAYMENT,5685.97,US,174544.51,168858.54,0,0,0,0,0,2,LOW
TXN000063,2024-02-28,7,CASH_OUT,1708.8,DE,167354.01,165645.21,0,0,0,0,0,5,LOW
TXN000064,2024-04-26,12,CASH_OUT,3103.49,MX,20255.16,17151.67,0,0,0,0,0,3,LOW
TXN000065,2024-08-05,13,CASH_OUT,415.43,UK,107215.57,106800.14,0,0,0,0,0,1,LOW
TXN000066,2024-05-10,13,DEBIT,1114.09,US,89087.6,87973.51,0,0,0,0,0,3,LOW
TXN000067,2024-01-20,23,CASH_OUT,167862.68,CN,375552.66,207689.98,0,0,0,0,1,62,MEDIUM
TXN000068,2024-07-04,8,CASH_OUT,31.83,US,380086.2,380054.37,0,0,0,0,0,0,LOW
TXN000069,2024-11-25,7,DEBIT,1476.07,US,468434.61,466958.54,0,0,0,0,0,4,LOW
TXN000070,2024-08-10,15,TRANSFER,63.12,DE,386935.19,386872.07,0,0,0,0,0,1,LOW
TXN000071,2024-04-07,12,CASH_IN,13.74,CN,357318.23,357331.97,0,0,0,0,0,3,LOW
TXN000072,2024-09-28,20,DEBIT,1243.0,US,160183.29,158940.29,0,0,0,0,0,3,LOW
TXN000073,2024-01-19,17,CASH_IN,16219.36,RU,142992.04,159211.4,0,0,0,1,0,35,LOW
TXN000074,2024-08-21,16,CASH_IN,3842.19,NG,496119.62,499961.81,0,0,0,1,0,32,LOW
TXN000075,2024-08-14,19,CASH_OUT,4421.32,UK,463830.03,459408.71,0,0,0,0,0,1,LOW
TXN000076,2024-12-09,19,PAYMENT,4842.46,NG,206613.27,201770.81,0,0,0,1,0,34,LOW
TXN000077,2024-05-24,23,TRANSFER,42857.73,MX,270013.02,227155.29,0,0,0,0,1,37,LOW
TXN000078,2024-12-21,9,TRANSFER,3360.35,US,71265.43,67905.08,0,0,0,0,0,1,LOW
TXN000079,2024-03-15,21,CASH_IN,2865.96,NG,55001.22,57867.18,0,0,0,1,0,35,LOW
TXN000080,2024-05-05,21,CASH_IN,5815.14,US,48931.83,54746.97,0,0,0,0,0,3,LOW
TXN000081,2024-06-08,18,CASH_IN,2727.5,NG,11337.88,14065.38,0,0,0,1,0,32,LOW
TXN000082,2024-02-14,12,DEBIT,3953.98,US,294655.21,290701.23,0,0,0,0,0,4,LOW
TXN000083,2024-02-23,21,PAYMENT,2916.09,UK,135619.53,132703.44,0,0,0,0,0,3,LOW
TXN000084,2024-04-18,16,CASH_OUT,8798.23,NG,244407.56,235609.33,0,0,0,1,0,30,LOW
TXN000085,2024-07-15,15,CASH_OUT,4128.31,DE,443594.74,439466.43,0,0,0,0,0,4,LOW
TXN000086,2024-03-06,21,CASH_OUT,2233.58,US,283942.37,281708.79,0,0,0,0,0,5,LOW
TXN000087,2024-07-30,19,TRANSFER,850.55,UK,412172.92,411322.37,0,0,0,0,0,1,LOW
TXN000088,2024-06-14,21,PAYMENT,4485.18,UK,141987.79,137502.61,0,0,0,0,0,1,LOW
TXN000089,2024-05-17,15,PAYMENT,1396.48,IR,178532.62,177136.14,0,0,0,1,0,35,LOW
TXN000090,2024-02-10,1,CASH_OUT,52325.94,CN,266577.88,214251.94,0,0,0,0,1,61,MEDIUM
TXN000091,2024-11-04,2,TRANSFER,16489.28,RU,495892.82,479403.54,0,0,0,1,1,67,MEDIUM
TXN000092,2024-06-30,14,DEBIT,1100.63,US,399254.6,398153.97,0,0,0,0,0,4,LOW
TXN000093,2024-03-03,8,TRANSFER,261.18,CN,333645.99,333384.81,0,0,0,0,0,1,LOW
TXN000094,2024-08-18,12,PAYMENT,2163.36,US,269984.17,267820.81,0,0,0,0,0,5,LOW
TXN000095,2024-06-05,23,CASH_OUT,84348.39,IR,425181.93,340833.54,0,1,0,1,1,100,HIGH
TXN000096,2024-01-24,14,TRANSFER,5526.49,CN,255774.18,250247.69,0,0,0,0,0,3,LOW
TXN000097,2024-09-29,17,CASH_OUT,11763.83,RU,321308.37,309544.54,0,0,0,1,0,35,LOW
TXN000098,2024-10-11,2,CASH_OUT,16737.08,IR,263476.52,246739.44,0,1,0,1,1,90,HIGH
TXN000099,2024-12-20,7,TRANSFER,256.07,MX,257266.77,257010.7,0,0,0,0,0,5,LOW
TXN000100,2024-06-24,10,PAYMENT,4921.78,MX,445364.66,440442.88,0,0,0,0,0,1,LOW
TXN000101,2024-07-10,13,TRANSFER,1904.13,NG,126899.77,124995.64,0,0,0,1,0,30,LOW
TXN000102,2024-09-15,16,CASH_IN,2066.35,IR,165307.96,167374.31,0,0,0,1,0,33,LOW
TXN000103,2024-12-08,19,PAYMENT,5163.25,DE,432045.61,426882.36,0,0,0,0,0,1,LOW
TXN000104,2024-07-28,1,TRANSFER,118357.91,US,496809.11,378451.2,0,1,0,0,1,85,HIGH
TXN000105,2024-02-13,20,PAYMENT,5689.7,US,490487.7,484798.0,0,0,0,0,0,5,LOW
TXN000106,2024-07-13,9,TRANSFER,956.76,NG,327469.11,326512.35,0,0,0,1,0,30,LOW
TXN000107,2024-11-23,16,PAYMENT,896.11,UK,450140.86,449244.75,0,0,0,0,0,3,LOW
TXN000108,2024-01-16,13,TRANSFER,6940.26,UK,45408.49,38468.23,0,0,0,0,0,4,LOW
TXN000109,2024-07-29,15,TRANSFER,381.02,UK,327714.8,327333.78,0,0,0,0,0,1,LOW
TXN000110,2024-03-19,16,CASH_OUT,3585.18,IR,49664.76,46079.58,0,0,0,1,0,34,LOW
TXN000111,2024-07-27,16,TRANSFER,1747.86,MX,469532.63,467784.77,0,0,0,0,0,2,LOW
TXN000112,2024-10-30,13,CASH_OUT,1126.46,US,498320.8,497194.34,0,0,0,0,0,2,LOW
TXN000113,2024-05-18,7,CASH_IN,7239.58,UK,232366.0,239605.58,0,0,0,0,0,1,LOW
TXN000114,2024-06-18,19,DEBIT,283.23,NG,282971.73,282688.5,0,0,0,1,0,30,LOW
TXN000115,2024-01-05,20,CASH_OUT,890.58,IR,84169.45,83278.87,0,0,0,1,0,31,LOW
TXN000116,2024-08-10,13,CASH_OUT,5635.44,DE,221982.23,216346.79,0,0,0,0,0,5,LOW
TXN000117,2024-11-21,9,TRANSFER,5383.0,NG,317192.88,311809.88,0,0,0,1,0,34,LOW
TXN000118,2024-01-11,17,TRANSFER,3718.07,UK,389031.42,385313.35,0,0,0,0,0,2,LOW
TXN000119,2024-10-04,11,DEBIT,3174.53,CN,348549.18,345374.65,0,0,0,0,0,1,LOW
TXN000120,2024-05-07,13,CASH_IN,2153.07,US,89871.1,92024.17,0,0,0,0,0,4,LOW
TXN000121,2024-03-12,20,CASH_IN,1313.13,US,295156.63,296469.76,0,0,0,0,0,2,LOW
TXN000122,2024-08-03,11,CASH_OUT,570.53,DE,149946.15,149375.62,0,0,0,0,0,0,LOW
TXN000123,2024-05-24,16,CASH_IN,645.58,UK,329345.41,329990.99,0,0,0,0,0,4,LOW
TXN000124,2024-07-10,12,DEBIT,4865.21,US,274270.51,269405.3,0,0,0,0,0,3,LOW
TXN000125,2024-03-08,11,TRANSFER,252.65,MX,420837.27,420584.62,0,0,0,0,0,3,LOW
TXN000126,2024-11-14,13,DEBIT,1275.54,US,417321.13,416045.59,0,0,0,0,0,2,LOW
TXN000127,2024-02-10,14,DEBIT,3141.21,DE,300648.16,297506.95,0,0,0,0,0,0,LOW
TXN000128,2024-01-19,17,CASH_IN,7322.01,IR,192940.17,200262.18,0,0,0,1,0,30,LOW
TXN000129,2024-11-20,17,PAYMENT,531.64,US,426471.12,425939.48,0,0,0,0,0,4,LOW
TXN000130,2024-04-21,16,PAYMENT,2928.42,DE,385767.02,382838.6,0,0,0,0,0,5,LOW
TXN000131,2024-06-11,20,CASH_IN,4598.92,US,410309.06,414907.98,0,0,0,0,0,0,LOW
TXN000132,2024-06-15,17,CASH_IN,709.14,US,421441.67,422150.81,0,0,0,0,0,0,LOW
TXN000133,2024-10-20,18,DEBIT,4389.7,DE,385746.05,381356.35,0,0,0,0,0,5,LOW
TXN000134,2024-12-10,23,CASH_OUT,75492.95,RU,308.1,0.0,0,1,0,1,1,100,HIGH
TXN000135,2024-10-15,21,PAYMENT,1117.86,US,99980.04,98862.18,0,0,0,0,0,4,LOW
TXN000136,2024-03-26,13,CASH_IN,665.68,IR,344913.43,345579.11,0,0,0,1,0,32,LOW
TXN000137,2024-09-16,21,DEBIT,7344.17,UK,133659.61,126315.44,0,0,0,0,0,0,LOW
TXN000138,2024-08-01,8,PAYMENT,2658.15,RU,156154.38,153496.23,0,0,0,1,0,32,LOW
TXN000139,2024-11-22,16,PAYMENT,1154.45,US,333410.69,332256.24,0,0,0,0,0,4,LOW
TXN000140,2024-10-08,19,CASH_OUT,1511.58,DE,463080.85,461569.27,0,0,0,0,0,2,LOW
TXN000141,2024-10-16,2,TRANSFER,6310.38,MX,69894.4,63584.02,0,1,0,0,1,50,MEDIUM
TXN000142,2024-12-02,4,CASH_OUT,30523.57,NG,424470.46,393946.89,0,1,0,1,1,95,HIGH
TXN000143,2024-02-20,7,DEBIT,807.26,US,209405.46,208598.2,0,0,0,0,0,2,LOW
TXN000144,2024-12-03,13,TRANSFER,3549.65,US,479494.9,475945.25,0,0,0,0,0,3,LOW
TXN000145,2024-01-16,12,TRANSFER,3020.22,UK,171955.58,168935.36,0,0,0,0,0,0,LOW
TXN000146,2024-05-03,8,CASH_OUT,729.0,US,198382.73,197653.73,0,0,0,0,0,2,LOW
TXN000147,2024-03-12,12,CASH_IN,11974.34,US,38105.64,50079.98,0,0,0,0,0,1,LOW
TXN000148,2024-10-06,17,CASH_OUT,1011.06,MX,186721.1,185710.04,0,0,0,0,0,2,LOW
TXN000149,2024-03-05,9,CASH_IN,6579.5,US,446099.06,452678.56,0,0,0,0,0,0,LOW
TXN000150,2024-01-15,19,PAYMENT,752.45,US,231844.06,231091.61,0,0,0,0,0,1,LOW
TXN000151,2024-04-08,14,TRANSFER,9226.97,RU,280967.87,271740.9,0,0,0,1,0,32,LOW
TXN000152,2024-11-21,10,PAYMENT,621.34,US,323793.39,323172.05,0,0,0,0,0,2,LOW
TXN000153,2024-06-21,19,TRANSFER,5.48,RU,461357.07,461351.59,0,0,0,1,0,32,LOW
TXN000154,2024-04-03,13,PAYMENT,5504.85,RU,347720.2,342215.35,0,0,0,1,0,32,LOW
TXN000155,2024-08-20,7,DEBIT,2511.71,CN,44121.09,41609.38,0,0,0,0,0,2,LOW
TXN000156,2024-07-20,15,PAYMENT,1802.66,CN,95777.28,93974.62,0,0,0,0,0,0,LOW
TXN000157,2024-08-18,17,DEBIT,1127.38,DE,370374.67,369247.29,0,0,0,0,0,3,LOW
TXN000158,2024-08-02,12,CASH_OUT,8631.57,US,240864.46,232232.89,0,0,0,0,0,4,LOW
TXN000159,2024-11-25,18,PAYMENT,5936.29,IR,137761.74,131825.45,0,0,0,1,0,33,LOW
TXN000160,2024-02-19,10,CASH_OUT,3172.57,CN,293839.57,290667.0,0,0,0,0,0,2,LOW
TXN000161,2024-02-12,7,TRANSFER,728.55,IR,161316.05,160587.5,0,0,0,1,0,35,LOW
TXN000162,2024-02-10,11,PAYMENT,10489.4,US,173247.12,162757.72,0,0,0,0,0,3,LOW
TXN000163,2024-10-22,11,CASH_OUT,5132.06,UK,224190.77,219058.71,0,0,0,0,0,5,LOW
TXN000164,2024-06-19,8,CASH_IN,3613.94,MX,68414.51,72028.45,0,0,0,0,0,3,LOW
TXN000165,2024-10-18,11,CASH_IN,639.33,MX,4900.28,5539.61,0,0,0,0,0,3,LOW
TXN000166,2024-03-19,13,CASH_OUT,2542.02,RU,81207.38,78665.36,0,0,0,1,0,35,LOW
TXN000167,2024-03-11,8,CASH_OUT,250.41,IR,465712.02,465461.61,0,0,0,1,0,34,LOW
TXN000168,2024-07-31,16,TRANSFER,2524.52,DE,224272.31,221747.79,0,0,0,0,0,0,LOW
TXN000169,2024-08-15,16,DEBIT,1982.79,IR,93043.11,91060.32,0,0,0,1,0,31,LOW
TXN000170,2024-01-17,7,CASH_OUT,1534.21,US,231241.49,229707.28,0,0,0,0,0,3,LOW
TXN000171,2024-08-27,4,TRANSFER,43987.97,NG,174821.99,130834.02,0,1,0,1,1,92,HIGH
TXN000172,2024-02-04,10,CASH_IN,5941.61,UK,417571.96,423513.57,0,0,0,0,0,1,LOW
TXN000173,2024-11-23,1,TRANSFER,99855.18,NG,258291.28,158436.1,0,0,0,1,1,94,HIGH
TXN000174,2024-05-16,19,CASH_OUT,540.08,MX,477022.01,476481.93,0,0,0,0,0,2,LOW
TXN000175,2024-06-05,21,CASH_IN,482.41,DE,176328.36,176810.77,0,0,0,0,0,3,LOW
TXN000176,2024-08-30,9,CASH_OUT,7924.85,US,334762.48,326837.63,0,0,0,0,0,4,LOW
TXN000177,2024-01-21,18,DEBIT,3488.61,IR,173717.5,170228.89,0,0,0,1,0,33,LOW
TXN000178,2024-11-06,21,TRANSFER,1154.99,DE,85166.84,84011.85,0,0,0,0,0,4,LOW
TXN000179,2024-08-25,11,CASH_IN,1023.06,US,250042.59,251065.65,0,0,0,0,0,5,LOW
TXN000180,2024-07-12,19,PAYMENT,929.96,MX,136216.49,135286.53,0,0,0,0,0,2,LOW
TXN000181,2024-08-16,21,TRANSFER,3772.65,US,394172.56,390399.91,0,0,0,0,0,0,LOW
TXN000182,2024-01-29,19,TRANSFER,7633.96,UK,146754.55,139120.59,0,0,0,0,0,2,LOW
TXN000183,2024-12-06,16,PAYMENT,1622.9,MX,348462.1,346839.2,0,0,0,0,0,4,LOW
TXN000184,2024-10-09,10,PAYMENT,20273.48,MX,168546.32,148272.84,0,0,0,0,0,5,LOW
TXN000185,2024-11-24,10,CASH_OUT,3789.97,DE,19049.57,15259.6,0,0,0,0,0,5,LOW
TXN000186,2024-10-21,10,PAYMENT,536.59,UK,146603.35,146066.76,0,0,0,0,0,1,LOW
TXN000187,2024-02-25,15,PAYMENT,3310.52,DE,227061.27,223750.75,0,0,0,0,0,4,LOW
TXN000188,2024-06-04,14,CASH_IN,580.96,RU,227703.06,228284.02,0,0,0,1,0,32,LOW
TXN000189,2024-12-22,18,DEBIT,392.68,RU,84891.62,84498.94,0,0,0,1,0,35,LOW
TXN000190,2024-02-17,11,DEBIT,9947.06,NG,391822.06,381875.0,0,0,0,1,0,33,LOW
TXN000191,2024-08-02,2,TRANSFER,69145.79,DE,316389.93,247244.14,0,0,0,0,1,65,MEDIUM
TXN000192,2024-04-14,21,PAYMENT,12240.86,US,415837.61,403596.75,0,0,0,0,0,5,LOW
TXN000193,2024-07-12,8,CASH_OUT,2593.78,CN,403638.24,401044.46,0,0,0,0,0,2,LOW
TXN000194,2024-05-10,9,PAYMENT,588.81,IR,20975.23,20386.42,0,0,0,1,0,35,LOW
TXN000195,2024-02-11,3,TRANSFER,70639.56,UK,214506.78,143867.22,0,0,0,0,1,65,MEDIUM
TXN000196,2024-03-06,18,DEBIT,2969.17,NG,162511.36,159542.19,0,0,0,1,0,33,LOW
TXN000197,2024-10-29,21,PAYMENT,6743.76,US,378081.42,371337.66,0,0,0,0,0,0,LOW
TXN000198,2024-11-12,10,CASH_IN,4336.81,MX,77894.33,82231.14,0,0,0,0,0,0,LOW
TXN000199,2024-03-30,7,DEBIT,2698.83,US,291607.84,288909.01,0,0,0,0,0,0,LOW
TXN000200,2024-10-22,12,TRANSFER,35.07,US,206083.74,206048.67,0,0,0,0,0,4,LOW
TXN000201,2024-09-24,15,CASH_IN,4567.94,IR,197153.04,201720.98,0,0,0,1,0,34,LOW
TXN000202,2024-02-28,13,PAYMENT,2215.64,UK,300059.91,297844.27,0,0,0,0,0,3,LOW
TXN000203,2024-08-31,19,CASH_IN,578.78,US,251369.14,251947.92,0,0,0,0,0,0,LOW
TXN000204,2024-07-26,7,CASH_OUT,1957.96,NG,358571.67,356613.71,0,0,0,1,0,32,LOW
TXN000205,2024-08-27,16,TRANSFER,904.03,UK,384306.39,383402.36,0,0,0,0,0,0,LOW
TXN000206,2024-12-25,16,CASH_OUT,1082.02,NG,389571.28,388489.26,0,0,0,1,0,31,LOW
TXN000207,2024-02-11,8,PAYMENT,459.38,UK,204310.54,203851.16,0,0,0,0,0,4,LOW
TXN000208,2024-08-05,12,TRANSFER,3711.13,IR,249987.61,246276.48,0,0,0,1,0,30,LOW
TXN000209,2024-11-28,18,PAYMENT,2080.27,UK,419231.61,417151.34,0,0,0,0,0,1,LOW
TXN000210,2024-12-06,11,DEBIT,3050.75,MX,171537.76,168487.01,0,0,0,0,0,3,LOW
TXN000211,2024-08-06,4,CASH_OUT,833.68,NG,436864.71,436031.03,0,0,0,1,1,54,MEDIUM
TXN000212,2024-06-26,13,CASH_OUT,9757.53,RU,29726.66,19969.13,0,0,0,1,0,33,LOW
TXN000213,2024-10-19,13,TRANSFER,6373.05,UK,195211.37,188838.32,0,0,0,0,0,4,LOW
TXN000214,2024-02-29,19,PAYMENT,2967.01,UK,50720.87,47753.86,0,0,0,0,0,2,LOW
TXN000215,2024-04-17,17,TRANSFER,4443.47,US,189776.06,185332.59,0,0,0,0,0,0,LOW
TXN000216,2024-05-13,23,TRANSFER,66358.24,NG,72287.5,5929.26,0,1,0,1,1,100,HIGH
TXN000217,2024-04-12,18,CASH_OUT,168.37,MX,117507.2,117338.83,0,0,0,0,0,1,LOW
TXN000218,2024-01-23,9,CASH_OUT,4680.38,IR,207898.44,203218.06,0,0,0,1,0,30,LOW
TXN000219,2024-04-17,10,CASH_IN,6884.89,DE,413928.12,420813.01,0,0,0,0,0,0,LOW
TXN000220,2024-06-19,7,CASH_OUT,8904.41,CN,226596.7,217692.29,0,0,0,0,0,1,LOW
TXN000221,2024-10-25,10,PAYMENT,12572.58,CN,216486.93,203914.35,0,0,0,0,0,3,LOW
TXN000222,2024-05-10,19,DEBIT,144.73,DE,426864.92,426720.19,0,0,0,0,0,3,LOW
TXN000223,2024-02-04,21,TRANSFER,3795.04,DE,324215.66,320420.62,0,0,0,0,0,3,LOW
TXN000224,2024-04-27,8,PAYMENT,1353.84,US,480959.36,479605.52,0,0,0,0,0,4,LOW
TXN000225,2024-09-16,14,CASH_OUT,11399.14,RU,186962.26,175563.12,0,0,0,1,0,35,LOW
TXN000226,2024-10-30,19,PAYMENT,2549.06,DE,498545.94,495996.88,0,0,0,0,0,3,LOW
TXN000227,2024-02-01,8,TRANSFER,3810.62,US,356693.47,352882.85,0,0,0,0,0,5,LOW
TXN000228,2024-07-21,21,CASH_IN,2156.28,US,208156.59,210312.87,0,0,0,0,0,2,LOW
TXN000229,2024-01-22,7,TRANSFER,251.72,US,150955.44,150703.72,0,0,0,0,0,4,LOW
TXN000230,2024-07-26,15,PAYMENT,11811.33,UK,297472.83,285661.5,0,0,0,0,0,1,LOW
TXN000231,2024-09-19,17,CASH_OUT,136.33,MX,328997.26,328860.93,0,0,0,0,0,1,LOW
TXN000232,2024-07-27,20,PAYMENT,356.41,RU,180988.56,180632.15,0,0,0,1,0,34,LOW
TXN000233,2024-09-14,9,TRANSFER,651.13,US,110634.64,109983.51,0,0,0,0,0,1,LOW
TXN000234,2024-01-07,7,PAYMENT,1015.29,US,335849.4,334834.11,0,0,0,0,0,0,LOW
TXN000235,2024-06-25,16,TRANSFER,3415.57,DE,327217.47,323801.9,0,0,0,0,0,1,LOW
TXN000236,2024-09-23,18,PAYMENT,312.85,US,316820.13,316507.28,0,0,0,0,0,2,LOW
TXN000237,2024-12-07,21,DEBIT,772.69,US,343611.64,342838.95,0,0,0,0,0,4,LOW
TXN000238,2024-02-19,18,TRANSFER,50.7,CN,58344.67,58293.97,0,0,0,0,0,1,LOW
TXN000239,2024-05-20,16,DEBIT,582.9,US,396213.21,395630.31,0,0,0,0,0,3,LOW
TXN000240,2024-04-13,10,DEBIT,8111.44,UK,185992.46,177881.02,0,0,0,0,0,1,LOW
TXN000241,2024-07-12,19,TRANSFER,221.1,DE,224621.33,224400.23,0,0,0,0,0,0,LOW
TXN000242,2024-07-22,14,DEBIT,5111.47,US,333073.07,327961.6,0,0,0,0,0,5,LOW
TXN000243,2024-10-11,18,PAYMENT,12224.82,DE,330969.47,318744.65,0,0,0,0,0,3,LOW
TXN000244,2024-04-09,20,CASH_IN,4330.2,DE,194462.64,198792.84,0,0,0,0,0,0,LOW
TXN000245,2024-12-08,19,DEBIT,87.96,IR,174801.38,174713.42,0,0,0,1,0,30,LOW
TXN000246,2024-06-21,20,TRANSFER,1317.96,UK,361261.44,359943.48,0,0,0,0,0,4,LOW
TXN000247,2024-02-08,17,PAYMENT,232.27,MX,319426.38,319194.11,0,0,0,0,0,2,LOW
TXN000248,2024-06-24,12,DEBIT,661.42,NG,226855.56,226194.14,0,0,0,1,0,35,LOW
TXN000249,2024-12-05,16,DEBIT,1319.9,DE,468277.07,466957.17,0,0,0,0,0,3,LOW
TXN000250,2024-11-29,1,CASH_OUT,47396.25,DE,119337.08,71940.83,0,0,0,0,1,35,LOW
TXN000251,2024-11-18,2,CASH_OUT,29076.9,IR,319933.35,290856.45,0,0,0,1,1,68,MEDIUM
TXN000252,2024-11-24,2,CASH_OUT,50261.39,UK,287523.52,237262.13,0,1,0,0,1,87,HIGH
TXN000253,2024-05-27,3,CASH_OUT,61109.32,CN,227615.15,166505.83,0,1,0,0,1,85,HIGH
TXN000254,2024-02-21,9,DEBIT,3795.46,CN,52680.09,48884.63,0,0,0,0,0,2,LOW
TXN000255,2024-06-15,20,CASH_IN,2525.99,DE,443803.97,446329.96,0,0,0,0,0,2,LOW
TXN000256,2024-09-21,2,TRANSFER,21737.28,NG,260441.53,238704.25,0,0,0,1,1,67,MEDIUM
TXN000257,2024-06-09,13,DEBIT,835.89,US,124351.58,123515.69,0,0,0,0,0,5,LOW
TXN000258,2024-05-10,17,CASH_OUT,617.03,MX,229839.29,229222.26,0,0,0,0,0,5,LOW
TXN000259,2024-07-14,16,CASH_IN,2623.27,US,12742.41,15365.68,0,0,0,0,0,5,LOW
TXN000260,2024-10-14,18,CASH_OUT,1670.09,US,251700.95,250030.86,0,0,0,0,0,2,LOW
TXN000261,2024-03-28,8,CASH_OUT,6396.75,UK,85349.19,78952.44,0,0,0,0,0,2,LOW
TXN000262,2024-12-11,12,PAYMENT,1021.86,RU,205194.69,204172.83,0,0,0,1,0,33,LOW
TXN000263,2024-05-31,14,CASH_IN,4558.33,RU,2568.64,7126.97,0,0,0,1,0,31,LOW
TXN000264,2024-02-13,17,TRANSFER,3308.79,NG,467080.92,463772.13,0,0,0,1,0,34,LOW
TXN000265,2024-04-06,7,CASH_OUT,5759.67,UK,411284.9,405525.23,0,0,0,0,0,2,LOW
TXN000266,2024-10-16,2,CASH_OUT,9900.28,US,205497.7,195597.42,1,1,0,0,1,85,HIGH
TXN000267,2024-12-06,20,CASH_OUT,6909.34,DE,457121.67,450212.33,0,0,0,0,0,3,LOW
TXN000268,2024-10-05,17,PAYMENT,2387.17,MX,262206.84,259819.67,0,0,0,0,0,1,LOW
TXN000269,2024-02-04,14,CASH_IN,1766.45,US,27464.09,29230.54,0,0,0,0,0,0,LOW
TXN000270,2024-05-23,13,CASH_IN,2571.25,NG,196701.3,199272.55,0,0,0,1,0,34,LOW
TXN000271,2024-07-25,11,CASH_IN,2388.4,RU,457007.29,459395.69,0,0,0,1,0,33,LOW
TXN000272,2024-04-29,19,PAYMENT,542.92,US,49364.91,48821.99,0,0,0,0,0,3,LOW
TXN000273,2024-05-24,21,CASH_OUT,294.05,UK,381068.32,380774.27,0,0,0,0,0,3,LOW
TXN000274,2024-03-16,7,TRANSFER,2685.2,US,340584.7,337899.5,0,0,0,0,0,5,LOW
TXN000275,2024-02-27,15,DEBIT,11586.48,UK,472453.93,460867.45,0,0,0,0,0,0,LOW
TXN000276,2024-01-24,9,TRANSFER,955.21,RU,59667.12,58711.91,0,0,0,1,0,34,LOW
TXN000277,2024-04-26,12,TRANSFER,913.49,NG,165295.93,164382.44,0,0,0,1,0,30,LOW
TXN000278,2024-07-06,15,PAYMENT,12032.29,US,366966.8,354934.51,0,0,0,0,0,4,LOW
TXN000279,2024-02-10,20,CASH_OUT,628.64,US,86527.29,85898.65,0,0,0,0,0,4,LOW
TXN000280,2024-06-24,14,TRANSFER,2094.05,IR,266416.28,264322.23,0,0,0,1,0,34,LOW
TXN000281,2024-09-09,21,CASH_OUT,3381.44,UK,238498.89,235117.45,0,0,0,0,0,1,LOW
TXN000282,2024-03-09,14,DEBIT,5192.01,CN,428472.14,423280.13,0,0,0,0,0,5,LOW
TXN000283,2024-09-14,8,TRANSFER,8351.59,DE,163913.1,155561.51,0,0,0,0,0,2,LOW
TXN000284,2024-01-13,23,CASH_OUT,93833.75,US,282789.85,188956.1,0,0,0,0,1,62,MEDIUM
TXN000285,2024-07-24,21,CASH_OUT,4912.26,UK,22473.92,17561.66,0,0,0,0,0,1,LOW
TXN000286,2024-10-19,1,TRANSFER,21450.75,IR,346340.31,324889.56,0,1,0,1,1,95,HIGH
TXN000287,2024-01-19,9,TRANSFER,9162.19,US,235176.74,226014.55,0,0,0,0,0,1,LOW
TXN000288,2024-01-20,8,TRANSFER,1910.99,UK,363172.32,361261.33,0,0,0,0,0,4,LOW
TXN000289,2024-07-28,16,PAYMENT,11064.21,US,55257.05,44192.84,0,0,0,0,0,2,LOW
TXN000290,2024-10-16,18,TRANSFER,6277.81,UK,299405.17,293127.36,0,0,0,0,0,0,LOW
TXN000291,2024-07-01,12,TRANSFER,11075.91,US,291899.88,280823.97,0,0,0,0,0,20,LOW
TXN000292,2024-02-14,9,TRANSFER,11734.96,US,285253.27,273518.31,0,0,0,0,0,20,LOW
TXN000293,2024-08-27,8,PAYMENT,2685.85,MX,344370.13,341684.28,0,0,0,0,0,5,LOW
TXN000294,2024-05-15,14,DEBIT,7742.28,UK,426255.84,418513.56,0,0,0,0,0,0,LOW
TXN000295,2024-11-27,11,CASH_OUT,365.44,UK,483205.27,482839.83,0,0,0,0,0,5,LOW
TXN000296,2024-10-10,14,DEBIT,10499.88,RU,152155.85,141655.97,0,0,0,1,0,33,LOW
TXN000297,2024-05-18,19,CASH_OUT,5686.14,DE,268082.25,262396.11,0,0,0,0,0,4,LOW
TXN000298,2024-03-04,1,CASH_OUT,10679.5,NG,149176.77,138497.27,0,0,0,1,1,68,MEDIUM
TXN000299,2024-01-29,21,CASH_OUT,9396.21,US,13274.27,3878.06,0,0,0,0,0,1,LOW
TXN000300,2024-07-04,19,PAYMENT,41.21,US,115522.26,115481.05,0,0,0,0,0,2,LOW
TXN000301,2024-12-22,11,DEBIT,6856.0,UK,270901.5,264045.5,0,0,0,0,0,4,LOW
TXN000302,2024-02-08,11,CASH_IN,321.32,CN,30418.25,30739.57,0,0,0,0,0,2,LOW
TXN000303,2024-03-21,16,PAYMENT,9557.22,MX,379094.53,369537.31,0,0,0,0,0,2,LOW
TXN000304,2024-05-08,18,PAYMENT,644.9,IR,429998.77,429353.87,0,0,0,1,0,31,LOW
TXN000305,2024-03-10,13,DEBIT,356.79,MX,466467.99,466111.2,0,0,0,0,0,1,LOW
TXN000306,2024-09-12,7,PAYMENT,2149.79,UK,253828.91,251679.12,0,0,0,0,0,3,LOW
TXN000307,2024-04-30,8,DEBIT,9235.92,MX,219651.48,210415.56,0,0,0,0,0,5,LOW
TXN000308,2024-08-12,20,PAYMENT,2427.4,RU,88070.16,85642.76,0,0,0,1,0,31,LOW
TXN000309,2024-09-21,11,DEBIT,344.18,IR,128217.92,127873.74,0,0,0,1,0,31,LOW
TXN000310,2024-12-01,19,CASH_OUT,6517.62,UK,343224.05,336706.43,0,0,0,0,0,4,LOW
TXN000311,2024-05-23,9,CASH_OUT,3333.24,UK,351901.71,348568.47,0,0,0,0,0,3,LOW
TXN000312,2024-05-29,16,CASH_OUT,992.1,US,429587.9,428595.8,0,0,0,0,0,2,LOW
TXN000313,2024-10-20,11,DEBIT,216.35,DE,223968.26,223751.91,0,0,0,0,0,3,LOW
TXN000314,2024-08-24,14,TRANSFER,163.87,UK,422898.55,422734.68,0,0,0,0,0,2,LOW
TXN000315,2024-07-13,16,DEBIT,63.97,US,389604.23,389540.26,0,0,0,0,0,4,LOW
TXN000316,2024-02-04,19,TRANSFER,2113.25,MX,62988.25,60875.0,0,0,0,0,0,3,LOW
TXN000317,2024-10-05,2,CASH_OUT,123947.83,MX,363168.41,239220.58,0,1,0,0,1,87,HIGH
TXN000318,2024-12-17,14,CASH_IN,3080.37,DE,449566.61,452646.98,0,0,0,0,0,2,LOW
TXN000319,2024-02-15,7,DEBIT,616.32,US,361730.8,361114.48,0,0,0,0,0,5,LOW
TXN000320,2024-10-06,19,CASH_IN,488.84,RU,393685.16,394174.0,0,0,0,1,0,30,LOW
TXN000321,2024-04-02,16,PAYMENT,1544.13,UK,185031.66,183487.53,0,0,0,0,0,5,LOW
TXN000322,2024-08-20,12,CASH_IN,2084.13,IR,347635.53,349719.66,0,0,0,1,0,30,LOW
TXN000323,2024-10-20,20,CASH_OUT,2724.15,US,53935.43,51211.28,0,0,0,0,0,4,LOW
TXN000324,2024-08-14,7,DEBIT,3567.12,MX,321770.31,318203.19,0,0,0,0,0,2,LOW
TXN000325,2024-01-12,14,CASH_IN,6458.8,US,170044.28,176503.08,0,0,0,0,0,1,LOW
TXN000326,2024-10-11,1,TRANSFER,9427.88,RU,156153.41,146725.53,1,1,0,1,1,100,HIGH
TXN000327,2024-10-15,19,PAYMENT,838.81,IR,130295.52,129456.71,0,0,0,1,0,35,LOW
TXN000328,2024-04-02,21,DEBIT,1205.1,US,142164.47,140959.37,0,0,0,0,0,4,LOW
TXN000329,2024-04-11,4,CASH_OUT,23183.44,NG,443251.24,420067.8,0,1,0,1,1,90,HIGH
TXN000330,2024-06-29,18,DEBIT,1991.15,US,307464.26,305473.11,0,0,0,0,0,3,LOW
TXN000331,2024-09-05,10,TRANSFER,1600.26,UK,96846.66,95246.4,0,0,0,0,0,0,LOW
TXN000332,2024-07-17,7,TRANSFER,2515.45,IR,165846.57,163331.12,0,0,0,1,0,33,LOW
TXN000333,2024-08-19,9,CASH_OUT,510.13,UK,389016.75,388506.62,0,0,0,0,0,5,LOW
TXN000334,2024-02-13,13,PAYMENT,1653.22,DE,362449.44,360796.22,0,0,0,0,0,4,LOW
TXN000335,2024-07-25,19,CASH_IN,11267.11,DE,364126.21,375393.32,0,0,0,0,0,5,LOW
TXN000336,2024-09-24,8,CASH_OUT,4257.34,US,81774.53,77517.19,0,0,0,0,0,5,LOW
TXN000337,2024-05-23,10,DEBIT,1581.81,IR,56823.26,55241.45,0,0,0,1,0,34,LOW
TXN000338,2024-10-01,11,PAYMENT,799.94,US,411100.07,410300.13,0,0,0,0,0,2,LOW
TXN000339,2024-03-26,15,TRANSFER,1467.03,DE,348879.93,347412.9,0,0,0,0,0,0,LOW
TXN000340,2024-02-05,3,TRANSFER,52688.14,IR,403688.51,351000.37,0,1,0,1,1,100,HIGH
TXN000341,2024-07-03,17,TRANSFER,305.38,US,355711.47,355406.09,0,0,0,0,0,4,LOW
TXN000342,2024-05-20,13,PAYMENT,971.39,MX,2959.86,1988.47,0,0,0,0,0,0,LOW
TXN000343,2024-07-09,3,CASH_OUT,10588.19,RU,206634.54,196046.35,0,1,0,1,1,92,HIGH
TXN000344,2024-03-03,13,PAYMENT,334.46,US,158022.64,157688.18,0,0,0,0,0,3,LOW
TXN000345,2024-03-19,17,CASH_OUT,4049.13,CN,177859.53,173810.4,0,0,0,0,0,1,LOW
TXN000346,2024-01-12,20,PAYMENT,5063.4,DE,84906.11,79842.71,0,0,0,0,0,4,LOW
TXN000347,2024-01-27,15,DEBIT,1747.01,RU,127741.64,125994.63,0,0,0,1,0,33,LOW
TXN000348,2024-04-08,10,CASH_OUT,11538.17,UK,143355.03,131816.86,0,0,0,0,0,19,LOW
TXN000349,2024-03-14,11,TRANSFER,160.31,US,207483.85,207323.54,0,0,0,0,0,5,LOW
TXN000350,2024-05-17,20,CASH_OUT,4602.12,UK,349346.44,344744.32,0,0,0,0,0,0,LOW
TXN000351,2024-11-14,9,TRANSFER,6877.76,UK,473138.49,466260.73,0,0,0,0,0,0,LOW
TXN000352,2024-02-06,7,PAYMENT,928.25,CN,417244.8,416316.55,0,0,0,0,0,0,LOW
TXN000353,2024-07-13,19,CASH_IN,243.63,DE,308981.46,309225.09,0,0,0,0,0,5,LOW
TXN000354,2024-05-24,10,CASH_OUT,3152.37,UK,77545.74,74393.37,0,0,0,0,0,2,LOW
TXN000355,2024-05-29,17,TRANSFER,2051.94,NG,138792.95,136741.01,0,0,0,1,0,32,LOW
TXN000356,2024-12-18,8,PAYMENT,1099.71,US,304172.26,303072.55,0,0,0,0,0,2,LOW
TXN000357,2024-01-17,16,DEBIT,305.04,CN,333888.3,333583.26,0,0,0,0,0,3,LOW
TXN000358,2024-11-07,13,DEBIT,19980.72,DE,154372.98,134392.26,0,0,0,0,0,4,LOW
TXN000359,2024-04-12,17,CASH_IN,5539.42,US,125085.22,130624.64,0,0,0,0,0,3,LOW
TXN000360,2024-04-24,14,PAYMENT,3054.62,MX,442686.05,439631.43,0,0,0,0,0,2,LOW
TXN000361,2024-06-10,15,CASH_OUT,246.52,US,441346.22,441099.7,0,0,0,0,0,1,LOW
TXN000362,2024-05-03,9,PAYMENT,274.86,IR,248571.14,248296.28,0,0,0,1,0,35,LOW
TXN000363,2024-02-04,14,TRANSFER,624.95,UK,299485.77,298860.82,0,0,0,0,0,2,LOW
TXN000364,2024-07-06,11,CASH_OUT,7087.33,DE,23194.35,16107.02,0,0,0,0,0,5,LOW
TXN000365,2024-06-19,10,DEBIT,3341.97,IR,39945.82,36603.85,0,0,0,1,0,30,LOW
TXN000366,2024-07-27,7,TRANSFER,1596.55,IR,91080.15,89483.6,0,0,0,1,0,34,LOW
TXN000367,2024-11-15,14,TRANSFER,4317.69,DE,98214.75,93897.06,0,0,0,0,0,1,LOW
TXN000368,2024-11-05,11,TRANSFER,144.16,US,35549.25,35405.09,0,0,0,0,0,0,LOW
TXN000369,2024-09-18,15,PAYMENT,1897.2,RU,62579.68,60682.48,0,0,0,1,0,31,LOW
TXN000370,2024-04-28,8,TRANSFER,284.21,US,170907.13,170622.92,0,0,0,0,0,2,LOW
TXN000371,2024-07-24,12,TRANSFER,2657.0,US,120155.05,117498.05,0,0,0,0,0,5,LOW
TXN000372,2024-01-11,20,CASH_OUT,3883.01,US,448429.19,444546.18,0,0,0,0,0,0,LOW
TXN000373,2024-05-20,10,PAYMENT,1516.96,US,408141.62,406624.66,0,0,0,0,0,5,LOW
TXN000374,2024-08-12,17,CASH_OUT,3528.4,RU,17496.0,13967.6,0,0,0,1,0,30,LOW
TXN000375,2024-08-24,11,CASH_OUT,1537.64,UK,290021.15,288483.51,0,0,0,0,0,2,LOW
TXN000376,2024-05-08,16,CASH_IN,3938.67,RU,141763.44,145702.11,0,0,0,1,0,35,LOW
TXN000377,2024-02-24,18,CASH_OUT,1437.63,MX,264588.91,263151.28,0,0,0,0,0,1,LOW
TXN000378,2024-06-09,17,TRANSFER,1228.74,US,267647.61,266418.87,0,0,0,0,0,0,LOW
TXN000379,2024-01-28,18,DEBIT,609.19,IR,3552.12,2942.93,0,0,0,1,0,35,LOW
TXN000380,2024-10-23,18,TRANSFER,238.34,NG,228450.14,228211.8,0,0,0,1,0,31,LOW
TXN000381,2024-07-31,17,CASH_IN,306.6,NG,242519.87,242826.47,0,0,0,1,0,35,LOW
TXN000382,2024-09-15,10,CASH_OUT,3510.08,IR,240477.33,236967.25,0,0,0,1,0,31,LOW
TXN000383,2024-09-25,10,DEBIT,3024.48,US,190695.88,187671.4,0,0,0,0,0,2,LOW
TXN000384,2024-04-28,4,CASH_OUT,21985.42,DE,236762.01,214776.59,0,0,0,0,1,35,LOW
TXN000385,2024-02-17,8,CASH_OUT,2672.77,RU,54102.63,51429.86,0,0,0,1,0,31,LOW
TXN000386,2024-11-22,14,TRANSFER,451.5,UK,422178.23,421726.73,0,0,0,0,0,1,LOW
TXN000387,2024-01-11,18,CASH_IN,6129.81,UK,272411.16,278540.97,0,0,0,0,0,2,LOW
TXN000388,2024-01-27,15,CASH_IN,2302.35,UK,29981.29,32283.64,0,0,0,0,0,5,LOW
TXN000389,2024-01-02,11,PAYMENT,4596.99,US,266757.57,262160.58,0,0,0,0,0,2,LOW
TXN000390,2024-11-24,18,CASH_OUT,1078.69,US,200769.51,199690.82,0,0,0,0,0,2,LOW
TXN000391,2024-05-28,18,DEBIT,2211.93,RU,83184.03,80972.1,0,0,0,1,0,34,LOW
TXN000392,2024-01-12,14,DEBIT,2723.9,US,206931.19,204207.29,0,0,0,0,0,3,LOW
TXN000393,2024-06-12,7,CASH_IN,7355.89,RU,407179.17,414535.06,0,0,0,1,0,34,LOW
TXN000394,2024-08-04,14,CASH_OUT,1464.58,US,153281.17,151816.59,0,0,0,0,0,0,LOW
TXN000395,2024-11-28,8,TRANSFER,328.75,US,363564.19,363235.44,0,0,0,0,0,4,LOW
TXN000396,2024-11-22,17,DEBIT,561.0,US,412980.18,412419.18,0,0,0,0,0,3,LOW
TXN000397,2024-10-27,11,CASH_IN,7839.77,US,432080.96,439920.73,0,0,0,0,0,2,LOW
TXN000398,2024-08-07,14,PAYMENT,1825.52,RU,396546.33,394720.81,0,0,0,1,0,31,LOW
TXN000399,2024-01-29,9,DEBIT,3793.04,US,165621.75,161828.71,0,0,0,0,0,5,LOW
TXN000400,2024-03-07,21,CASH_IN,3454.04,US,427317.23,430771.27,0,0,0,0,0,2,LOW
TXN000401,2024-01-21,16,CASH_OUT,4279.69,US,479932.37,475652.68,0,0,0,0,0,4,LOW
TXN000402,2024-06-06,8,PAYMENT,8700.93,UK,302047.26,293346.33,0,0,0,0,0,1,LOW
TXN000403,2024-01-30,13,TRANSFER,1944.88,MX,393467.32,391522.44,0,0,0,0,0,4,LOW
TXN000404,2024-01-24,17,TRANSFER,6251.43,US,285530.59,279279.16,0,0,0,0,0,2,LOW
TXN000405,2024-02-29,23,CASH_OUT,10041.96,RU,15276.0,5234.04,0,1,0,1,1,91,HIGH
TXN000406,2024-02-07,7,TRANSFER,3911.93,IR,369400.34,365488.41,0,0,0,1,0,32,LOW
TXN000407,2024-12-29,21,DEBIT,1526.52,MX,115973.09,114446.57,0,0,0,0,0,2,LOW
TXN000408,2024-02-25,15,CASH_IN,13335.3,US,326606.48,339941.78,0,0,0,0,0,0,LOW
TXN000409,2024-06-09,14,TRANSFER,2872.56,US,56456.03,53583.47,0,0,0,0,0,0,LOW
TXN000410,2024-11-08,3,TRANSFER,23528.43,RU,26564.1,3035.67,0,1,0,1,1,92,HIGH
TXN000411,2024-07-26,20,CASH_OUT,642.95,US,235554.5,234911.55,0,0,0,0,0,0,LOW
TXN000412,2024-12-02,15,CASH_IN,1265.22,DE,343793.24,345058.46,0,0,0,0,0,5,LOW
TXN000413,2024-05-14,9,TRANSFER,2531.3,US,150154.69,147623.39,0,0,0,0,0,5,LOW
TXN000414,2024-02-26,13,DEBIT,390.27,US,332579.77,332189.5,0,0,0,0,0,5,LOW
TXN000415,2024-08-21,7,TRANSFER,834.26,NG,336804.85,335970.59,0,0,0,1,0,31,LOW
TXN000416,2024-01-13,21,PAYMENT,8083.7,US,202340.71,194257.01,0,0,0,0,0,3,LOW
TXN000417,2024-10-28,7,CASH_IN,2094.66,DE,370072.4,372167.06,0,0,0,0,0,2,LOW
TXN000418,2024-07-12,8,TRANSFER,1493.46,RU,192056.88,190563.42,0,0,0,1,0,30,LOW
TXN000419,2024-09-08,14,DEBIT,2834.94,UK,387469.48,384634.54,0,0,0,0,0,4,LOW
TXN000420,2024-10-16,8,TRANSFER,1422.87,IR,216199.51,214776.64,0,0,0,1,0,34,LOW
TXN000421,2024-12-02,16,PAYMENT,4192.52,CN,16547.6,12355.08,0,0,0,0,0,2,LOW
TXN000422,2024-07-25,13,PAYMENT,1959.46,NG,217625.9,215666.44,0,0,0,1,0,30,LOW
TXN000423,2024-08-23,12,PAYMENT,1875.59,US,213969.7,212094.11,0,0,0,0,0,5,LOW
TXN000424,2024-07-02,9,CASH_IN,1272.96,US,110054.0,111326.96,0,0,0,0,0,0,LOW
TXN000425,2024-12-16,10,CASH_OUT,1896.51,IR,354905.51,353009.0,0,0,0,1,0,32,LOW
TXN000426,2024-12-06,9,PAYMENT,362.64,US,365239.64,364877.0,0,0,0,0,0,4,LOW
TXN000427,2024-09-05,8,TRANSFER,2222.0,US,121447.84,119225.84,0,0,0,0,0,3,LOW
TXN000428,2024-11-14,7,TRANSFER,1263.72,UK,461965.88,460702.16,0,0,0,0,0,3,LOW
TXN000429,2024-06-16,15,DEBIT,3578.22,UK,446417.01,442838.79,0,0,0,0,0,3,LOW
TXN000430,2024-10-31,11,CASH_OUT,1841.87,UK,352032.6,350190.73,0,0,0,0,0,1,LOW
TXN000431,2024-11-21,12,CASH_OUT,9793.02,DE,170810.42,161017.4,0,0,0,0,0,2,LOW
TXN000432,2024-09-28,13,CASH_OUT,3716.37,US,167488.55,163772.18,0,0,0,0,0,1,LOW
TXN000433,2024-12-02,20,TRANSFER,173.5,NG,156609.18,156435.68,0,0,0,1,0,34,LOW
TXN000434,2024-08-07,12,TRANSFER,4827.75,US,136063.1,131235.35,0,0,0,0,0,0,LOW
TXN000435,2024-04-20,17,CASH_IN,3539.91,MX,247563.26,251103.17,0,0,0,0,0,5,LOW
TXN000436,2024-03-25,17,PAYMENT,2365.85,NG,28172.55,25806.7,0,0,0,1,0,30,LOW
TXN000437,2024-10-15,14,CASH_OUT,11576.44,US,446205.91,434629.47,0,0,0,0,0,16,LOW
TXN000438,2024-11-01,17,PAYMENT,381.48,US,61754.09,61372.61,0,0,0,0,0,4,LOW
TXN000439,2024-05-19,16,CASH_OUT,1580.67,RU,365717.67,364137.0,0,0,0,1,0,30,LOW
TXN000440,2024-08-24,13,CASH_OUT,851.85,UK,373286.97,372435.12,0,0,0,0,0,5,LOW
TXN000441,2024-10-06,15,CASH_IN,8330.52,CN,175195.28,183525.8,0,0,0,0,0,5,LOW
TXN000442,2024-10-05,12,DEBIT,860.17,RU,240531.43,239671.26,0,0,0,1,0,30,LOW
TXN000443,2024-02-16,18,CASH_OUT,2592.94,US,392908.37,390315.43,0,0,0,0,0,5,LOW
TXN000444,2024-06-12,21,CASH_OUT,1916.95,MX,78111.03,76194.08,0,0,0,0,0,5,LOW
TXN000445,2024-10-31,19,PAYMENT,101.75,IR,115481.48,115379.73,0,0,0,1,0,33,LOW
TXN000446,2024-12-26,9,PAYMENT,2207.97,RU,486183.39,483975.42,0,0,0,1,0,30,LOW
TXN000447,2024-11-28,15,CASH_IN,4546.08,CN,309367.8,313913.88,0,0,0,0,0,4,LOW
TXN000448,2024-11-15,18,TRANSFER,3343.5,MX,463621.73,460278.23,0,0,0,0,0,0,LOW
TXN000449,2024-12-16,19,CASH_IN,4695.15,US,382515.4,387210.55,0,0,0,0,0,3,LOW
TXN000450,2024-11-11,18,DEBIT,4958.19,NG,151928.89,146970.7,0,0,0,1,0,31,LOW
TXN000451,2024-09-17,18,CASH_IN,3884.93,US,236359.74,240244.67,0,0,0,0,0,0,LOW
TXN000452,2024-04-25,3,TRANSFER,76485.91,IR,70202.16,0.0,0,1,0,1,1,100,HIGH
TXN000453,2024-08-12,21,TRANSFER,6095.26,US,126534.68,120439.42,0,0,0,0,0,3,LOW
TXN000454,2024-06-06,14,PAYMENT,542.03,MX,134695.58,134153.55,0,0,0,0,0,1,LOW
TXN000455,2024-04-20,21,PAYMENT,3891.08,UK,431145.54,427254.46,0,0,0,0,0,5,LOW
TXN000456,2024-05-14,13,CASH_OUT,3176.31,MX,184227.36,181051.05,0,0,0,0,0,1,LOW
TXN000457,2024-05-30,19,CASH_OUT,386.93,US,321385.93,320999.0,0,0,0,0,0,4,LOW
TXN000458,2024-01-08,7,CASH_IN,7256.34,RU,436640.58,443896.92,0,0,0,1,0,31,LOW
TXN000459,2024-04-05,7,CASH_OUT,2083.74,DE,380287.12,378203.38,0,0,0,0,0,0,LOW
TXN000460,2024-04-20,19,TRANSFER,1222.54,US,399230.56,398008.02,0,0,0,0,0,2,LOW
TXN000461,2024-08-09,20,TRANSFER,1423.18,US,472328.15,470904.97,0,0,0,0,0,4,LOW
TXN000462,2024-05-26,12,DEBIT,2182.23,US,200529.51,198347.28,0,0,0,0,0,4,LOW
TXN000463,2024-03-22,15,PAYMENT,633.23,NG,100813.15,100179.92,0,0,0,1,0,34,LOW
TXN000464,2024-03-23,19,CASH_IN,726.08,CN,190158.74,190884.82,0,0,0,0,0,1,LOW
TXN000465,2024-12-16,10,DEBIT,4578.5,US,278298.97,273720.47,0,0,0,0,0,5,LOW
TXN000466,2024-03-12,7,TRANSFER,12456.5,US,446656.18,434199.68,0,0,0,0,0,17,LOW
TXN000467,2024-03-19,8,PAYMENT,2920.29,UK,286336.05,283415.76,0,0,0,0,0,5,LOW
TXN000468,2024-10-21,18,TRANSFER,326.28,US,408092.33,407766.05,0,0,0,0,0,3,LOW
TXN000469,2024-12-06,20,DEBIT,7618.6,UK,296479.72,288861.12,0,0,0,0,0,2,LOW
TXN000470,2024-12-15,9,CASH_IN,3850.88,IR,50274.65,54125.53,0,0,0,1,0,32,LOW
TXN000471,2024-10-14,13,CASH_OUT,659.24,UK,363557.32,362898.08,0,0,0,0,0,5,LOW
TXN000472,2024-07-20,13,CASH_OUT,301.63,IR,146489.27,146187.64,0,0,0,1,0,33,LOW
TXN000473,2024-07-22,21,CASH_IN,63.69,US,484819.62,484883.31,0,0,0,0,0,4,LOW
TXN000474,2024-04-11,9,DEBIT,32.23,DE,338904.43,338872.2,0,0,0,0,0,2,LOW
TXN000475,2024-08-17,17,DEBIT,3371.35,UK,339954.79,336583.44,0,0,0,0,0,3,LOW
TXN000476,2024-11-22,16,DEBIT,7785.54,MX,453160.38,445374.84,0,0,0,0,0,5,LOW
TXN000477,2024-04-01,13,CASH_OUT,3749.62,MX,465844.29,462094.67,0,0,0,0,0,5,LOW
TXN000478,2024-02-22,20,TRANSFER,848.45,US,343046.02,342197.57,0,0,0,0,0,3,LOW
TXN000479,2024-05-12,12,DEBIT,3682.27,US,394202.45,390520.18,0,0,0,0,0,2,LOW
TXN000480,2024-10-17,12,DEBIT,4439.66,NG,434080.12,429640.46,0,0,0,1,0,31,LOW
TXN000481,2024-10-21,19,CASH_IN,1853.79,NG,143489.4,145343.19,0,0,0,1,0,34,LOW
TXN000482,2024-06-15,18,DEBIT,1908.57,US,63749.64,61841.07,0,0,0,0,0,5,LOW
TXN000483,2024-03-05,20,TRANSFER,6811.58,MX,317183.1,310371.52,0,0,0,0,0,5,LOW
TXN000484,2024-06-18,8,DEBIT,1977.62,US,61351.58,59373.96,0,0,0,0,0,3,LOW
TXN000485,2024-10-05,15,PAYMENT,9762.21,RU,225628.69,215866.48,0,0,0,1,0,34,LOW
TXN000486,2024-07-08,8,DEBIT,1946.55,UK,324776.51,322829.96,0,0,0,0,0,3,LOW
TXN000487,2024-03-24,15,TRANSFER,6859.72,US,219202.68,212342.96,0,0,0,0,0,1,LOW
TXN000488,2024-12-21,11,CASH_OUT,1080.86,US,103822.84,102741.98,0,0,0,0,0,2,LOW
TXN000489,2024-12-29,11,CASH_OUT,2005.98,CN,411101.78,409095.8,0,0,0,0,0,2,LOW
TXN000490,2024-01-17,17,CASH_OUT,1066.64,US,203492.63,202425.99,0,0,0,0,0,5,LOW
TXN000491,2024-10-29,18,DEBIT,1330.09,DE,488787.67,487457.58,0,0,0,0,0,5,LOW
TXN000492,2024-06-17,13,DEBIT,2622.2,US,330001.08,327378.88,0,0,0,0,0,5,LOW
TXN000493,2024-08-27,14,TRANSFER,6042.93,UK,321277.99,315235.06,0,0,0,0,0,3,LOW
TXN000494,2024-12-15,9,TRANSFER,1701.8,DE,292314.83,290613.03,0,0,0,0,0,5,LOW
TXN000495,2024-11-12,11,PAYMENT,7378.33,UK,141158.92,133780.59,0,0,0,0,0,5,LOW
TXN000496,2024-07-16,21,TRANSFER,1751.23,MX,130469.09,128717.86,0,0,0,0,0,1,LOW
TXN000497,2024-11-18,15,PAYMENT,5091.23,RU,469142.03,464050.8,0,0,0,1,0,31,LOW
TXN000498,2024-04-15,14,PAYMENT,2472.17,US,371346.09,368873.92,0,0,0,0,0,2,LOW
TXN000499,2024-10-24,19,PAYMENT,3683.16,US,282842.05,279158.89,0,0,0,0,0,5,LOW
TXN000500,2024-11-22,11,CASH_OUT,190.36,US,316684.34,316493.98,0,0,0,0,0,5,LOW
TXN000501,2024-11-27,20,CASH_OUT,6066.03,US,57458.71,51392.68,0,0,0,0,0,0,LOW
TXN000502,2024-06-13,14,CASH_IN,961.66,DE,222514.17,223475.83,0,0,0,0,0,4,LOW
TXN000503,2024-06-25,9,TRANSFER,713.74,US,250050.47,249336.73,0,0,0,0,0,5,LOW
TXN000504,2024-09-08,18,CASH_OUT,1784.0,IR,343190.98,341406.98,0,0,0,1,0,35,LOW
TXN000505,2024-12-20,15,PAYMENT,413.82,MX,369755.36,369341.54,0,0,0,0,0,3,LOW
TXN000506,2024-05-03,18,PAYMENT,3786.29,UK,265322.37,261536.08,0,0,0,0,0,5,LOW
TXN000507,2024-06-26,15,CASH_OUT,189.95,UK,214318.27,214128.32,0,0,0,0,0,1,LOW
TXN000508,2024-02-04,14,CASH_IN,1732.2,UK,493584.64,495316.84,0,0,0,0,0,1,LOW
TXN000509,2024-06-24,9,TRANSFER,7252.15,MX,330892.67,323640.52,0,0,0,0,0,4,LOW
TXN000510,2024-05-20,15,CASH_OUT,11371.82,NG,62672.63,51300.81,0,0,0,1,0,35,LOW
TXN000511,2024-02-05,3,TRANSFER,30748.84,UK,245944.05,215195.21,0,1,0,0,1,60,MEDIUM
TXN000512,2024-06-19,17,CASH_IN,1731.41,DE,147731.82,149463.23,0,0,0,0,0,0,LOW
TXN000513,2024-08-29,17,DEBIT,5606.07,UK,299861.79,294255.72,0,0,0,0,0,0,LOW
TXN000514,2024-11-05,18,DEBIT,2574.84,US,9025.6,6450.76,0,0,0,0,0,3,LOW
TXN000515,2024-04-07,16,DEBIT,3266.31,DE,399438.9,396172.59,0,0,0,0,0,5,LOW
TXN000516,2024-06-29,17,DEBIT,483.31,US,245217.02,244733.71,0,0,0,0,0,2,LOW
TXN000517,2024-02-13,10,CASH_IN,4962.63,MX,156078.72,161041.35,0,0,0,0,0,4,LOW
TXN000518,2024-03-25,16,PAYMENT,1531.65,US,168122.03,166590.38,0,0,0,0,0,4,LOW
TXN000519,2024-07-28,16,DEBIT,9588.09,US,225803.77,216215.68,0,0,0,0,0,5,LOW
TXN000520,2024-01-04,2,CASH_OUT,16895.61,US,219411.92,202516.31,0,1,0,0,1,60,MEDIUM
TXN000521,2024-07-27,10,CASH_OUT,6454.27,MX,370498.3,364044.03,0,0,0,0,0,4,LOW
TXN000522,2024-04-29,14,PAYMENT,5739.1,NG,349798.88,344059.78,0,0,0,1,0,32,LOW
TXN000523,2024-08-23,7,CASH_OUT,7241.2,US,177892.31,170651.11,0,0,0,0,0,1,LOW
TXN000524,2024-12-17,1,CASH_OUT,10006.64,UK,290677.13,280670.49,0,0,0,0,1,35,LOW
TXN000525,2024-07-14,13,CASH_OUT,2607.89,IR,461840.94,459233.05,0,0,0,1,0,33,LOW
TXN000526,2024-07-28,9,PAYMENT,1110.85,IR,449178.05,448067.2,0,0,0,1,0,32,LOW
TXN000527,2024-07-27,13,DEBIT,2347.14,UK,108611.42,106264.28,0,0,0,0,0,1,LOW
TXN000528,2024-10-21,9,CASH_OUT,21.71,US,55212.5,55190.79,0,0,0,0,0,3,LOW
TXN000529,2024-01-07,17,CASH_OUT,9134.92,IR,63877.58,54742.66,0,0,0,1,0,35,LOW
TXN000530,2024-12-13,4,TRANSFER,52263.01,RU,25085.16,0.0,0,1,0,1,1,100,HIGH
TXN000531,2024-07-09,10,DEBIT,4618.28,RU,72343.42,67725.14,0,0,0,1,0,30,LOW
TXN000532,2024-06-30,7,DEBIT,2919.45,UK,302192.8,299273.35,0,0,0,0,0,3,LOW
TXN000533,2024-01-24,19,PAYMENT,3159.02,UK,385070.44,381911.42,0,0,0,0,0,4,LOW
TXN000534,2024-10-01,10,CASH_OUT,535.39,DE,272003.59,271468.2,0,0,0,0,0,5,LOW
TXN000535,2024-12-14,17,CASH_OUT,2969.37,US,210174.96,207205.59,0,0,0,0,0,4,LOW
TXN000536,2024-03-21,18,CASH_IN,2425.73,US,32209.75,34635.48,0,0,0,0,0,5,LOW
TXN000537,2024-01-03,14,PAYMENT,6470.0,UK,423492.83,417022.83,0,0,0,0,0,1,LOW
TXN000538,2024-11-14,11,PAYMENT,5498.96,US,146125.75,140626.79,0,0,0,0,0,4,LOW
TXN000539,2024-08-20,8,PAYMENT,6621.85,CN,184355.97,177734.12,0,0,0,0,0,5,LOW
TXN000540,2024-05-08,7,DEBIT,7364.03,MX,47237.12,39873.09,0,0,0,0,0,5,LOW
TXN000541,2024-11-18,10,CASH_OUT,5679.55,US,174716.98,169037.43,0,0,0,0,0,5,LOW
TXN000542,2024-02-18,8,TRANSFER,2541.64,IR,327965.05,325423.41,0,0,0,1,0,31,LOW
TXN000543,2024-07-03,19,DEBIT,729.14,CN,78202.73,77473.59,0,0,0,0,0,2,LOW
TXN000544,2024-10-01,16,TRANSFER,2914.01,NG,126657.34,123743.33,0,0,0,1,0,32,LOW
TXN000545,2024-06-06,8,TRANSFER,2015.12,UK,443893.18,441878.06,0,0,0,0,0,0,LOW
TXN000546,2024-01-27,18,PAYMENT,3014.27,US,261833.93,258819.66,0,0,0,0,0,3,LOW
TXN000547,2024-07-19,12,CASH_IN,1047.35,US,362871.49,363918.84,0,0,0,0,0,1,LOW
TXN000548,2024-03-01,11,DEBIT,1694.83,NG,210605.55,208910.72,0,0,0,1,0,34,LOW
TXN000549,2024-08-21,12,CASH_OUT,5719.97,US,71002.64,65282.67,0,0,0,0,0,0,LOW
TXN000550,2024-06-04,1,TRANSFER,17835.24,CN,116544.23,98708.99,0,0,0,0,1,40,MEDIUM
TXN000551,2024-07-25,16,PAYMENT,4763.47,RU,33878.23,29114.76,0,0,0,1,0,30,LOW
TXN000552,2024-02-18,21,CASH_IN,600.5,IR,135564.58,136165.08,0,0,0,1,0,32,LOW
TXN000553,2024-03-17,17,CASH_IN,2554.91,NG,114769.16,117324.07,0,0,0,1,0,31,LOW
TXN000554,2024-01-28,19,DEBIT,3760.84,DE,151546.96,147786.12,0,0,0,0,0,2,LOW
TXN000555,2024-01-02,18,CASH_IN,5178.12,NG,173818.68,178996.8,0,0,0,1,0,35,LOW
TXN000556,2024-08-25,14,CASH_OUT,4054.54,CN,328175.26,324120.72,0,0,0,0,0,1,LOW
TXN000557,2024-07-07,8,CASH_IN,3861.08,NG,283115.46,286976.54,0,0,0,1,0,34,LOW
TXN000558,2024-01-11,11,CASH_IN,4128.91,DE,348009.64,352138.55,0,0,0,0,0,4,LOW
TXN000559,2024-06-11,9,CASH_IN,4155.51,US,378455.46,382610.97,0,0,0,0,0,5,LOW
TXN000560,2024-02-13,21,TRANSFER,1037.49,UK,447803.69,446766.2,0,0,0,0,0,4,LOW
TXN000561,2024-12-18,12,TRANSFER,1520.55,US,5549.42,4028.87,0,0,0,0,0,2,LOW
TXN000562,2024-09-09,15,DEBIT,1866.6,DE,238172.85,236306.25,0,0,0,0,0,2,LOW
TXN000563,2024-11-07,8,CASH_IN,3318.8,US,105818.68,109137.48,0,0,0,0,0,2,LOW
TXN000564,2024-07-02,8,PAYMENT,209.73,US,15105.79,14896.06,0,0,0,0,0,0,LOW
TXN000565,2024-10-11,20,PAYMENT,4168.47,MX,453617.26,449448.79,0,0,0,0,0,0,LOW
TXN000566,2024-10-05,11,TRANSFER,975.17,CN,447003.57,446028.4,0,0,0,0,0,4,LOW
TXN000567,2024-06-21,20,TRANSFER,3682.67,US,128991.45,125308.78,0,0,0,0,0,5,LOW
TXN000568,2024-06-08,13,DEBIT,5022.75,UK,370281.51,365258.76,0,0,0,0,0,1,LOW
TXN000569,2024-07-21,21,CASH_OUT,923.96,MX,214391.89,213467.93,0,0,0,0,0,5,LOW
TXN000570,2024-05-26,15,CASH_IN,438.48,NG,355831.76,356270.24,0,0,0,1,0,34,LOW
TXN000571,2024-04-21,11,PAYMENT,2023.96,MX,233402.34,231378.38,0,0,0,0,0,5,LOW
TXN000572,2024-10-17,11,PAYMENT,1238.71,RU,408316.64,407077.93,0,0,0,1,0,35,LOW
TXN000573,2024-12-26,8,PAYMENT,3041.63,US,42583.69,39542.06,0,0,0,0,0,4,LOW
TXN000574,2024-06-06,4,CASH_OUT,58854.49,RU,456276.16,397421.67,0,0,0,1,1,95,HIGH
TXN000575,2024-03-29,7,DEBIT,782.49,RU,333954.73,333172.24,0,0,0,1,0,34,LOW
TXN000576,2024-09-29,11,TRANSFER,12093.21,MX,293821.78,281728.57,0,0,0,0,0,16,LOW
TXN000577,2024-12-09,21,TRANSFER,1265.33,DE,347071.9,345806.57,0,0,0,0,0,2,LOW
TXN000578,2024-06-11,17,CASH_IN,5543.36,DE,355915.65,361459.01,0,0,0,0,0,3,LOW
TXN000579,2024-09-20,15,DEBIT,8405.69,DE,232049.26,223643.57,0,0,0,0,0,3,LOW
TXN000580,2024-10-17,15,PAYMENT,1064.59,UK,23949.88,22885.29,0,0,0,0,0,0,LOW
TXN000581,2024-11-11,21,DEBIT,423.0,US,491269.02,490846.02,0,0,0,0,0,2,LOW
TXN000582,2024-04-02,12,TRANSFER,682.15,US,107415.45,106733.3,0,0,0,0,0,4,LOW
TXN000583,2024-04-09,8,CASH_IN,11347.52,UK,99299.78,110647.3,0,0,0,0,0,3,LOW
TXN000584,2024-05-08,21,CASH_OUT,4689.95,US,197328.56,192638.61,0,0,0,0,0,3,LOW
TXN000585,2024-11-27,17,CASH_IN,24.52,US,233516.65,233541.17,0,0,0,0,0,2,LOW
TXN000586,2024-12-30,11,CASH_IN,10770.88,CN,234598.7,245369.58,0,0,0,0,0,4,LOW
TXN000587,2024-04-04,13,CASH_IN,628.14,CN,82976.2,83604.34,0,0,0,0,0,3,LOW
TXN000588,2024-05-13,3,CASH_OUT,159095.0,DE,173.77,0.0,0,1,0,0,1,88,HIGH
TXN000589,2024-08-02,12,DEBIT,758.95,UK,35196.62,34437.67,0,0,0,0,0,1,LOW
TXN000590,2024-03-28,9,CASH_IN,9315.68,US,114076.7,123392.38,0,0,0,0,0,5,LOW
TXN000591,2024-10-17,9,CASH_IN,8955.86,US,323555.64,332511.5,0,0,0,0,0,4,LOW
TXN000592,2024-07-12,7,CASH_OUT,3496.71,DE,219009.3,215512.59,0,0,0,0,0,4,LOW
TXN000593,2024-05-22,16,TRANSFER,2466.92,CN,173650.08,171183.16,0,0,0,0,0,1,LOW
TXN000594,2024-04-03,18,PAYMENT,4861.41,DE,75337.13,70475.72,0,0,0,0,0,0,LOW
TXN000595,2024-03-13,7,CASH_IN,3712.36,RU,30204.25,33916.61,0,0,0,1,0,31,LOW
TXN000596,2024-09-07,7,PAYMENT,1139.53,NG,420520.04,419380.51,0,0,0,1,0,35,LOW
TXN000597,2024-12-06,12,TRANSFER,1863.6,IR,182761.72,180898.12,0,0,0,1,0,33,LOW
TXN000598,2024-07-10,13,CASH_IN,1896.68,DE,24903.83,26800.51,0,0,0,0,0,4,LOW
TXN000599,2024-07-14,19,TRANSFER,1402.8,RU,238528.82,237126.02,0,0,0,1,0,30,LOW
TXN000600,2024-04-18,8,CASH_IN,1178.6,US,261215.04,262393.64,0,0,0,0,0,0,LOW
TXN000601,2024-10-02,18,TRANSFER,5268.5,MX,55911.86,50643.36,0,0,0,0,0,3,LOW
TXN000602,2024-02-11,16,DEBIT,1274.53,UK,315881.05,314606.52,0,0,0,0,0,3,LOW
TXN000603,2024-11-28,7,TRANSFER,1665.81,MX,123303.54,121637.73,0,0,0,0,0,0,LOW
TXN000604,2024-02-27,18,PAYMENT,6992.08,US,301950.39,294958.31,0,0,0,0,0,4,LOW
TXN000605,2024-06-13,17,CASH_OUT,3343.96,US,101379.29,98035.33,0,0,0,0,0,0,LOW
TXN000606,2024-08-14,12,CASH_IN,6078.39,RU,298591.59,304669.98,0,0,0,1,0,33,LOW
TXN000607,2024-03-08,10,CASH_OUT,2146.5,US,321360.98,319214.48,0,0,0,0,0,0,LOW
TXN000608,2024-10-06,18,DEBIT,615.33,CN,399954.1,399338.77,0,0,0,0,0,1,LOW
TXN000609,2024-08-14,12,CASH_IN,3076.12,DE,50220.84,53296.96,0,0,0,0,0,4,LOW
TXN000610,2024-05-09,16,PAYMENT,7128.44,MX,44361.46,37233.02,0,0,0,0,0,5,LOW
TXN000611,2024-01-30,19,DEBIT,183.71,DE,403717.61,403533.9,0,0,0,0,0,4,LOW
TXN000612,2024-05-04,20,PAYMENT,7080.0,US,73756.23,66676.23,0,0,0,0,0,4,LOW
TXN000613,2024-03-12,9,PAYMENT,1644.03,RU,414235.07,412591.04,0,0,0,1,0,35,LOW
TXN000614,2024-05-16,19,CASH_IN,4381.82,RU,463932.98,468314.8,0,0,0,1,0,32,LOW
TXN000615,2024-09-08,11,CASH_IN,20188.29,NG,394975.1,415163.39,0,0,0,1,0,34,LOW
TXN000616,2024-04-05,18,PAYMENT,4297.57,IR,138499.22,134201.65,0,0,0,1,0,35,LOW
TXN000617,2024-08-14,19,DEBIT,2464.41,DE,212657.12,210192.71,0,0,0,0,0,2,LOW
TXN000618,2024-07-30,20,CASH_OUT,8489.68,IR,2400.72,0.0,0,0,0,1,0,34,LOW
TXN000619,2024-08-28,16,PAYMENT,1368.01,IR,109240.17,107872.16,0,0,0,1,0,31,LOW
TXN000620,2024-12-01,15,CASH_IN,4117.74,US,221093.51,225211.25,0,0,0,0,0,1,LOW
TXN000621,2024-09-02,13,TRANSFER,2530.76,DE,18430.42,15899.66,0,0,0,0,0,2,LOW
TXN000622,2024-10-31,17,PAYMENT,2174.06,CN,304564.15,302390.09,0,0,0,0,0,2,LOW
TXN000623,2024-12-06,17,TRANSFER,10291.24,DE,241635.92,231344.68,0,0,0,0,0,15,LOW
TXN000624,2024-01-02,21,CASH_OUT,16968.92,NG,304432.5,287463.58,0,0,0,1,0,35,LOW
TXN000625,2024-03-09,23,CASH_OUT,108756.78,IR,491656.95,382900.17,0,1,0,1,1,100,HIGH
TXN000626,2024-05-29,8,CASH_OUT,2736.06,NG,384034.86,381298.8,0,0,0,1,0,34,LOW
TXN000627,2024-01-27,18,CASH_IN,4864.25,US,291803.29,296667.54,0,0,0,0,0,1,LOW
TXN000628,2024-11-01,20,TRANSFER,24.16,US,268954.95,268930.79,0,0,0,0,0,4,LOW
TXN000629,2024-06-17,12,CASH_OUT,5724.78,US,170197.78,164473.0,0,0,0,0,0,0,LOW
TXN000630,2024-11-14,15,TRANSFER,11423.78,MX,499373.45,487949.67,0,0,0,0,0,20,LOW
TXN000631,2024-03-11,7,PAYMENT,4498.69,IR,34466.9,29968.21,0,0,0,1,0,34,LOW
TXN000632,2024-11-15,11,PAYMENT,7681.18,US,225300.11,217618.93,0,0,0,0,0,2,LOW
TXN000633,2024-12-21,12,PAYMENT,7395.3,US,402159.96,394764.66,0,0,0,0,0,2,LOW
TXN000634,2024-06-21,12,PAYMENT,1966.99,US,295779.85,293812.86,0,0,0,0,0,4,LOW
TXN000635,2024-11-03,17,PAYMENT,77.23,US,6847.1,6769.87,0,0,0,0,0,0,LOW
TXN000636,2024-08-15,10,TRANSFER,1918.84,IR,366425.89,364507.05,0,0,0,1,0,33,LOW
TXN000637,2024-06-03,12,CASH_OUT,5055.15,US,203377.49,198322.34,0,0,0,0,0,0,LOW
TXN000638,2024-07-15,7,CASH_OUT,1360.48,IR,201487.28,200126.8,0,0,0,1,0,34,LOW
TXN000639,2024-05-16,8,CASH_OUT,1697.64,US,388408.27,386710.63,0,0,0,0,0,2,LOW
TXN000640,2024-03-13,19,TRANSFER,4127.85,UK,400764.66,396636.81,0,0,0,0,0,3,LOW
TXN000641,2024-10-15,19,DEBIT,345.44,MX,379962.59,379617.15,0,0,0,0,0,3,LOW
TXN000642,2024-03-20,8,DEBIT,1061.78,UK,455642.16,454580.38,0,0,0,0,0,1,LOW
TXN000643,2024-05-07,13,DEBIT,1162.75,DE,373890.83,372728.08,0,0,0,0,0,2,LOW
TXN000644,2024-12-25,8,PAYMENT,13145.21,MX,441891.46,428746.25,0,0,0,0,0,3,LOW
TXN000645,2024-06-14,8,PAYMENT,1505.08,US,497386.36,495881.28,0,0,0,0,0,1,LOW
TXN000646,2024-07-14,10,CASH_IN,1727.07,CN,8704.54,10431.61,0,0,0,0,0,3,LOW
TXN000647,2024-01-22,11,DEBIT,2705.66,NG,223188.64,220482.98,0,0,0,1,0,30,LOW
TXN000648,2024-11-17,20,CASH_IN,619.56,DE,458341.01,458960.57,0,0,0,0,0,4,LOW
TXN000649,2024-06-13,11,PAYMENT,4357.66,DE,72275.38,67917.72,0,0,0,0,0,4,LOW
TXN000650,2024-02-10,8,CASH_OUT,584.05,NG,301503.29,300919.24,0,0,0,1,0,30,LOW
TXN000651,2024-09-09,10,CASH_IN,5331.86,RU,254359.77,259691.63,0,0,0,1,0,34,LOW
TXN000652,2024-02-22,12,CASH_IN,1037.18,NG,111854.47,112891.65,0,0,0,1,0,34,LOW
TXN000653,2024-02-08,11,CASH_OUT,11817.66,UK,104673.49,92855.83,0,0,0,0,0,19,LOW
TXN000654,2024-02-07,7,CASH_IN,42.8,RU,94162.83,94205.63,0,0,0,1,0,34,LOW
TXN000655,2024-12-23,13,CASH_IN,1143.74,NG,106324.69,107468.43,0,0,0,1,0,33,LOW
TXN000656,2024-04-09,14,PAYMENT,7882.18,US,316047.36,308165.18,0,0,0,0,0,2,LOW
TXN000657,2024-03-14,10,PAYMENT,10287.11,UK,148122.08,137834.97,0,0,0,0,0,0,LOW
TXN000658,2024-07-05,19,DEBIT,1777.7,UK,401183.18,399405.48,0,0,0,0,0,3,LOW
TXN000659,2024-11-28,14,TRANSFER,789.83,IR,499524.18,498734.35,0,0,0,1,0,33,LOW
TXN000660,2024-10-22,18,DEBIT,4015.83,UK,481920.98,477905.15,0,0,0,0,0,4,LOW
TXN000661,2024-01-26,14,PAYMENT,9688.89,CN,65123.99,55435.1,0,0,0,0,0,3,LOW
TXN000662,2024-12-18,13,CASH_IN,3060.72,MX,294821.6,297882.32,0,0,0,0,0,4,LOW
TXN000663,2024-07-16,7,TRANSFER,5939.99,UK,109289.86,103349.87,0,0,0,0,0,5,LOW
TXN000664,2024-04-04,16,DEBIT,6786.53,MX,439682.94,432896.41,0,0,0,0,0,3,LOW
TXN000665,2024-08-13,13,DEBIT,4591.11,NG,344540.03,339948.92,0,0,0,1,0,33,LOW
TXN000666,2024-10-27,15,CASH_OUT,1188.28,US,429777.05,428588.77,0,0,0,0,0,5,LOW
TXN000667,2024-09-08,18,CASH_OUT,31.99,NG,33796.15,33764.16,0,0,0,1,0,33,LOW
TXN000668,2024-10-27,2,CASH_OUT,59483.77,NG,204749.59,145265.82,0,1,0,1,1,100,HIGH
TXN000669,2024-04-21,7,CASH_IN,4170.1,US,93221.0,97391.1,0,0,0,0,0,1,LOW
TXN000670,2024-05-05,17,DEBIT,3242.24,MX,374156.57,370914.33,0,0,0,0,0,2,LOW
TXN000671,2024-12-20,13,DEBIT,2480.75,US,104293.28,101812.53,0,0,0,0,0,2,LOW
TXN000672,2024-02-16,20,TRANSFER,1413.14,UK,156715.61,155302.47,0,0,0,0,0,2,LOW
TXN000673,2024-09-12,14,PAYMENT,1237.68,UK,429854.67,428616.99,0,0,0,0,0,1,LOW
TXN000674,2024-09-29,20,CASH_OUT,2866.57,IR,495075.22,492208.65,0,0,0,1,0,33,LOW
TXN000675,2024-06-20,10,TRANSFER,497.59,DE,40996.27,40498.68,0,0,0,0,0,4,LOW
TXN000676,2024-05-11,12,CASH_IN,14938.34,US,131361.66,146300.0,0,0,0,0,0,3,LOW
TXN000677,2024-03-29,1,TRANSFER,11463.58,NG,166536.55,155072.97,0,1,0,1,1,95,HIGH
TXN000678,2024-08-22,16,PAYMENT,2668.45,DE,71697.75,69029.3,0,0,0,0,0,5,LOW
TXN000679,2024-04-10,13,DEBIT,4132.14,US,203557.37,199425.23,0,0,0,0,0,1,LOW
TXN000680,2024-12-23,17,CASH_IN,10591.0,US,32441.01,43032.01,0,0,0,0,0,5,LOW
TXN000681,2024-12-21,9,TRANSFER,7959.34,MX,149803.09,141843.75,0,0,0,0,0,0,LOW
TXN000682,2024-11-29,16,TRANSFER,13546.67,US,248115.59,234568.92,0,0,0,0,0,16,LOW
TXN000683,2024-11-02,16,CASH_IN,442.72,UK,386291.85,386734.57,0,0,0,0,0,2,LOW
TXN000684,2024-02-02,14,PAYMENT,1957.31,IR,257109.96,255152.65,0,0,0,1,0,32,LOW
TXN000685,2024-10-12,1,TRANSFER,107819.65,MX,484538.59,376718.94,0,1,0,0,1,89,HIGH
TXN000686,2024-04-21,21,PAYMENT,1868.39,US,386195.43,384327.04,0,0,0,0,0,0,LOW
TXN000687,2024-04-07,10,PAYMENT,154.42,US,481042.57,480888.15,0,0,0,0,0,0,LOW
TXN000688,2024-02-12,13,TRANSFER,452.94,DE,379453.28,379000.34,0,0,0,0,0,2,LOW
TXN000689,2024-08-14,17,DEBIT,747.43,RU,429995.27,429247.84,0,0,0,1,0,30,LOW
TXN000690,2024-01-22,3,CASH_OUT,29738.71,RU,438735.78,408997.07,0,0,0,1,1,67,MEDIUM
TXN000691,2024-03-19,11,TRANSFER,3326.41,US,190062.0,186735.59,0,0,0,0,0,5,LOW
TXN000692,2024-03-17,8,PAYMENT,7158.83,CN,382203.6,375044.77,0,0,0,0,0,2,LOW
TXN000693,2024-04-16,10,DEBIT,7457.81,IR,93787.42,86329.61,0,0,0,1,0,31,LOW
TXN000694,2024-10-25,20,CASH_IN,0.84,UK,316543.32,316544.16,0,0,0,0,0,3,LOW
TXN000695,2024-12-19,17,DEBIT,440.34,NG,247646.6,247206.26,0,0,0,1,0,32,LOW
TXN000696,2024-06-25,18,CASH_OUT,5245.72,RU,27257.46,22011.74,0,0,0,1,0,32,LOW
TXN000697,2024-12-15,14,CASH_IN,3186.8,US,301715.36,304902.16,0,0,0,0,0,5,LOW
TXN000698,2024-10-15,8,PAYMENT,1602.38,UK,480839.07,479236.69,0,0,0,0,0,1,LOW
TXN000699,2024-12-22,1,CASH_OUT,36968.83,UK,332909.03,295940.2,0,0,0,0,1,36,LOW
TXN000700,2024-04-20,19,DEBIT,8412.11,RU,128774.57,120362.46,0,0,0,1,0,32,LOW
TXN000701,2024-02-23,21,PAYMENT,2026.02,NG,353360.12,351334.1,0,0,0,1,0,32,LOW
TXN000702,2024-05-06,12,PAYMENT,225.11,US,26724.16,26499.05,0,0,0,0,0,2,LOW
TXN000703,2024-06-12,15,CASH_OUT,2352.06,RU,349688.09,347336.03,0,0,0,1,0,31,LOW
TXN000704,2024-06-14,12,CASH_OUT,185.68,CN,193823.88,193638.2,0,0,0,0,0,5,LOW
TXN000705,2024-05-24,20,CASH_OUT,2186.48,US,71319.27,69132.79,0,0,0,0,0,2,LOW
TXN000706,2024-10-24,10,PAYMENT,3163.94,UK,433757.49,430593.55,0,0,0,0,0,0,LOW
TXN000707,2024-11-01,14,CASH_IN,6318.48,US,235021.59,241340.07,0,0,0,0,0,0,LOW
TXN000708,2024-06-14,10,TRANSFER,1089.96,US,213632.11,212542.15,0,0,0,0,0,2,LOW
TXN000709,2024-10-27,7,CASH_IN,466.64,US,155264.31,155730.95,0,0,0,0,0,0,LOW
TXN000710,2024-11-19,20,CASH_OUT,1470.07,US,371612.24,370142.17,0,0,0,0,0,3,LOW
TXN000711,2024-03-02,13,CASH_IN,3990.51,DE,116280.83,120271.34,0,0,0,0,0,0,LOW
TXN000712,2024-10-09,18,CASH_OUT,2659.69,MX,53665.85,51006.16,0,0,0,0,0,5,LOW
TXN000713,2024-01-03,17,PAYMENT,3874.09,UK,162228.49,158354.4,0,0,0,0,0,5,LOW
TXN000714,2024-09-10,12,CASH_IN,2347.41,DE,322530.06,324877.47,0,0,0,0,0,0,LOW
TXN000715,2024-01-08,7,CASH_IN,1921.34,US,260645.7,262567.04,0,0,0,0,0,0,LOW
TXN000716,2024-11-20,16,CASH_OUT,7792.09,MX,453898.66,446106.57,0,0,0,0,0,4,LOW
TXN000717,2024-05-09,14,CASH_OUT,3635.07,MX,182021.37,178386.3,0,0,0,0,0,5,LOW
TXN000718,2024-02-21,19,TRANSFER,11736.12,RU,392894.24,381158.12,0,0,0,1,0,35,LOW
TXN000719,2024-02-03,11,PAYMENT,3961.24,UK,217131.03,213169.79,0,0,0,0,0,5,LOW
TXN000720,2024-11-16,14,PAYMENT,453.39,DE,456494.41,456041.02,0,0,0,0,0,0,LOW
TXN000721,2024-07-28,20,DEBIT,2560.43,US,53570.06,51009.63,0,0,0,0,0,4,LOW
TXN000722,2024-09-19,17,TRANSFER,204.02,UK,442303.55,442099.53,0,0,0,0,0,5,LOW
TXN000723,2024-03-03,11,CASH_IN,2151.89,IR,96503.35,98655.24,0,0,0,1,0,30,LOW
TXN000724,2024-02-13,11,TRANSFER,186.74,US,488333.91,488147.17,0,0,0,0,0,4,LOW
TXN000725,2024-11-09,21,PAYMENT,5828.78,RU,265341.0,259512.22,0,0,0,1,0,35,LOW
TXN000726,2024-07-04,12,CASH_IN,459.05,UK,315174.8,315633.85,0,0,0,0,0,5,LOW
TXN000727,2024-07-05,1,TRANSFER,41153.68,RU,53193.42,12039.74,0,0,0,1,1,70,HIGH
TXN000728,2024-04-05,21,PAYMENT,2145.35,US,416494.54,414349.19,0,0,0,0,0,5,LOW
TXN000729,2024-03-04,19,TRANSFER,4666.66,US,460057.03,455390.37,0,0,0,0,0,1,LOW
TXN000730,2024-08-17,20,CASH_IN,476.62,NG,352851.42,353328.04,0,0,0,1,0,31,LOW
TXN000731,2024-08-19,2,TRANSFER,23693.54,NG,235799.11,212105.57,0,0,0,1,1,66,MEDIUM
TXN000732,2024-09-03,3,TRANSFER,88293.7,RU,90137.0,1843.3,0,0,0,1,1,94,HIGH
TXN000733,2024-06-11,16,TRANSFER,655.9,US,460527.0,459871.1,0,0,0,0,0,4,LOW
TXN000734,2024-11-17,20,PAYMENT,7969.86,US,181077.7,173107.84,0,0,0,0,0,1,LOW
TXN000735,2024-07-14,7,DEBIT,6076.28,MX,192393.16,186316.88,0,0,0,0,0,0,LOW
TXN000736,2024-07-01,18,CASH_OUT,1536.34,NG,452720.39,451184.05,0,0,0,1,0,30,LOW
TXN000737,2024-06-01,10,TRANSFER,6923.27,US,459499.89,452576.62,0,0,0,0,0,3,LOW
TXN000738,2024-08-28,17,TRANSFER,4380.66,US,25593.04,21212.38,0,0,0,0,0,0,LOW
TXN000739,2024-06-15,19,CASH_IN,10201.13,US,455985.17,466186.3,0,0,0,0,0,2,LOW
TXN000740,2024-01-13,10,CASH_OUT,969.96,US,359897.54,358927.58,0,0,0,0,0,4,LOW
TXN000741,2024-06-18,12,CASH_OUT,6746.9,US,148323.7,141576.8,0,0,0,0,0,1,LOW
TXN000742,2024-06-29,9,DEBIT,12021.07,US,413251.56,401230.49,0,0,0,0,0,4,LOW
TXN000743,2024-02-08,20,CASH_OUT,1922.45,US,4921.66,2999.21,0,0,0,0,0,0,LOW
TXN000744,2024-08-06,18,CASH_OUT,3359.63,DE,274817.51,271457.88,0,0,0,0,0,0,LOW
TXN000745,2024-03-21,10,TRANSFER,14984.92,IR,72969.05,57984.13,0,0,0,1,0,35,LOW
TXN000746,2024-01-26,17,CASH_IN,610.34,US,259372.63,259982.97,0,0,0,0,0,2,LOW
TXN000747,2024-04-08,9,PAYMENT,2236.73,CN,210281.12,208044.39,0,0,0,0,0,3,LOW
TXN000748,2024-07-06,18,DEBIT,4735.9,UK,106975.7,102239.8,0,0,0,0,0,5,LOW
TXN000749,2024-07-18,13,CASH_IN,1533.67,UK,302294.06,303827.73,0,0,0,0,0,4,LOW
TXN000750,2024-09-24,17,CASH_OUT,554.9,CN,403499.63,402944.73,0,0,0,0,0,2,LOW
TXN000751,2024-09-12,21,TRANSFER,3977.83,UK,210363.5,206385.67,0,0,0,0,0,1,LOW
TXN000752,2024-01-26,17,CASH_OUT,6453.83,IR,377551.13,371097.3,0,0,0,1,0,34,LOW
TXN000753,2024-12-05,13,TRANSFER,3931.45,UK,58990.86,55059.41,0,0,0,0,0,1,LOW
TXN000754,2024-09-28,7,DEBIT,8314.62,US,173390.64,165076.02,0,0,0,0,0,0,LOW
TXN000755,2024-05-18,13,CASH_IN,4081.15,NG,443857.13,447938.28,0,0,0,1,0,32,LOW
TXN000756,2024-11-13,16,CASH_OUT,260.69,US,251730.29,251469.6,0,0,0,0,0,0,LOW
TXN000757,2024-12-10,19,CASH_IN,722.51,US,410728.48,411450.99,0,0,0,0,0,4,LOW
TXN000758,2024-04-12,15,PAYMENT,1885.51,CN,398757.56,396872.05,0,0,0,0,0,4,LOW
TXN000759,2024-07-09,13,DEBIT,8390.39,UK,6194.18,0.0,0,0,0,0,0,2,LOW
TXN000760,2024-08-20,16,CASH_IN,5833.32,IR,76922.94,82756.26,0,0,0,1,0,35,LOW
TXN000761,2024-04-28,13,TRANSFER,621.16,US,419353.46,418732.3,0,0,0,0,0,2,LOW
TXN000762,2024-09-25,21,PAYMENT,4984.6,US,196647.36,191662.76,0,0,0,0,0,4,LOW
TXN000763,2024-03-03,13,DEBIT,3016.57,IR,5700.92,2684.35,0,0,0,1,0,30,LOW
TXN000764,2024-03-13,14,PAYMENT,1418.95,CN,451053.22,449634.27,0,0,0,0,0,5,LOW
TXN000765,2024-05-05,4,CASH_OUT,23500.77,DE,93461.24,69960.47,0,0,0,0,1,40,MEDIUM
TXN000766,2024-06-06,7,DEBIT,19.38,US,182389.29,182369.91,0,0,0,0,0,0,LOW
TXN000767,2024-01-24,13,PAYMENT,3412.0,US,115549.49,112137.49,0,0,0,0,0,1,LOW
TXN000768,2024-05-03,17,PAYMENT,1893.06,DE,2178.36,285.3,0,0,0,0,0,3,LOW
TXN000769,2024-04-12,4,TRANSFER,34702.14,MX,444200.27,409498.13,0,0,0,0,1,40,MEDIUM
TXN000770,2024-03-12,20,CASH_OUT,900.07,US,37205.46,36305.39,0,0,0,0,0,1,LOW
TXN000771,2024-09-18,9,TRANSFER,1395.13,DE,82388.53,80993.4,0,0,0,0,0,2,LOW
TXN000772,2024-09-20,14,CASH_OUT,7166.96,US,58120.94,50953.98,0,0,0,0,0,1,LOW
TXN000773,2024-01-04,21,CASH_OUT,734.05,IR,151325.31,150591.26,0,0,0,1,0,34,LOW
TXN000774,2024-11-15,11,CASH_IN,13792.96,US,446907.74,460700.7,0,0,0,0,0,2,LOW
TXN000775,2024-07-05,12,DEBIT,3063.92,US,389170.64,386106.72,0,0,0,0,0,2,LOW
TXN000776,2024-01-16,13,DEBIT,1523.71,NG,18676.87,17153.16,0,0,0,1,0,33,LOW
TXN000777,2024-06-10,20,CASH_IN,2830.9,US,483903.43,486734.33,0,0,0,0,0,0,LOW
TXN000778,2024-11-18,14,TRANSFER,3478.19,US,349948.6,346470.41,0,0,0,0,0,5,LOW
TXN000779,2024-02-04,13,CASH_IN,1089.05,IR,32681.15,33770.2,0,0,0,1,0,32,LOW
TXN000780,2024-10-03,12,CASH_IN,1532.72,US,282499.96,284032.68,0,0,0,0,0,2,LOW
TXN000781,2024-04-13,20,PAYMENT,745.63,RU,429171.22,428425.59,0,0,0,1,0,32,LOW
TXN000782,2024-10-31,19,DEBIT,1229.95,MX,287669.9,286439.95,0,0,0,0,0,0,LOW
TXN000783,2024-08-23,3,CASH_OUT,4204.76,RU,304881.31,300676.55,0,1,0,1,1,79,HIGH
TXN000784,2024-04-02,13,CASH_IN,4226.73,NG,130412.44,134639.17,0,0,0,1,0,35,LOW
TXN000785,2024-12-03,13,DEBIT,5380.18,MX,91803.82,86423.64,0,0,0,0,0,4,LOW
TXN000786,2024-08-29,17,PAYMENT,842.77,DE,10059.56,9216.79,0,0,0,0,0,3,LOW
TXN000787,2024-06-18,9,CASH_IN,12083.01,RU,400788.49,412871.5,0,0,0,1,0,30,LOW
TXN000788,2024-06-08,15,CASH_IN,1745.77,US,100465.51,102211.28,0,0,0,0,0,5,LOW
TXN000789,2024-02-01,11,TRANSFER,3307.69,US,136042.43,132734.74,0,0,0,0,0,0,LOW
TXN000790,2024-07-18,12,PAYMENT,900.43,US,211655.38,210754.95,0,0,0,0,0,5,LOW
TXN000791,2024-10-13,23,CASH_OUT,182536.61,DE,21267.31,0.0,0,0,0,0,1,65,MEDIUM
TXN000792,2024-11-09,8,PAYMENT,1377.18,NG,61077.0,59699.82,0,0,0,1,0,35,LOW
TXN000793,2024-09-16,20,DEBIT,2359.79,CN,122504.58,120144.79,0,0,0,0,0,5,LOW
TXN000794,2024-08-18,14,CASH_OUT,2945.4,US,233772.96,230827.56,0,0,0,0,0,1,LOW
TXN000795,2024-02-28,9,PAYMENT,1459.39,US,102099.68,100640.29,0,0,0,0,0,3,LOW
TXN000796,2024-11-12,16,CASH_OUT,899.61,CN,326053.34,325153.73,0,0,0,0,0,5,LOW
TXN000797,2024-09-15,21,CASH_IN,473.99,NG,343934.15,344408.14,0,0,0,1,0,34,LOW
TXN000798,2024-12-02,15,TRANSFER,3596.36,US,154712.52,151116.16,0,0,0,0,0,3,LOW
TXN000799,2024-11-23,4,TRANSFER,68296.7,IR,31212.99,0.0,0,1,0,1,1,100,HIGH
TXN000800,2024-11-27,9,DEBIT,242.63,US,392820.18,392577.55,0,0,0,0,0,2,LOW
TXN000801,2024-09-15,9,DEBIT,2190.56,US,63649.28,61458.72,0,0,0,0,0,5,LOW
TXN000802,2024-11-21,11,DEBIT,315.69,US,318265.18,317949.49,0,0,0,0,0,3,LOW
TXN000803,2024-10-23,21,CASH_IN,2641.65,UK,204253.21,206894.86,0,0,0,0,0,3,LOW
TXN000804,2024-07-09,12,CASH_OUT,3395.11,NG,72605.33,69210.22,0,0,0,1,0,32,LOW
TXN000805,2024-08-11,14,DEBIT,37.71,US,435167.17,435129.46,0,0,0,0,0,3,LOW
TXN000806,2024-12-18,11,CASH_IN,901.07,US,495788.5,496689.57,0,0,0,0,0,0,LOW
TXN000807,2024-05-11,18,PAYMENT,1554.24,US,477663.07,476108.83,0,0,0,0,0,5,LOW
TXN000808,2024-04-06,11,TRANSFER,860.17,MX,496774.14,495913.97,0,0,0,0,0,2,LOW
TXN000809,2024-10-17,7,DEBIT,2317.22,DE,208536.29,206219.07,0,0,0,0,0,5,LOW
TXN000810,2024-02-09,1,CASH_OUT,87727.88,IR,230783.29,143055.41,0,1,0,1,1,100,HIGH
TXN000811,2024-11-17,19,CASH_IN,490.93,US,91705.42,92196.35,0,0,0,0,0,0,LOW
TXN000812,2024-02-21,10,PAYMENT,139.01,IR,476398.07,476259.06,0,0,0,1,0,31,LOW
TXN000813,2024-02-02,11,PAYMENT,5337.61,RU,450297.38,444959.77,0,0,0,1,0,33,LOW
TXN000814,2024-02-27,7,CASH_OUT,914.75,MX,139400.81,138486.06,0,0,0,0,0,0,LOW
TXN000815,2024-07-28,15,PAYMENT,2507.64,UK,355109.31,352601.67,0,0,0,0,0,5,LOW
TXN000816,2024-06-26,17,CASH_OUT,709.37,UK,31548.01,30838.64,0,0,0,0,0,0,LOW
TXN000817,2024-12-28,21,PAYMENT,1924.35,US,244913.8,242989.45,0,0,0,0,0,2,LOW
TXN000818,2024-09-05,21,PAYMENT,948.96,DE,401972.86,401023.9,0,0,0,0,0,3,LOW
TXN000819,2024-03-16,17,TRANSFER,2132.86,NG,48036.47,45903.61,0,0,0,1,0,33,LOW
TXN000820,2024-01-30,11,PAYMENT,6175.37,DE,441721.86,435546.49,0,0,0,0,0,2,LOW
TXN000821,2024-10-25,13,PAYMENT,4505.4,US,16396.5,11891.1,0,0,0,0,0,5,LOW
TXN000822,2024-06-02,12,TRANSFER,2248.33,UK,68650.93,66402.6,0,0,0,0,0,1,LOW
TXN000823,2024-11-18,13,CASH_IN,917.68,US,239429.67,240347.35,0,0,0,0,0,4,LOW
TXN000824,2024-10-10,16,CASH_IN,3610.74,US,427516.51,431127.25,0,0,0,0,0,0,LOW
TXN000825,2024-06-09,4,CASH_OUT,108269.46,CN,371719.94,263450.48,0,0,0,0,1,63,MEDIUM
TXN000826,2024-02-29,13,CASH_OUT,1567.89,US,150568.61,149000.72,0,0,0,0,0,2,LOW
TXN000827,2024-11-22,13,PAYMENT,1908.05,RU,392192.64,390284.59,0,0,0,1,0,32,LOW
TXN000828,2024-12-09,20,CASH_OUT,5178.54,IR,258138.53,252959.99,0,0,0,1,0,34,LOW
TXN000829,2024-12-26,14,CASH_IN,4239.25,MX,139697.43,143936.68,0,0,0,0,0,5,LOW
TXN000830,2024-12-19,11,DEBIT,2710.97,IR,424012.55,421301.58,0,0,0,1,0,31,LOW
TXN000831,2024-10-08,7,TRANSFER,1392.45,DE,434528.28,433135.83,0,0,0,0,0,5,LOW
TXN000832,2024-11-11,10,PAYMENT,6757.95,UK,428084.38,421326.43,0,0,0,0,0,0,LOW
TXN000833,2024-02-10,4,CASH_OUT,58869.97,IR,135856.11,76986.14,0,1,0,1,1,100,HIGH
TXN000834,2024-08-21,4,TRANSFER,32785.64,US,236129.6,203343.96,0,1,0,0,1,65,MEDIUM
TXN000835,2024-08-03,16,CASH_OUT,3245.37,CN,498384.56,495139.19,0,0,0,0,0,5,LOW
TXN000836,2024-02-27,9,CASH_OUT,7116.6,NG,462759.06,455642.46,0,0,0,1,0,30,LOW
TXN000837,2024-08-08,19,DEBIT,6631.7,UK,53061.68,46429.98,0,0,0,0,0,0,LOW
TXN000838,2024-11-28,23,CASH_OUT,5531.89,US,110610.65,105078.76,0,1,0,0,1,46,MEDIUM
TXN000839,2024-04-02,21,TRANSFER,486.84,IR,152884.39,152397.55,0,0,0,1,0,35,LOW
TXN000840,2024-07-29,9,DEBIT,33.55,US,456433.31,456399.76,0,0,0,0,0,5,LOW
TXN000841,2024-07-20,14,PAYMENT,766.54,NG,8643.85,7877.31,0,0,0,1,0,33,LOW
TXN000842,2024-11-28,9,DEBIT,8059.86,NG,120965.93,112906.07,0,0,0,1,0,35,LOW
TXN000843,2024-10-15,15,CASH_OUT,3854.51,US,4336.52,482.01,0,0,0,0,0,5,LOW
TXN000844,2024-11-14,21,CASH_OUT,1531.64,NG,309198.72,307667.08,0,0,0,1,0,33,LOW
TXN000845,2024-03-30,15,DEBIT,1156.01,US,487157.28,486001.27,0,0,0,0,0,2,LOW
TXN000846,2024-07-26,10,CASH_OUT,5992.0,IR,405567.94,399575.94,0,0,0,1,0,30,LOW
TXN000847,2024-08-14,9,DEBIT,2582.27,UK,464740.77,462158.5,0,0,0,0,0,5,LOW
TXN000848,2024-09-04,7,CASH_IN,5171.92,UK,210591.76,215763.68,0,0,0,0,0,3,LOW
TXN000849,2024-08-12,12,CASH_OUT,4672.92,MX,116128.35,111455.43,0,0,0,0,0,1,LOW
TXN000850,2024-10-29,20,CASH_OUT,4832.61,US,486087.31,481254.7,0,0,0,0,0,5,LOW
TXN000851,2024-02-26,19,CASH_IN,4612.49,DE,390202.16,394814.65,0,0,0,0,0,3,LOW
TXN000852,2024-12-07,8,DEBIT,2289.98,UK,390660.17,388370.19,0,0,0,0,0,4,LOW
TXN000853,2024-05-11,7,PAYMENT,5186.88,US,5947.74,760.86,0,0,0,0,0,4,LOW
TXN000854,2024-07-08,15,CASH_OUT,6718.19,US,458621.72,451903.53,0,0,0,0,0,2,LOW
TXN000855,2024-06-11,13,CASH_IN,1969.52,UK,239327.78,241297.3,0,0,0,0,0,3,LOW
TXN000856,2024-12-24,2,TRANSFER,15163.04,US,184732.28,169569.24,0,0,0,0,1,36,LOW
TXN000857,2024-03-15,9,CASH_IN,6421.66,NG,455396.95,461818.61,0,0,0,1,0,32,LOW
TXN000858,2024-10-10,16,TRANSFER,3733.07,CN,457423.58,453690.51,0,0,0,0,0,4,LOW
TXN000859,2024-07-08,21,TRANSFER,824.55,UK,258728.15,257903.6,0,0,0,0,0,0,LOW
TXN000860,2024-12-17,10,TRANSFER,9627.93,NG,125483.95,115856.02,0,0,0,1,0,32,LOW
TXN000861,2024-01-09,16,CASH_OUT,299.22,RU,287367.21,287067.99,0,0,0,1,0,35,LOW
TXN000862,2024-05-25,18,PAYMENT,468.1,US,126022.86,125554.76,0,0,0,0,0,0,LOW
TXN000863,2024-02-21,13,PAYMENT,4161.42,IR,412217.99,408056.57,0,0,0,1,0,35,LOW
TXN000864,2024-02-08,11,TRANSFER,19.32,US,267258.46,267239.14,0,0,0,0,0,1,LOW
TXN000865,2024-03-06,9,CASH_OUT,439.36,US,66906.39,66467.03,0,0,0,0,0,5,LOW
TXN000866,2024-11-05,7,TRANSFER,634.38,NG,375591.35,374956.97,0,0,0,1,0,34,LOW
TXN000867,2024-02-03,13,CASH_OUT,889.34,US,238297.55,237408.21,0,0,0,0,0,0,LOW
TXN000868,2024-03-21,17,TRANSFER,3005.46,US,252833.23,249827.77,0,0,0,0,0,3,LOW
TXN000869,2024-06-03,14,TRANSFER,15897.52,US,445025.76,429128.24,0,0,0,0,0,16,LOW
TXN000870,2024-11-03,10,TRANSFER,375.95,US,383591.84,383215.89,0,0,0,0,0,4,LOW
TXN000871,2024-04-03,19,DEBIT,3509.82,US,421470.62,417960.8,0,0,0,0,0,0,LOW
TXN000872,2024-12-21,21,TRANSFER,1690.44,UK,252561.64,250871.2,0,0,0,0,0,0,LOW
TXN000873,2024-03-10,10,DEBIT,279.69,US,139295.22,139015.53,0,0,0,0,0,3,LOW
TXN000874,2024-07-06,20,CASH_OUT,2500.01,MX,336353.35,333853.34,0,0,0,0,0,2,LOW
TXN000875,2024-02-21,17,PAYMENT,7523.47,UK,93637.05,86113.58,0,0,0,0,0,2,LOW
TXN000876,2024-03-23,8,TRANSFER,6327.19,UK,136468.37,130141.18,0,0,0,0,0,4,LOW
TXN000877,2024-08-06,17,CASH_OUT,4321.07,DE,46564.44,42243.37,0,0,0,0,0,4,LOW
TXN000878,2024-11-13,9,CASH_IN,6230.24,UK,271680.45,277910.69,0,0,0,0,0,4,LOW
TXN000879,2024-09-10,11,DEBIT,4572.83,US,208833.8,204260.97,0,0,0,0,0,0,LOW
TXN000880,2024-10-25,18,DEBIT,1437.88,RU,12304.3,10866.42,0,0,0,1,0,33,LOW
TXN000881,2024-08-02,4,TRANSFER,79982.91,CN,23644.88,0.0,0,1,0,0,1,86,HIGH
TXN000882,2024-01-20,8,CASH_IN,2572.69,CN,282209.16,284781.85,0,0,0,0,0,4,LOW
TXN000883,2024-04-16,4,TRANSFER,8436.09,IR,122894.62,114458.53,0,1,0,1,1,77,HIGH
TXN000884,2024-10-21,15,DEBIT,5823.7,NG,174528.31,168704.61,0,0,0,1,0,34,LOW
TXN000885,2024-04-08,13,CASH_OUT,3524.35,CN,308172.33,304647.98,0,0,0,0,0,3,LOW
TXN000886,2024-03-17,18,CASH_IN,1688.96,US,494202.61,495891.57,0,0,0,0,0,2,LOW
TXN000887,2024-08-21,10,CASH_OUT,121.71,IR,28208.93,28087.22,0,0,0,1,0,31,LOW
TXN000888,2024-01-22,9,PAYMENT,8695.85,US,407012.19,398316.34,0,0,0,0,0,5,LOW
TXN000889,2024-02-24,19,DEBIT,1139.34,IR,112984.83,111845.49,0,0,0,1,0,35,LOW
TXN000890,2024-11-01,10,PAYMENT,1017.42,UK,292057.59,291040.17,0,0,0,0,0,2,LOW
TXN000891,2024-05-02,18,DEBIT,5703.0,UK,87687.98,81984.98,0,0,0,0,0,5,LOW
TXN000892,2024-04-03,11,TRANSFER,2692.13,UK,374716.94,372024.81,0,0,0,0,0,3,LOW
TXN000893,2024-05-21,18,TRANSFER,3067.34,MX,270583.46,267516.12,0,0,0,0,0,5,LOW
TXN000894,2024-01-02,14,DEBIT,5382.78,US,476912.58,471529.8,0,0,0,0,0,5,LOW
TXN000895,2024-03-31,14,PAYMENT,1315.86,US,372686.45,371370.59,0,0,0,0,0,4,LOW
TXN000896,2024-04-29,9,PAYMENT,5791.6,RU,156590.95,150799.35,0,0,0,1,0,30,LOW
TXN000897,2024-10-15,11,TRANSFER,3814.49,IR,274352.15,270537.66,0,0,0,1,0,33,LOW
TXN000898,2024-03-06,23,TRANSFER,36328.76,DE,158868.74,122539.98,0,0,0,0,1,36,LOW
TXN000899,2024-11-19,21,PAYMENT,1496.67,UK,409688.91,408192.24,0,0,0,0,0,3,LOW
TXN000900,2024-07-22,12,DEBIT,3063.46,MX,451556.37,448492.91,0,0,0,0,0,0,LOW
TXN000901,2024-04-28,7,TRANSFER,4292.12,CN,101303.39,97011.27,0,0,0,0,0,2,LOW
TXN000902,2024-02-07,19,CASH_IN,1094.68,US,100706.85,101801.53,0,0,0,0,0,3,LOW
TXN000903,2024-01-04,10,PAYMENT,827.27,UK,97160.35,96333.08,0,0,0,0,0,5,LOW
TXN000904,2024-05-11,8,TRANSFER,2603.13,MX,447193.5,444590.37,0,0,0,0,0,3,LOW
TXN000905,2024-02-19,13,PAYMENT,1603.45,DE,308689.26,307085.81,0,0,0,0,0,3,LOW
TXN000906,2024-06-15,16,DEBIT,4382.24,RU,209591.23,205208.99,0,0,0,1,0,35,LOW
TXN000907,2024-05-14,11,TRANSFER,6836.12,US,447312.93,440476.81,0,0,0,0,0,0,LOW
TXN000908,2024-10-12,8,PAYMENT,2667.89,NG,449891.09,447223.2,0,0,0,1,0,35,LOW
TXN000909,2024-12-22,23,TRANSFER,52408.48,IR,248145.52,195737.04,0,1,0,1,1,100,HIGH
TXN000910,2024-01-27,9,PAYMENT,4622.71,MX,58761.69,54138.98,0,0,0,0,0,4,LOW
TXN000911,2024-09-11,7,PAYMENT,1744.37,MX,74512.25,72767.88,0,0,0,0,0,5,LOW
TXN000912,2024-07-14,16,TRANSFER,227.41,NG,167102.28,166874.87,0,0,0,1,0,33,LOW
TXN000913,2024-04-19,13,PAYMENT,490.04,IR,308525.4,308035.36,0,0,0,1,0,31,LOW
TXN000914,2024-03-11,17,CASH_OUT,9196.79,US,290557.25,281360.46,0,0,0,0,0,5,LOW
TXN000915,2024-03-12,14,DEBIT,9395.07,UK,262265.75,252870.68,0,0,0,0,0,5,LOW
TXN000916,2024-11-15,11,DEBIT,5858.43,MX,351025.2,345166.77,0,0,0,0,0,1,LOW
TXN000917,2024-05-22,16,CASH_OUT,593.69,MX,404734.29,404140.6,0,0,0,0,0,0,LOW
TXN000918,2024-08-23,8,DEBIT,4667.22,US,222150.02,217482.8,0,0,0,0,0,4,LOW
TXN000919,2024-12-09,7,TRANSFER,9337.3,CN,222643.87,213306.57,0,0,0,0,0,0,LOW
TXN000920,2024-07-11,15,TRANSFER,185.73,UK,321782.28,321596.55,0,0,0,0,0,2,LOW
TXN000921,2024-12-22,2,CASH_OUT,215471.63,RU,224855.72,9384.09,0,1,0,1,1,100,HIGH
TXN000922,2024-05-01,14,CASH_OUT,3240.39,DE,66023.17,62782.78,0,0,0,0,0,0,LOW
TXN000923,2024-12-15,14,PAYMENT,366.8,NG,425819.41,425452.61,0,0,0,1,0,32,LOW
TXN000924,2024-01-01,18,CASH_OUT,15291.52,IR,346208.8,330917.28,0,0,0,1,0,35,LOW
TXN000925,2024-04-24,15,CASH_OUT,3084.72,UK,60769.09,57684.37,0,0,0,0,0,1,LOW
TXN000926,2024-04-04,9,CASH_IN,90.0,US,110471.91,110561.91,0,0,0,0,0,2,LOW
TXN000927,2024-07-27,7,PAYMENT,2221.05,US,134940.26,132719.21,0,0,0,0,0,1,LOW
TXN000928,2024-03-20,12,CASH_OUT,327.82,NG,378891.12,378563.3,0,0,0,1,0,30,LOW
TXN000929,2024-09-02,17,TRANSFER,1463.95,MX,239562.68,238098.73,0,0,0,0,0,4,LOW
TXN000930,2024-11-24,4,TRANSFER,33178.82,NG,239116.71,205937.89,0,0,0,1,1,70,HIGH
TXN000931,2024-10-12,8,CASH_IN,5070.81,UK,226827.41,231898.22,0,0,0,0,0,3,LOW
TXN000932,2024-04-17,7,CASH_OUT,1678.5,NG,264128.74,262450.24,0,0,0,1,0,32,LOW
TXN000933,2024-07-19,18,TRANSFER,1536.5,CN,184678.79,183142.29,0,0,0,0,0,0,LOW
TXN000934,2024-04-07,10,TRANSFER,709.89,RU,142288.15,141578.26,0,0,0,1,0,32,LOW
TXN000935,2024-12-23,17,CASH_IN,1248.7,UK,26258.39,27507.09,0,0,0,0,0,1,LOW
TXN000936,2024-11-05,7,PAYMENT,618.26,UK,83415.98,82797.72,0,0,0,0,0,5,LOW
TXN000937,2024-02-26,19,TRANSFER,7233.29,UK,352910.26,345676.97,0,0,0,0,0,3,LOW
TXN000938,2024-12-22,16,PAYMENT,659.24,CN,342313.77,341654.53,0,0,0,0,0,0,LOW
TXN000939,2024-12-05,10,DEBIT,3186.67,US,237432.3,234245.63,0,0,0,0,0,3,LOW
TXN000940,2024-06-24,21,CASH_OUT,2772.51,UK,332027.91,329255.4,0,0,0,0,0,2,LOW
TXN000941,2024-06-22,17,TRANSFER,765.47,MX,104436.99,103671.52,0,0,0,0,0,0,LOW
TXN000942,2024-12-10,9,PAYMENT,10132.91,US,27212.89,17079.98,0,0,0,0,0,3,LOW
TXN000943,2024-01-16,20,PAYMENT,23.84,IR,46586.76,46562.92,0,0,0,1,0,32,LOW
TXN000944,2024-03-06,16,PAYMENT,7182.39,RU,254024.04,246841.65,0,0,0,1,0,33,LOW
TXN000945,2024-04-25,16,CASH_IN,4015.92,US,86759.03,90774.95,0,0,0,0,0,1,LOW
TXN000946,2024-11-01,15,DEBIT,601.73,US,99360.13,98758.4,0,0,0,0,0,5,LOW
TXN000947,2024-08-08,3,CASH_OUT,24355.46,RU,259805.59,235450.13,0,0,0,1,1,67,MEDIUM
TXN000948,2024-03-07,14,DEBIT,4460.58,IR,264033.32,259572.74,0,0,0,1,0,35,LOW
TXN000949,2024-08-04,16,CASH_OUT,1738.8,IR,37272.39,35533.59,0,0,0,1,0,32,LOW
TXN000950,2024-04-14,9,CASH_IN,1978.76,CN,458617.99,460596.75,0,0,0,0,0,4,LOW
TXN000951,2024-04-20,9,CASH_OUT,8090.96,NG,316687.14,308596.18,0,0,0,1,0,34,LOW
TXN000952,2024-05-10,9,DEBIT,5845.31,NG,123782.66,117937.35,0,0,0,1,0,34,LOW
TXN000953,2024-02-24,10,TRANSFER,4802.71,DE,228738.48,223935.77,0,0,0,0,0,2,LOW
TXN000954,2024-11-22,2,CASH_OUT,27785.49,CN,458663.22,430877.73,0,0,0,0,1,37,LOW
TXN000955,2024-12-28,16,CASH_OUT,5925.51,DE,164371.73,158446.22,0,0,0,0,0,3,LOW
TXN000956,2024-05-21,10,TRANSFER,10997.89,RU,151528.09,140530.2,0,0,0,1,0,35,LOW
TXN000957,2024-06-22,18,DEBIT,1377.72,UK,402135.85,400758.13,0,0,0,0,0,3,LOW
TXN000958,2024-08-14,20,TRANSFER,6618.94,CN,242608.72,235989.78,0,0,0,0,0,4,LOW
TXN000959,2024-02-26,21,CASH_IN,2367.67,US,347857.25,350224.92,0,0,0,0,0,2,LOW
TXN000960,2024-06-26,16,PAYMENT,6221.45,RU,114528.17,108306.72,0,0,0,1,0,30,LOW
TXN000961,2024-12-27,8,TRANSFER,90.22,DE,397119.28,397029.06,0,0,0,0,0,2,LOW
TXN000962,2024-04-24,12,TRANSFER,4530.94,IR,465896.8,461365.86,0,0,0,1,0,34,LOW
TXN000963,2024-11-09,21,DEBIT,3799.73,UK,300611.63,296811.9,0,0,0,0,0,1,LOW
TXN000964,2024-09-13,21,TRANSFER,1755.83,US,146315.46,144559.63,0,0,0,0,0,2,LOW
TXN000965,2024-03-25,8,PAYMENT,9169.07,NG,353633.59,344464.52,0,0,0,1,0,34,LOW
TXN000966,2024-08-14,2,CASH_OUT,37536.23,IR,303755.28,266219.05,0,1,0,1,1,93,HIGH
TXN000967,2024-01-20,12,CASH_OUT,3497.08,US,388917.42,385420.34,0,0,0,0,0,0,LOW
TXN000968,2024-03-05,7,CASH_IN,15589.76,UK,484765.68,500355.44,0,0,0,0,0,1,LOW
TXN000969,2024-06-21,8,TRANSFER,1255.26,MX,494181.65,492926.39,0,0,0,0,0,5,LOW
TXN000970,2024-12-10,9,PAYMENT,6127.31,US,197342.45,191215.14,0,0,0,0,0,5,LOW
TXN000971,2024-08-11,8,CASH_OUT,4077.95,US,233714.49,229636.54,0,0,0,0,0,2,LOW
TXN000972,2024-01-07,10,CASH_OUT,780.45,MX,161056.63,160276.18,0,0,0,0,0,2,LOW
TXN000973,2024-09-16,8,TRANSFER,7324.57,US,149359.1,142034.53,0,0,0,0,0,4,LOW
TXN000974,2024-05-03,14,TRANSFER,5132.48,NG,134997.87,129865.39,0,0,0,1,0,33,LOW
TXN000975,2024-09-08,16,CASH_OUT,6948.04,US,3675.47,0.0,0,0,0,0,0,5,LOW
TXN000976,2024-02-16,9,CASH_OUT,3978.22,UK,355607.58,351629.36,0,0,0,0,0,2,LOW
TXN000977,2024-05-27,11,CASH_IN,335.04,IR,61024.87,61359.91,0,0,0,1,0,35,LOW
TXN000978,2024-05-13,19,CASH_OUT,5946.39,US,113775.34,107828.95,0,0,0,0,0,0,LOW
TXN000979,2024-12-07,20,DEBIT,1646.86,DE,334853.62,333206.76,0,0,0,0,0,0,LOW
TXN000980,2024-01-22,17,PAYMENT,4183.94,US,372387.82,368203.88,0,0,0,0,0,4,LOW
TXN000981,2024-12-13,17,CASH_IN,390.86,RU,72385.73,72776.59,0,0,0,1,0,31,LOW
TXN000982,2024-07-10,15,CASH_OUT,4611.63,US,94366.63,89755.0,0,0,0,0,0,4,LOW
TXN000983,2024-11-24,16,CASH_IN,1914.74,US,150266.59,152181.33,0,0,0,0,0,5,LOW
TXN000984,2024-04-11,10,CASH_OUT,3828.27,US,126894.08,123065.81,0,0,0,0,0,3,LOW
TXN000985,2024-10-01,1,CASH_OUT,31313.38,NG,444524.48,413211.1,0,0,0,1,1,68,MEDIUM
TXN000986,2024-05-21,15,TRANSFER,670.8,CN,293384.57,292713.77,0,0,0,0,0,3,LOW
TXN000987,2024-04-18,14,CASH_IN,10632.5,IR,393088.38,403720.88,0,0,0,1,0,31,LOW
TXN000988,2024-05-12,15,TRANSFER,3668.17,NG,446404.74,442736.57,0,0,0,1,0,31,LOW
TXN000989,2024-07-10,17,CASH_OUT,16364.26,US,307292.82,290928.56,0,0,0,0,0,15,LOW
TXN000990,2024-03-01,13,CASH_OUT,527.83,US,445170.28,444642.45,0,0,0,0,0,5,LOW
TXN000991,2024-11-12,11,TRANSFER,4152.57,US,77721.65,73569.08,0,0,0,0,0,5,LOW
TXN000992,2024-09-06,15,CASH_OUT,1363.66,DE,94084.97,92721.31,0,0,0,0,0,1,LOW
TXN000993,2024-01-10,3,CASH_OUT,422.5,NG,344740.31,344317.81,0,0,0,1,1,54,MEDIUM
TXN000994,2024-04-17,8,DEBIT,6527.89,MX,343418.09,336890.2,0,0,0,0,0,3,LOW
TXN000995,2024-04-17,11,PAYMENT,1629.18,US,465015.43,463386.25,0,0,0,0,0,3,LOW
TXN000996,2024-05-31,19,PAYMENT,596.78,US,435601.86,435005.08,0,0,0,0,0,5,LOW
TXN000997,2024-05-17,12,PAYMENT,2926.37,UK,23669.82,20743.45,0,0,0,0,0,5,LOW
TXN000998,2024-09-07,9,PAYMENT,2686.25,US,1142.67,0.0,0,0,0,0,0,4,LOW
TXN000999,2024-10-28,13,PAYMENT,1512.15,UK,158264.47,156752.32,0,0,0,0,0,5,LOW
TXN001000,2024-04-01,21,DEBIT,2976.52,DE,452311.36,449334.84,0,0,0,0,0,0,LOW
TXN001001,2024-02-02,15,CASH_IN,385.23,DE,87330.99,87716.22,0,0,0,0,0,1,LOW
TXN001002,2024-10-21,15,CASH_OUT,8145.98,RU,315199.16,307053.18,0,0,0,1,0,35,LOW
TXN001003,2024-01-27,14,TRANSFER,3529.01,IR,282357.99,278828.98,0,0,0,1,0,34,LOW
TXN001004,2024-09-10,18,DEBIT,4500.43,NG,94395.62,89895.19,0,0,0,1,0,31,LOW
TXN001005,2024-09-17,19,CASH_OUT,5505.79,RU,473139.27,467633.48,0,0,0,1,0,31,LOW
TXN001006,2024-05-07,3,TRANSFER,3666.27,RU,296823.21,293156.94,0,1,0,1,1,78,HIGH
TXN001007,2024-03-28,12,PAYMENT,289.1,CN,90554.23,90265.13,0,0,0,0,0,5,LOW
TXN001008,2024-03-10,9,CASH_OUT,1005.34,US,144868.69,143863.35,0,0,0,0,0,5,LOW
TXN001009,2024-08-01,15,CASH_OUT,547.86,US,303198.19,302650.33,0,0,0,0,0,4,LOW
TXN001010,2024-11-26,21,CASH_OUT,149.74,IR,491258.76,491109.02,0,0,0,1,0,33,LOW
TXN001011,2024-04-27,16,DEBIT,3740.63,IR,242287.83,238547.2,0,0,0,1,0,32,LOW
TXN001012,2024-07-09,14,DEBIT,1210.48,IR,441203.48,439993.0,0,0,0,1,0,33,LOW
TXN001013,2024-03-14,12,TRANSFER,2218.16,DE,222135.26,219917.1,0,0,0,0,0,0,LOW
TXN001014,2024-10-07,9,CASH_IN,4372.88,UK,145677.58,150050.46,0,0,0,0,0,3,LOW
TXN001015,2024-10-10,13,PAYMENT,4816.43,MX,492157.42,487340.99,0,0,0,0,0,0,LOW
TXN001016,2024-05-20,7,PAYMENT,423.5,RU,496879.98,496456.48,0,0,0,1,0,31,LOW
TXN001017,2024-10-05,9,PAYMENT,4775.07,MX,56458.64,51683.57,0,0,0,0,0,2,LOW
TXN001018,2024-12-07,14,DEBIT,948.94,RU,233732.57,232783.63,0,0,0,1,0,32,LOW
TXN001019,2024-03-01,18,PAYMENT,7565.47,US,129399.86,121834.39,0,0,0,0,0,0,LOW
TXN001020,2024-03-24,23,TRANSFER,4727.54,IR,44956.71,40229.17,0,0,0,1,1,51,MEDIUM
TXN001021,2024-07-06,8,CASH_IN,906.76,UK,213314.61,214221.37,0,0,0,0,0,0,LOW
TXN001022,2024-10-21,7,PAYMENT,3009.75,IR,363031.9,360022.15,0,0,0,1,0,34,LOW
TXN001023,2024-05-25,10,CASH_OUT,1846.15,US,20224.13,18377.98,0,0,0,0,0,3,LOW
TXN001024,2024-09-30,12,CASH_IN,1415.96,US,169084.48,170500.44,0,0,0,0,0,3,LOW
TXN001025,2024-04-23,8,CASH_OUT,4167.25,DE,408369.96,404202.71,0,0,0,0,0,2,LOW
TXN001026,2024-10-06,16,CASH_OUT,3275.51,UK,381417.3,378141.79,0,0,0,0,0,2,LOW
TXN001027,2024-02-09,15,CASH_OUT,2339.37,RU,25830.52,23491.15,0,0,0,1,0,34,LOW
TXN001028,2024-03-13,4,TRANSFER,17268.68,US,12651.58,0.0,0,1,0,0,1,62,MEDIUM
TXN001029,2024-01-19,7,CASH_OUT,845.89,UK,428933.45,428087.56,0,0,0,0,0,5,LOW
TXN001030,2024-09-27,9,CASH_OUT,12068.29,MX,431021.01,418952.72,0,0,0,0,0,17,LOW
TXN001031,2024-03-28,19,PAYMENT,243.08,US,217721.74,217478.66,0,0,0,0,0,0,LOW
TXN001032,2024-09-07,17,TRANSFER,3845.59,US,218161.7,214316.11,0,0,0,0,0,3,LOW
TXN001033,2024-11-08,21,PAYMENT,2964.82,MX,488765.94,485801.12,0,0,0,0,0,5,LOW
TXN001034,2024-02-20,20,TRANSFER,1120.31,DE,418863.81,417743.5,0,0,0,0,0,2,LOW
TXN001035,2024-07-18,9,DEBIT,10025.41,RU,451634.66,441609.25,0,0,0,1,0,32,LOW
TXN001036,2024-01-21,14,PAYMENT,6494.8,US,123027.21,116532.41,0,0,0,0,0,1,LOW
TXN001037,2024-10-06,20,CASH_IN,2178.7,US,466552.69,468731.39,0,0,0,0,0,1,LOW
TXN001038,2024-09-22,1,TRANSFER,45068.12,DE,264804.57,219736.45,0,1,0,0,1,65,MEDIUM
TXN001039,2024-10-09,11,TRANSFER,804.41,UK,388604.17,387799.76,0,0,0,0,0,3,LOW
TXN001040,2024-04-07,8,CASH_IN,244.61,NG,11850.46,12095.07,0,0,0,1,0,30,LOW
TXN001041,2024-10-05,21,CASH_OUT,9730.21,US,200886.5,191156.29,0,0,0,0,0,3,LOW
TXN001042,2024-12-13,10,PAYMENT,4660.27,MX,230308.65,225648.38,0,0,0,0,0,3,LOW
TXN001043,2024-02-03,9,PAYMENT,54.52,RU,63183.17,63128.65,0,0,0,1,0,34,LOW
TXN001044,2024-09-09,14,TRANSFER,6749.35,US,311422.22,304672.87,0,0,0,0,0,3,LOW
TXN001045,2024-10-09,14,CASH_IN,2998.74,UK,64972.64,67971.38,0,0,0,0,0,0,LOW
TXN001046,2024-05-13,9,PAYMENT,1239.13,US,90739.67,89500.54,0,0,0,0,0,0,LOW
TXN001047,2024-09-12,4,TRANSFER,7988.21,IR,276315.03,268326.82,0,1,0,1,1,79,HIGH
TXN001048,2024-12-19,11,PAYMENT,1355.81,CN,49507.42,48151.61,0,0,0,0,0,5,LOW
TXN001049,2024-11-16,15,PAYMENT,2512.63,UK,94854.81,92342.18,0,0,0,0,0,1,LOW
TXN001050,2024-09-20,11,PAYMENT,3904.27,DE,388261.85,384357.58,0,0,0,0,0,2,LOW
TXN001051,2024-06-08,19,CASH_IN,31.78,US,467522.75,467554.53,0,0,0,0,0,0,LOW
TXN001052,2024-02-14,19,CASH_OUT,8203.2,US,128545.87,120342.67,0,0,0,0,0,0,LOW
TXN001053,2024-11-24,12,CASH_IN,2982.74,UK,261569.06,264551.8,0,0,0,0,0,5,LOW
TXN001054,2024-05-03,3,TRANSFER,3550.69,MX,10393.25,6842.56,0,1,0,0,1,48,MEDIUM
TXN001055,2024-09-06,17,DEBIT,1910.35,UK,377180.6,375270.25,0,0,0,0,0,3,LOW
TXN001056,2024-08-29,7,CASH_OUT,4499.84,US,341507.66,337007.82,0,0,0,0,0,4,LOW
TXN001057,2024-01-28,4,CASH_OUT,11894.47,US,226420.4,214525.93,0,1,0,0,1,62,MEDIUM
TXN001058,2024-12-26,18,TRANSFER,1318.9,CN,381216.76,379897.86,0,0,0,0,0,3,LOW
TXN001059,2024-02-26,21,CASH_IN,865.44,IR,291427.98,292293.42,0,0,0,1,0,32,LOW
TXN001060,2024-01-05,12,TRANSFER,225.73,NG,79459.37,79233.64,0,0,0,1,0,33,LOW
TXN001061,2024-07-11,14,TRANSFER,3696.69,NG,481281.25,477584.56,0,0,0,1,0,34,LOW
TXN001062,2024-08-16,14,PAYMENT,5631.56,MX,179434.93,173803.37,0,0,0,0,0,2,LOW
TXN001063,2024-02-23,13,TRANSFER,1245.48,US,458867.25,457621.77,0,0,0,0,0,5,LOW
TXN001064,2024-08-25,14,DEBIT,2359.83,MX,227514.21,225154.38,0,0,0,0,0,3,LOW
TXN001065,2024-12-26,9,CASH_OUT,8410.91,UK,303389.48,294978.57,0,0,0,0,0,1,LOW
TXN001066,2024-05-30,19,CASH_IN,22902.85,UK,239310.66,262213.51,0,0,0,0,0,1,LOW
TXN001067,2024-09-19,10,PAYMENT,12651.86,UK,140194.9,127543.04,0,0,0,0,0,4,LOW
TXN001068,2024-09-23,17,TRANSFER,16939.66,UK,157519.0,140579.34,0,0,0,0,0,20,LOW
TXN001069,2024-10-10,9,CASH_IN,796.4,UK,166582.03,167378.43,0,0,0,0,0,0,LOW
TXN001070,2024-08-08,18,DEBIT,2761.87,RU,381040.02,378278.15,0,0,0,1,0,31,LOW
TXN001071,2024-02-21,17,PAYMENT,1227.19,IR,20276.56,19049.37,0,0,0,1,0,34,LOW
TXN001072,2024-05-30,16,DEBIT,1253.6,US,177451.71,176198.11,0,0,0,0,0,4,LOW
TXN001073,2024-01-24,7,TRANSFER,2411.68,US,373181.22,370769.54,0,0,0,0,0,5,LOW
TXN001074,2024-10-02,14,DEBIT,3775.67,US,242222.26,238446.59,0,0,0,0,0,2,LOW
TXN001075,2024-10-10,16,DEBIT,3127.71,MX,477120.32,473992.61,0,0,0,0,0,5,LOW
TXN001076,2024-04-15,18,CASH_OUT,2457.35,MX,90213.16,87755.81,0,0,0,0,0,5,LOW
TXN001077,2024-03-12,20,DEBIT,3220.64,US,394153.83,390933.19,0,0,0,0,0,3,LOW
TXN001078,2024-11-01,17,CASH_IN,1170.67,US,164016.17,165186.84,0,0,0,0,0,3,LOW
TXN001079,2024-02-28,23,TRANSFER,58187.37,CN,446316.83,388129.46,0,0,0,0,1,62,MEDIUM
TXN001080,2024-11-11,18,PAYMENT,5815.53,NG,488886.87,483071.34,0,0,0,1,0,30,LOW
TXN001081,2024-10-31,10,TRANSFER,473.91,UK,10037.56,9563.65,0,0,0,0,0,1,LOW
TXN001082,2024-11-03,15,TRANSFER,1142.92,US,300043.93,298901.01,0,0,0,0,0,4,LOW
TXN001083,2024-01-09,11,CASH_IN,5665.38,NG,498179.75,503845.13,0,0,0,1,0,32,LOW
TXN001084,2024-09-02,18,CASH_IN,2040.97,DE,471870.7,473911.67,0,0,0,0,0,2,LOW
TXN001085,2024-02-12,10,DEBIT,2823.76,RU,70751.15,67927.39,0,0,0,1,0,34,LOW
TXN001086,2024-08-22,19,TRANSFER,3798.89,US,208106.37,204307.48,0,0,0,0,0,0,LOW
TXN001087,2024-10-08,16,TRANSFER,300.11,US,415627.32,415327.21,0,0,0,0,0,1,LOW
TXN001088,2024-02-24,8,CASH_IN,1045.84,RU,299690.47,300736.31,0,0,0,1,0,31,LOW
TXN001089,2024-10-02,9,CASH_OUT,10904.71,NG,296585.44,285680.73,0,0,0,1,0,35,LOW
TXN001090,2024-12-16,1,TRANSFER,3205.28,MX,78125.19,74919.91,0,1,0,0,1,46,MEDIUM
TXN001091,2024-04-17,8,CASH_OUT,3873.07,NG,271848.82,267975.75,0,0,0,1,0,30,LOW
TXN001092,2024-09-01,16,DEBIT,110.42,US,396399.18,396288.76,0,0,0,0,0,3,LOW
TXN001093,2024-12-03,11,PAYMENT,13126.1,UK,469176.37,456050.27,0,0,0,0,0,5,LOW
TXN001094,2024-11-07,3,CASH_OUT,19593.73,US,246501.36,226907.63,0,1,0,0,1,60,MEDIUM
TXN001095,2024-07-22,10,TRANSFER,4871.33,IR,247563.45,242692.12,0,0,0,1,0,34,LOW
TXN001096,2024-11-27,14,DEBIT,3482.22,CN,471648.34,468166.12,0,0,0,0,0,2,LOW
TXN001097,2024-08-01,12,DEBIT,2054.73,US,89694.97,87640.24,0,0,0,0,0,3,LOW
TXN001098,2024-10-07,18,PAYMENT,4172.5,CN,319547.4,315374.9,0,0,0,0,0,0,LOW
TXN001099,2024-06-01,7,DEBIT,20.59,RU,481958.41,481937.82,0,0,0,1,0,32,LOW
TXN001100,2024-01-18,18,CASH_OUT,5705.69,IR,310737.02,305031.33,0,0,0,1,0,33,LOW
TXN001101,2024-03-26,15,DEBIT,1134.75,IR,300511.59,299376.84,0,0,0,1,0,31,LOW
TXN001102,2024-04-27,20,CASH_IN,3030.54,IR,330709.09,333739.63,0,0,0,1,0,32,LOW
TXN001103,2024-02-28,16,PAYMENT,2703.38,US,490307.41,487604.03,0,0,0,0,0,4,LOW
TXN001104,2024-04-16,16,DEBIT,1535.48,DE,85385.22,83849.74,0,0,0,0,0,4,LOW
TXN001105,2024-06-03,8,CASH_IN,1526.21,US,384883.6,386409.81,0,0,0,0,0,1,LOW
TXN001106,2024-09-07,9,TRANSFER,2905.99,US,33343.51,30437.52,0,0,0,0,0,4,LOW
TXN001107,2024-06-12,21,PAYMENT,194.47,MX,110765.95,110571.48,0,0,0,0,0,5,LOW
TXN001108,2024-12-14,11,CASH_IN,4155.49,RU,280101.98,284257.47,0,0,0,1,0,33,LOW
TXN001109,2024-08-22,19,CASH_OUT,3984.71,NG,113080.14,109095.43,0,0,0,1,0,35,LOW
TXN001110,2024-09-27,15,PAYMENT,285.97,DE,209388.55,209102.58,0,0,0,0,0,1,LOW
TXN001111,2024-11-05,3,TRANSFER,129538.84,CN,77709.68,0.0,0,1,0,0,1,87,HIGH
TXN001112,2024-12-24,15,TRANSFER,1137.74,IR,73161.82,72024.08,0,0,0,1,0,31,LOW
TXN001113,2024-01-29,8,CASH_IN,4682.36,DE,460943.56,465625.92,0,0,0,0,0,2,LOW
TXN001114,2024-04-13,14,CASH_IN,3093.11,NG,259232.98,262326.09,0,0,0,1,0,31,LOW
TXN001115,2024-07-09,9,DEBIT,738.08,RU,458190.63,457452.55,0,0,0,1,0,33,LOW
TXN001116,2024-10-14,11,PAYMENT,2749.25,US,405370.27,402621.02,0,0,0,0,0,1,LOW
TXN001117,2024-10-09,15,DEBIT,969.65,DE,499186.46,498216.81,0,0,0,0,0,1,LOW
TXN001118,2024-05-13,12,TRANSFER,2769.18,US,178586.23,175817.05,0,0,0,0,0,1,LOW
TXN001119,2024-12-12,3,CASH_OUT,34614.67,RU,252194.01,217579.34,0,0,0,1,1,69,MEDIUM
TXN001120,2024-11-26,11,PAYMENT,3907.13,UK,29675.38,25768.25,0,0,0,0,0,0,LOW
TXN001121,2024-07-15,15,CASH_OUT,448.25,UK,154703.32,154255.07,0,0,0,0,0,5,LOW
TXN001122,2024-09-11,12,DEBIT,377.84,UK,474701.99,474324.15,0,0,0,0,0,3,LOW
TXN001123,2024-06-23,10,CASH_IN,1077.44,RU,11561.16,12638.6,0,0,0,1,0,32,LOW
TXN001124,2024-11-19,17,CASH_IN,409.73,US,191305.23,191714.96,0,0,0,0,0,2,LOW
TXN001125,2024-09-08,13,TRANSFER,8361.01,US,37133.68,28772.67,0,0,0,0,0,5,LOW
TXN001126,2024-01-29,16,PAYMENT,2193.12,UK,176035.92,173842.8,0,0,0,0,0,0,LOW
TXN001127,2024-11-26,19,DEBIT,11785.6,US,217178.21,205392.61,0,0,0,0,0,3,LOW
TXN001128,2024-10-11,12,CASH_OUT,9629.53,US,183843.77,174214.24,0,0,0,0,0,2,LOW
TXN001129,2024-02-29,10,CASH_OUT,2020.72,US,20671.61,18650.89,0,0,0,0,0,2,LOW
TXN001130,2024-04-20,16,CASH_IN,3715.95,NG,476813.69,480529.64,0,0,0,1,0,33,LOW
TXN001131,2024-03-01,11,DEBIT,469.56,IR,297937.09,297467.53,0,0,0,1,0,35,LOW
TXN001132,2024-03-07,10,CASH_IN,5433.64,UK,384454.77,389888.41,0,0,0,0,0,1,LOW
TXN001133,2024-07-31,12,TRANSFER,1113.34,MX,475792.23,474678.89,0,0,0,0,0,3,LOW
TXN001134,2024-10-04,10,CASH_OUT,777.81,DE,308186.69,307408.88,0,0,0,0,0,1,LOW
TXN001135,2024-12-18,13,CASH_OUT,1104.72,MX,81699.97,80595.25,0,0,0,0,0,1,LOW
TXN001136,2024-12-13,19,DEBIT,1511.12,UK,201064.1,199552.98,0,0,0,0,0,0,LOW
TXN001137,2024-01-24,11,CASH_IN,14993.53,MX,462087.22,477080.75,0,0,0,0,0,5,LOW
TXN001138,2024-02-02,8,CASH_OUT,192.94,IR,176981.05,176788.11,0,0,0,1,0,31,LOW
TXN001139,2024-02-21,7,DEBIT,9466.64,UK,215458.83,205992.19,0,0,0,0,0,1,LOW
TXN001140,2024-04-16,12,PAYMENT,420.88,DE,151962.93,151542.05,0,0,0,0,0,4,LOW
TXN001141,2024-03-27,13,DEBIT,262.95,CN,251126.53,250863.58,0,0,0,0,0,4,LOW
TXN001142,2024-07-31,21,TRANSFER,21154.52,IR,458344.39,437189.87,0,0,0,1,0,35,LOW
TXN001143,2024-03-08,9,PAYMENT,637.59,MX,275678.98,275041.39,0,0,0,0,0,3,LOW
TXN001144,2024-03-11,17,DEBIT,1214.58,US,2690.21,1475.63,0,0,0,0,0,4,LOW
TXN001145,2024-10-05,17,PAYMENT,1436.34,US,193824.81,192388.47,0,0,0,0,0,2,LOW
TXN001146,2024-07-14,1,CASH_OUT,366.36,NG,320353.44,319987.08,0,0,0,1,1,52,MEDIUM
TXN001147,2024-11-05,8,PAYMENT,8406.66,CN,421111.39,412704.73,0,0,0,0,0,1,LOW
TXN001148,2024-02-10,18,TRANSFER,2793.82,UK,495517.38,492723.56,0,0,0,0,0,1,LOW
TXN001149,2024-11-28,20,DEBIT,6714.75,US,431060.48,424345.73,0,0,0,0,0,3,LOW
TXN001150,2024-01-12,13,CASH_IN,3580.41,DE,375719.07,379299.48,0,0,0,0,0,2,LOW
TXN001151,2024-09-13,14,CASH_IN,11479.4,UK,122379.31,133858.71,0,0,0,0,0,2,LOW
TXN001152,2024-01-01,14,CASH_OUT,1814.4,IR,497919.14,496104.74,0,0,0,1,0,30,LOW
TXN001153,2024-07-06,9,CASH_IN,12262.71,US,174503.51,186766.22,0,0,0,0,0,5,LOW
TXN001154,2024-01-31,15,PAYMENT,6666.54,US,293273.89,286607.35,0,0,0,0,0,4,LOW
TXN001155,2024-07-13,15,TRANSFER,4170.87,NG,366855.5,362684.63,0,0,0,1,0,30,LOW
TXN001156,2024-08-07,20,CASH_OUT,6236.96,NG,99286.39,93049.43,0,0,0,1,0,35,LOW
TXN001157,2024-03-30,17,CASH_OUT,3000.31,US,181872.24,178871.93,0,0,0,0,0,4,LOW
TXN001158,2024-08-08,17,DEBIT,55.18,CN,498116.7,498061.52,0,0,0,0,0,3,LOW
TXN001159,2024-05-09,14,PAYMENT,3879.83,CN,240079.24,236199.41,0,0,0,0,0,0,LOW
TXN001160,2024-07-12,2,TRANSFER,15627.42,IR,238435.61,222808.19,0,1,0,1,1,93,HIGH
TXN001161,2024-12-12,18,PAYMENT,3680.45,IR,431950.89,428270.44,0,0,0,1,0,30,LOW
TXN001162,2024-04-10,17,TRANSFER,4132.27,MX,10004.5,5872.23,0,0,0,0,0,1,LOW
TXN001163,2024-01-23,9,TRANSFER,2445.55,UK,121345.2,118899.65,0,0,0,0,0,5,LOW
TXN001164,2024-05-02,14,TRANSFER,779.56,US,145248.03,144468.47,0,0,0,0,0,1,LOW
TXN001165,2024-04-04,4,TRANSFER,7751.76,MX,294232.77,286481.01,0,0,0,0,1,25,LOW
TXN001166,2024-02-01,10,CASH_OUT,10292.41,US,322145.97,311853.56,0,0,0,0,0,17,LOW
TXN001167,2024-04-14,10,TRANSFER,7666.09,UK,458251.31,450585.22,0,0,0,0,0,1,LOW
TXN001168,2024-09-06,9,CASH_IN,1345.19,US,116414.05,117759.24,0,0,0,0,0,4,LOW
TXN001169,2024-02-26,15,DEBIT,10031.12,US,225385.33,215354.21,0,0,0,0,0,1,LOW
TXN001170,2024-01-14,19,CASH_IN,7229.51,IR,343165.71,350395.22,0,0,0,1,0,30,LOW
TXN001171,2024-09-07,20,DEBIT,787.13,NG,58794.69,58007.56,0,0,0,1,0,32,LOW
TXN001172,2024-06-27,14,CASH_OUT,908.61,CN,238133.65,237225.04,0,0,0,0,0,3,LOW
TXN001173,2024-11-18,7,DEBIT,1711.36,US,304474.95,302763.59,0,0,0,0,0,1,LOW
TXN001174,2024-06-22,17,PAYMENT,6261.94,NG,293872.5,287610.56,0,0,0,1,0,31,LOW
TXN001175,2024-07-06,7,PAYMENT,7139.94,US,427700.62,420560.68,0,0,0,0,0,5,LOW
TXN001176,2024-11-12,3,TRANSFER,6251.6,IR,345907.33,339655.73,0,1,0,1,1,75,HIGH
TXN001177,2024-05-25,19,TRANSFER,1582.44,RU,43571.47,41989.03,0,0,0,1,0,35,LOW
TXN001178,2024-02-13,15,CASH_OUT,1006.43,RU,266562.24,265555.81,0,0,0,1,0,34,LOW
TXN001179,2024-06-13,12,CASH_IN,1779.03,RU,393958.83,395737.86,0,0,0,1,0,32,LOW
TXN001180,2024-09-21,9,PAYMENT,2445.11,US,382760.65,380315.54,0,0,0,0,0,0,LOW
TXN001181,2024-08-06,15,PAYMENT,1942.29,US,310829.43,308887.14,0,0,0,0,0,2,LOW
TXN001182,2024-11-04,19,CASH_OUT,882.88,DE,238959.98,238077.1,0,0,0,0,0,0,LOW
TXN001183,2024-10-19,10,PAYMENT,1562.28,RU,335976.43,334414.15,0,0,0,1,0,32,LOW
TXN001184,2024-09-09,18,TRANSFER,897.0,CN,474576.86,473679.86,0,0,0,0,0,4,LOW
TXN001185,2024-05-05,18,CASH_OUT,597.35,IR,200213.66,199616.31,0,0,0,1,0,33,LOW
TXN001186,2024-04-03,23,TRANSFER,140.69,RU,425964.56,425823.87,0,1,0,1,1,78,HIGH
TXN001187,2024-01-27,8,DEBIT,4321.24,US,462438.19,458116.95,0,0,0,0,0,1,LOW
TXN001188,2024-09-16,21,CASH_OUT,202.35,UK,83056.1,82853.75,0,0,0,0,0,0,LOW
TXN001189,2024-08-29,16,PAYMENT,1948.4,DE,70969.87,69021.47,0,0,0,0,0,3,LOW
TXN001190,2024-11-02,15,DEBIT,2458.63,DE,29591.34,27132.71,0,0,0,0,0,2,LOW
TXN001191,2024-05-02,18,CASH_OUT,2718.07,US,295501.51,292783.44,0,0,0,0,0,4,LOW
TXN001192,2024-07-25,16,PAYMENT,211.12,UK,485474.32,485263.2,0,0,0,0,0,0,LOW
TXN001193,2024-08-05,17,PAYMENT,2117.99,US,57998.01,55880.02,0,0,0,0,0,3,LOW
TXN001194,2024-04-16,8,TRANSFER,558.34,NG,442362.66,441804.32,0,0,0,1,0,31,LOW
TXN001195,2024-04-19,10,TRANSFER,2287.91,UK,427874.64,425586.73,0,0,0,0,0,0,LOW
TXN001196,2024-05-07,10,CASH_IN,1121.06,RU,244345.1,245466.16,0,0,0,1,0,33,LOW
TXN001197,2024-01-22,11,CASH_OUT,7303.48,IR,176030.1,168726.62,0,0,0,1,0,31,LOW
TXN001198,2024-02-11,15,DEBIT,1050.72,CN,460623.07,459572.35,0,0,0,0,0,3,LOW
TXN001199,2024-07-28,16,PAYMENT,3101.04,IR,487036.02,483934.98,0,0,0,1,0,31,LOW
TXN001200,2024-03-19,14,CASH_IN,8300.02,RU,272923.36,281223.38,0,0,0,1,0,31,LOW
TXN001201,2024-05-01,19,TRANSFER,86.16,UK,294467.58,294381.42,0,0,0,0,0,0,LOW
TXN001202,2024-07-03,13,PAYMENT,4358.45,US,319945.4,315586.95,0,0,0,0,0,1,LOW
TXN001203,2024-12-23,17,PAYMENT,2116.63,UK,344204.49,342087.86,0,0,0,0,0,0,LOW
TXN001204,2024-08-10,17,PAYMENT,1047.21,DE,124082.04,123034.83,0,0,0,0,0,2,LOW
TXN001205,2024-01-27,20,CASH_IN,2310.56,RU,51567.78,53878.34,0,0,0,1,0,35,LOW
TXN001206,2024-11-16,14,PAYMENT,8334.43,CN,119699.01,111364.58,0,0,0,0,0,3,LOW
TXN001207,2024-05-20,14,CASH_IN,5009.39,RU,346893.55,351902.94,0,0,0,1,0,30,LOW
TXN001208,2024-11-30,18,DEBIT,2305.56,NG,331839.23,329533.67,0,0,0,1,0,32,LOW
TXN001209,2024-10-25,7,CASH_OUT,3661.23,IR,475382.71,471721.48,0,0,0,1,0,31,LOW
TXN001210,2024-09-02,7,CASH_IN,115.53,US,474628.27,474743.8,0,0,0,0,0,5,LOW
TXN001211,2024-01-30,19,TRANSFER,2521.34,RU,339869.69,337348.35,0,0,0,1,0,34,LOW
TXN001212,2024-04-09,16,PAYMENT,832.28,RU,476648.91,475816.63,0,0,0,1,0,31,LOW
TXN001213,2024-08-23,13,TRANSFER,729.41,UK,282544.59,281815.18,0,0,0,0,0,5,LOW
TXN001214,2024-07-05,12,TRANSFER,1581.28,IR,417941.81,416360.53,0,0,0,1,0,35,LOW
TXN001215,2024-04-09,18,TRANSFER,265.63,IR,61172.3,60906.67,0,0,0,1,0,31,LOW
TXN001216,2024-03-02,12,DEBIT,1827.63,MX,419531.33,417703.7,0,0,0,0,0,5,LOW
TXN001217,2024-04-02,21,CASH_OUT,775.02,US,373463.99,372688.97,0,0,0,0,0,4,LOW
TXN001218,2024-06-08,3,TRANSFER,59920.27,DE,133004.03,73083.76,0,0,0,0,1,62,MEDIUM
TXN001219,2024-09-05,16,PAYMENT,1759.15,UK,322879.87,321120.72,0,0,0,0,0,1,LOW
TXN001220,2024-04-21,1,CASH_OUT,18542.38,NG,484997.13,466454.75,0,0,0,1,1,67,MEDIUM
TXN001221,2024-06-14,21,TRANSFER,312.25,US,298480.48,298168.23,0,0,0,0,0,5,LOW
TXN001222,2024-05-18,12,PAYMENT,4329.39,US,370110.98,365781.59,0,0,0,0,0,5,LOW
TXN001223,2024-09-18,8,TRANSFER,5739.51,CN,212514.27,206774.76,0,0,0,0,0,0,LOW
TXN001224,2024-10-30,18,TRANSFER,6429.45,UK,468611.6,462182.15,0,0,0,0,0,5,LOW
TXN001225,2024-11-27,14,CASH_OUT,2791.11,IR,128706.71,125915.6,0,0,0,1,0,31,LOW
TXN001226,2024-01-23,3,TRANSFER,72436.95,RU,195625.06,123188.11,0,0,0,1,1,95,HIGH
TXN001227,2024-06-03,11,TRANSFER,8061.96,US,12219.76,4157.8,0,0,0,0,0,5,LOW
TXN001228,2024-08-23,17,TRANSFER,743.97,MX,255390.54,254646.57,0,0,0,0,0,2,LOW
TXN001229,2024-12-16,18,CASH_OUT,2652.68,NG,456232.75,453580.07,0,0,0,1,0,30,LOW
TXN001230,2024-01-20,18,CASH_IN,1589.72,US,379055.95,380645.67,0,0,0,0,0,5,LOW
TXN001231,2024-10-03,12,CASH_OUT,3592.68,RU,316385.45,312792.77,0,0,0,1,0,35,LOW
TXN001232,2024-05-12,9,TRANSFER,4252.38,US,347070.45,342818.07,0,0,0,0,0,1,LOW
TXN001233,2024-10-20,12,TRANSFER,1325.4,NG,362591.36,361265.96,0,0,0,1,0,31,LOW
TXN001234,2024-07-09,18,CASH_IN,2015.42,US,356036.2,358051.62,0,0,0,0,0,2,LOW
TXN001235,2024-02-25,12,CASH_OUT,4317.69,US,45086.45,40768.76,0,0,0,0,0,1,LOW
TXN001236,2024-08-25,19,CASH_IN,6011.29,US,480596.28,486607.57,0,0,0,0,0,0,LOW
TXN001237,2024-03-04,18,PAYMENT,7231.4,CN,136798.93,129567.53,0,0,0,0,0,5,LOW
TXN001238,2024-06-26,13,PAYMENT,4621.77,US,348247.5,343625.73,0,0,0,0,0,5,LOW
TXN001239,2024-04-06,15,PAYMENT,1808.48,IR,100911.43,99102.95,0,0,0,1,0,34,LOW
TXN001240,2024-06-28,11,TRANSFER,5205.19,US,375638.45,370433.26,0,0,0,0,0,1,LOW
TXN001241,2024-11-09,16,PAYMENT,11837.09,UK,17526.57,5689.48,0,0,0,0,0,0,LOW
TXN001242,2024-12-22,20,CASH_IN,554.88,NG,171370.17,171925.05,0,0,0,1,0,31,LOW
TXN001243,2024-05-27,2,TRANSFER,35694.68,US,38370.83,2676.15,0,0,0,0,1,38,LOW
TXN001244,2024-07-17,15,CASH_OUT,4680.35,US,188110.61,183430.26,0,0,0,0,0,2,LOW
TXN001245,2024-12-01,18,TRANSFER,178.11,US,131420.83,131242.72,0,0,0,0,0,1,LOW
TXN001246,2024-07-25,16,DEBIT,8201.26,UK,493106.16,484904.9,0,0,0,0,0,5,LOW
TXN001247,2024-07-22,7,TRANSFER,13415.4,NG,285639.36,272223.96,0,0,0,1,0,35,LOW
TXN001248,2024-01-27,10,CASH_OUT,2082.55,NG,50188.96,48106.41,0,0,0,1,0,32,LOW
TXN001249,2024-07-11,13,CASH_IN,2045.31,DE,149829.03,151874.34,0,0,0,0,0,0,LOW
TXN001250,2024-08-12,17,CASH_OUT,1326.9,MX,187876.99,186550.09,0,0,0,0,0,2,LOW
TXN001251,2024-10-28,17,TRANSFER,7108.64,UK,232126.53,225017.89,0,0,0,0,0,5,LOW
TXN001252,2024-02-07,12,CASH_IN,689.64,US,468735.93,469425.57,0,0,0,0,0,4,LOW
TXN001253,2024-08-18,14,CASH_OUT,222.31,US,298476.8,298254.49,0,0,0,0,0,2,LOW
TXN001254,2024-03-15,13,DEBIT,1674.23,US,14483.68,12809.45,0,0,0,0,0,2,LOW
TXN001255,2024-03-30,10,PAYMENT,469.31,US,381121.33,380652.02,0,0,0,0,0,3,LOW
TXN001256,2024-05-03,21,PAYMENT,4657.58,IR,219463.7,214806.12,0,0,0,1,0,31,LOW
TXN001257,2024-03-04,11,CASH_OUT,432.09,US,406516.62,406084.53,0,0,0,0,0,3,LOW
TXN001258,2024-08-29,13,PAYMENT,1853.33,RU,285110.18,283256.85,0,0,0,1,0,32,LOW
TXN001259,2024-10-02,21,CASH_IN,3184.46,UK,406592.36,409776.82,0,0,0,0,0,4,LOW
TXN001260,2024-08-05,20,DEBIT,7050.3,CN,275369.22,268318.92,0,0,0,0,0,5,LOW
TXN001261,2024-04-11,19,DEBIT,2474.8,RU,75426.56,72951.76,0,0,0,1,0,32,LOW
TXN001262,2024-06-25,15,DEBIT,2145.35,NG,64254.47,62109.12,0,0,0,1,0,34,LOW
TXN001263,2024-06-13,19,CASH_OUT,2329.75,UK,226089.95,223760.2,0,0,0,0,0,2,LOW
TXN001264,2024-12-22,15,PAYMENT,5733.31,NG,160348.65,154615.34,0,0,0,1,0,35,LOW
TXN001265,2024-12-10,18,TRANSFER,3716.99,US,407206.32,403489.33,0,0,0,0,0,4,LOW
TXN001266,2024-09-10,23,CASH_OUT,13939.24,NG,121182.42,107243.18,0,1,0,1,1,91,HIGH
TXN001267,2024-06-16,19,CASH_OUT,497.79,US,165207.57,164709.78,0,0,0,0,0,3,LOW
TXN001268,2024-10-12,20,CASH_IN,1020.25,NG,459783.23,460803.48,0,0,0,1,0,35,LOW
TXN001269,2024-09-17,11,CASH_IN,420.63,NG,281210.05,281630.68,0,0,0,1,0,35,LOW
TXN001270,2024-11-20,23,CASH_OUT,45237.26,IR,484326.83,439089.57,0,0,0,1,1,69,MEDIUM
TXN001271,2024-09-13,11,TRANSFER,1901.12,CN,282856.09,280954.97,0,0,0,0,0,2,LOW
TXN001272,2024-05-02,13,CASH_IN,26046.03,US,56867.93,82913.96,0,0,0,0,0,1,LOW
TXN001273,2024-06-30,19,TRANSFER,5700.26,US,88744.64,83044.38,0,0,0,0,0,3,LOW
TXN001274,2024-08-14,9,DEBIT,3054.17,DE,437037.14,433982.97,0,0,0,0,0,2,LOW
TXN001275,2024-04-22,12,DEBIT,383.72,IR,232301.86,231918.14,0,0,0,1,0,32,LOW
TXN001276,2024-07-22,8,TRANSFER,1327.41,US,354448.71,353121.3,0,0,0,0,0,1,LOW
TXN001277,2024-12-01,13,CASH_IN,5027.32,NG,392090.58,397117.9,0,0,0,1,0,30,LOW
TXN001278,2024-09-04,7,DEBIT,1052.94,CN,452487.4,451434.46,0,0,0,0,0,1,LOW
TXN001279,2024-11-02,7,DEBIT,6992.29,CN,379609.52,372617.23,0,0,0,0,0,4,LOW
TXN001280,2024-10-25,4,CASH_OUT,10599.8,IR,243333.15,232733.35,0,1,0,1,1,90,HIGH
TXN001281,2024-06-04,14,TRANSFER,3269.65,DE,117435.98,114166.33,0,0,0,0,0,4,LOW
TXN001282,2024-07-07,20,DEBIT,4055.28,RU,318025.11,313969.83,0,0,0,1,0,31,LOW
TXN001283,2024-10-10,9,TRANSFER,2626.32,MX,329069.23,326442.91,0,0,0,0,0,3,LOW
TXN001284,2024-11-20,11,CASH_OUT,483.54,US,53436.36,52952.82,0,0,0,0,0,2,LOW
TXN001285,2024-08-22,9,PAYMENT,5517.05,US,466916.32,461399.27,0,0,0,0,0,3,LOW
TXN001286,2024-09-15,15,CASH_IN,2331.9,MX,436603.39,438935.29,0,0,0,0,0,1,LOW
TXN001287,2024-12-26,20,DEBIT,703.63,US,202739.65,202036.02,0,0,0,0,0,2,LOW
TXN001288,2024-01-06,14,DEBIT,5127.51,NG,243121.08,237993.57,0,0,0,1,0,35,LOW
TXN001289,2024-08-13,20,PAYMENT,391.68,US,26714.73,26323.05,0,0,0,0,0,4,LOW
TXN001290,2024-08-29,20,CASH_OUT,262.88,RU,23214.61,22951.73,0,0,0,1,0,30,LOW
TXN001291,2024-08-14,18,PAYMENT,15169.51,US,275885.04,260715.53,0,0,0,0,0,3,LOW
TXN001292,2024-08-18,10,TRANSFER,2958.47,NG,39956.54,36998.07,0,0,0,1,0,32,LOW
TXN001293,2024-05-01,16,TRANSFER,1254.52,US,328428.71,327174.19,0,0,0,0,0,5,LOW
TXN001294,2024-09-12,14,CASH_OUT,5268.17,CN,440238.95,434970.78,0,0,0,0,0,1,LOW
TXN001295,2024-03-04,17,CASH_OUT,5509.92,US,316164.64,310654.72,0,0,0,0,0,4,LOW
TXN001296,2024-12-05,2,CASH_OUT,25051.7,CN,192768.35,167716.65,0,1,0,0,1,60,MEDIUM
TXN001297,2024-04-06,18,TRANSFER,6411.0,US,429520.11,423109.11,0,0,0,0,0,1,LOW
TXN001298,2024-05-15,21,CASH_IN,286.17,NG,373089.34,373375.51,0,0,0,1,0,33,LOW
TXN001299,2024-08-13,17,CASH_IN,4243.67,UK,55823.88,60067.55,0,0,0,0,0,1,LOW
TXN001300,2024-07-22,11,DEBIT,186.25,US,235525.13,235338.88,0,0,0,0,0,5,LOW
TXN001301,2024-01-07,15,CASH_IN,2161.7,US,493442.58,495604.28,0,0,0,0,0,2,LOW
TXN001302,2024-07-25,9,PAYMENT,119.9,US,394350.64,394230.74,0,0,0,0,0,5,LOW
TXN001303,2024-02-01,16,DEBIT,505.3,US,1130.63,625.33,0,0,0,0,0,5,LOW
TXN001304,2024-10-04,9,CASH_IN,3456.86,MX,495162.74,498619.6,0,0,0,0,0,0,LOW
TXN001305,2024-01-16,11,CASH_IN,2071.42,UK,471583.35,473654.77,0,0,0,0,0,1,LOW
TXN001306,2024-08-05,13,TRANSFER,3223.52,NG,367858.54,364635.02,0,0,0,1,0,31,LOW
TXN001307,2024-09-30,11,PAYMENT,931.09,DE,143070.23,142139.14,0,0,0,0,0,1,LOW
TXN001308,2024-05-31,15,TRANSFER,382.14,US,229280.49,228898.35,0,0,0,0,0,4,LOW
TXN001309,2024-02-11,15,CASH_IN,237.58,NG,69743.6,69981.18,0,0,0,1,0,30,LOW
TXN001310,2024-09-05,13,CASH_IN,1853.83,US,3938.4,5792.23,0,0,0,0,0,0,LOW
TXN001311,2024-08-18,15,CASH_IN,10546.04,DE,192418.89,202964.93,0,0,0,0,0,1,LOW
TXN001312,2024-01-26,10,PAYMENT,699.85,IR,372900.33,372200.48,0,0,0,1,0,32,LOW
TXN001313,2024-12-25,16,TRANSFER,169.21,US,327596.62,327427.41,0,0,0,0,0,3,LOW
TXN001314,2024-10-08,18,PAYMENT,264.41,DE,456407.16,456142.75,0,0,0,0,0,4,LOW
TXN001315,2024-02-26,10,CASH_OUT,3246.52,US,403111.83,399865.31,0,0,0,0,0,2,LOW
TXN001316,2024-12-10,7,CASH_IN,557.62,US,62500.26,63057.88,0,0,0,0,0,2,LOW
TXN001317,2024-02-29,20,TRANSFER,110.99,RU,321598.2,321487.21,0,0,0,1,0,30,LOW
TXN001318,2024-11-27,15,DEBIT,2947.44,RU,111067.09,108119.65,0,0,0,1,0,32,LOW
TXN001319,2024-06-18,17,CASH_IN,5855.51,RU,252172.84,258028.35,0,0,0,1,0,32,LOW
TXN001320,2024-07-30,9,TRANSFER,6673.33,NG,277939.75,271266.42,0,0,0,1,0,35,LOW
TXN001321,2024-10-11,8,PAYMENT,3796.16,CN,457625.94,453829.78,0,0,0,0,0,5,LOW
TXN001322,2024-05-08,17,PAYMENT,1694.86,UK,391234.9,389540.04,0,0,0,0,0,4,LOW
TXN001323,2024-01-25,17,PAYMENT,3041.16,IR,463249.76,460208.6,0,0,0,1,0,33,LOW
TXN001324,2024-08-26,8,CASH_OUT,267.43,UK,156373.07,156105.64,0,0,0,0,0,1,LOW
TXN001325,2024-07-13,16,CASH_OUT,4942.17,RU,429870.86,424928.69,0,0,0,1,0,31,LOW
TXN001326,2024-06-19,15,PAYMENT,712.76,UK,251810.72,251097.96,0,0,0,0,0,2,LOW
TXN001327,2024-03-20,19,DEBIT,15029.04,US,236713.25,221684.21,0,0,0,0,0,2,LOW
TXN001328,2024-05-04,7,TRANSFER,1891.98,IR,474475.56,472583.58,0,0,0,1,0,31,LOW
TXN001329,2024-10-30,14,CASH_IN,2571.14,US,214833.47,217404.61,0,0,0,0,0,0,LOW
TXN001330,2024-04-20,20,TRANSFER,5330.77,MX,397881.57,392550.8,0,0,0,0,0,2,LOW
TXN001331,2024-12-15,13,TRANSFER,4546.16,UK,270763.34,266217.18,0,0,0,0,0,1,LOW
TXN001332,2024-10-07,20,TRANSFER,296.97,US,451453.79,451156.82,0,0,0,0,0,1,LOW
TXN001333,2024-02-04,16,CASH_OUT,1188.6,UK,195132.74,193944.14,0,0,0,0,0,0,LOW
TXN001334,2024-11-18,17,DEBIT,24.91,UK,136496.91,136472.0,0,0,0,0,0,2,LOW
TXN001335,2024-08-23,13,PAYMENT,702.35,CN,181350.84,180648.49,0,0,0,0,0,2,LOW
TXN001336,2024-08-08,13,DEBIT,2079.55,CN,225041.94,222962.39,0,0,0,0,0,4,LOW
TXN001337,2024-02-17,7,TRANSFER,1952.35,MX,310753.9,308801.55,0,0,0,0,0,5,LOW
TXN001338,2024-04-12,18,TRANSFER,3091.89,US,119899.0,116807.11,0,0,0,0,0,5,LOW
TXN001339,2024-09-16,21,CASH_IN,157.12,UK,350144.13,350301.25,0,0,0,0,0,4,LOW
TXN001340,2024-03-26,15,DEBIT,9905.31,UK,214071.01,204165.7,0,0,0,0,0,3,LOW
TXN001341,2024-01-30,9,PAYMENT,3669.94,NG,72710.31,69040.37,0,0,0,1,0,34,LOW
TXN001342,2024-08-11,10,DEBIT,3674.02,US,294476.76,290802.74,0,0,0,0,0,4,LOW
TXN001343,2024-01-15,20,DEBIT,10210.82,CN,16431.5,6220.68,0,0,0,0,0,5,LOW
TXN001344,2024-12-19,15,TRANSFER,252.66,UK,54159.42,53906.76,0,0,0,0,0,4,LOW
TXN001345,2024-10-09,10,DEBIT,1221.97,IR,114053.69,112831.72,0,0,0,1,0,31,LOW
TXN001346,2024-02-05,9,CASH_OUT,644.59,NG,234189.21,233544.62,0,0,0,1,0,32,LOW
TXN001347,2024-09-08,17,DEBIT,0.85,DE,272889.89,272889.04,0,0,0,0,0,2,LOW
TXN001348,2024-07-25,18,PAYMENT,1176.13,UK,18636.1,17459.97,0,0,0,0,0,3,LOW
TXN001349,2024-01-21,21,DEBIT,2227.26,IR,137171.19,134943.93,0,0,0,1,0,35,LOW
TXN001350,2024-05-19,13,TRANSFER,5691.35,NG,270430.5,264739.15,0,0,0,1,0,33,LOW
TXN001351,2024-04-01,9,CASH_OUT,7453.31,MX,295209.71,287756.4,0,0,0,0,0,1,LOW
TXN001352,2024-03-09,11,DEBIT,2048.38,UK,418602.12,416553.74,0,0,0,0,0,5,LOW
TXN001353,2024-10-14,12,TRANSFER,1901.62,US,332027.52,330125.9,0,0,0,0,0,3,LOW
TXN001354,2024-12-15,19,TRANSFER,7156.38,IR,193878.37,186721.99,0,0,0,1,0,31,LOW
TXN001355,2024-09-28,21,TRANSFER,679.79,US,152533.27,151853.48,0,0,0,0,0,3,LOW
TXN001356,2024-05-25,15,CASH_IN,5010.07,MX,475722.71,480732.78,0,0,0,0,0,2,LOW
TXN001357,2024-08-14,16,TRANSFER,5495.81,RU,279562.28,274066.47,0,0,0,1,0,32,LOW
TXN001358,2024-12-28,20,PAYMENT,64.85,US,381127.29,381062.44,0,0,0,0,0,4,LOW
TXN001359,2024-09-03,9,CASH_OUT,4847.16,CN,191969.85,187122.69,0,0,0,0,0,2,LOW
TXN001360,2024-03-31,18,CASH_OUT,2174.04,IR,435469.52,433295.48,0,0,0,1,0,31,LOW
TXN001361,2024-12-08,18,CASH_OUT,538.45,UK,58319.67,57781.22,0,0,0,0,0,2,LOW
TXN001362,2024-03-14,16,CASH_IN,903.58,RU,130634.78,131538.36,0,0,0,1,0,34,LOW
TXN001363,2024-09-20,2,TRANSFER,19479.2,RU,216021.65,196542.45,0,1,0,1,1,94,HIGH
TXN001364,2024-01-06,9,DEBIT,5470.77,UK,97998.46,92527.69,0,0,0,0,0,2,LOW
TXN001365,2024-07-27,20,PAYMENT,12997.57,DE,137090.39,124092.82,0,0,0,0,0,5,LOW
TXN001366,2024-08-08,14,DEBIT,2600.05,NG,52126.07,49526.02,0,0,0,1,0,31,LOW
TXN001367,2024-09-22,17,DEBIT,15874.74,NG,431267.98,415393.24,0,0,0,1,0,35,LOW
TXN001368,2024-01-31,18,CASH_IN,3312.1,NG,45824.26,49136.36,0,0,0,1,0,34,LOW
TXN001369,2024-11-13,20,CASH_IN,5079.98,US,472783.68,477863.66,0,0,0,0,0,0,LOW
TXN001370,2024-10-14,9,TRANSFER,2999.72,US,121227.25,118227.53,0,0,0,0,0,1,LOW
TXN001371,2024-11-15,20,PAYMENT,539.24,RU,283878.47,283339.23,0,0,0,1,0,31,LOW
TXN001372,2024-03-11,16,DEBIT,993.99,IR,99708.85,98714.86,0,0,0,1,0,33,LOW
TXN001373,2024-07-04,19,DEBIT,2301.56,UK,389710.77,387409.21,0,0,0,0,0,5,LOW
TXN001374,2024-02-04,17,DEBIT,4894.09,CN,259956.76,255062.67,0,0,0,0,0,4,LOW
TXN001375,2024-08-18,13,CASH_OUT,2352.95,CN,454261.34,451908.39,0,0,0,0,0,2,LOW
TXN001376,2024-10-02,3,CASH_OUT,20467.87,UK,377915.86,357447.99,0,0,0,0,1,40,MEDIUM
TXN001377,2024-11-09,4,CASH_OUT,53136.7,NG,291894.66,238757.96,0,0,0,1,1,93,HIGH
TXN001378,2024-10-15,12,CASH_OUT,3382.76,IR,328693.29,325310.53,0,0,0,1,0,34,LOW
TXN001379,2024-07-03,18,PAYMENT,176.43,US,23187.01,23010.58,0,0,0,0,0,3,LOW
TXN001380,2024-05-27,2,TRANSFER,46184.26,UK,421210.62,375026.36,0,1,0,0,1,61,MEDIUM
TXN001381,2024-07-15,18,CASH_OUT,1952.35,IR,247239.15,245286.8,0,0,0,1,0,31,LOW
TXN001382,2024-04-08,23,TRANSFER,44162.71,RU,293802.85,249640.14,0,0,0,1,1,69,MEDIUM
TXN001383,2024-05-28,21,TRANSFER,1560.23,IR,62486.75,60926.52,0,0,0,1,0,33,LOW
TXN001384,2024-06-17,11,PAYMENT,3293.95,IR,112642.02,109348.07,0,0,0,1,0,30,LOW
TXN001385,2024-07-18,9,CASH_IN,772.83,UK,82680.78,83453.61,0,0,0,0,0,1,LOW
TXN001386,2024-09-03,7,CASH_IN,3042.4,RU,421200.27,424242.67,0,0,0,1,0,33,LOW
TXN001387,2024-08-28,11,PAYMENT,8435.45,IR,224393.78,215958.33,0,0,0,1,0,30,LOW
TXN001388,2024-05-21,18,PAYMENT,41.47,UK,70957.42,70915.95,0,0,0,0,0,0,LOW
TXN001389,2024-06-06,15,PAYMENT,8600.81,NG,108158.46,99557.65,0,0,0,1,0,31,LOW
TXN001390,2024-05-02,16,PAYMENT,8103.4,US,210346.84,202243.44,0,0,0,0,0,5,LOW
TXN001391,2024-01-02,10,TRANSFER,221.59,MX,319419.65,319198.06,0,0,0,0,0,5,LOW
TXN001392,2024-09-02,18,CASH_OUT,6648.05,UK,470752.93,464104.88,0,0,0,0,0,4,LOW
TXN001393,2024-11-26,12,TRANSFER,12923.3,US,243484.19,230560.89,0,0,0,0,0,19,LOW
TXN001394,2024-11-25,20,CASH_IN,4963.64,UK,87627.05,92590.69,0,0,0,0,0,5,LOW
TXN001395,2024-01-01,20,DEBIT,4760.19,US,362028.82,357268.63,0,0,0,0,0,4,LOW
TXN001396,2024-03-03,15,CASH_IN,2426.8,MX,240672.81,243099.61,0,0,0,0,0,4,LOW
TXN001397,2024-06-02,19,TRANSFER,6359.18,US,418904.79,412545.61,0,0,0,0,0,5,LOW
TXN001398,2024-12-12,7,TRANSFER,7079.45,UK,66414.36,59334.91,0,0,0,0,0,5,LOW
TXN001399,2024-11-24,14,PAYMENT,1555.13,DE,256048.05,254492.92,0,0,0,0,0,2,LOW
TXN001400,2024-07-31,20,DEBIT,1835.11,IR,207439.14,205604.03,0,0,0,1,0,30,LOW
TXN001401,2024-09-16,15,DEBIT,5741.39,US,469098.48,463357.09,0,0,0,0,0,2,LOW
TXN001402,2024-12-25,10,CASH_IN,34.37,US,324428.33,324462.7,0,0,0,0,0,0,LOW
TXN001403,2024-12-19,8,TRANSFER,10127.01,MX,337588.14,327461.13,0,0,0,0,0,17,LOW
TXN001404,2024-11-08,16,CASH_OUT,505.88,MX,173751.99,173246.11,0,0,0,0,0,2,LOW
TXN001405,2024-11-19,8,PAYMENT,387.99,MX,219048.08,218660.09,0,0,0,0,0,1,LOW
TXN001406,2024-03-11,11,TRANSFER,6851.94,RU,32564.77,25712.83,0,0,0,1,0,34,LOW
TXN001407,2024-07-12,23,CASH_OUT,96936.57,NG,12198.03,0.0,0,1,0,1,1,100,HIGH
TXN001408,2024-01-15,21,TRANSFER,5721.05,CN,82707.15,76986.1,0,0,0,0,0,4,LOW
TXN001409,2024-01-14,23,TRANSFER,131565.66,US,175137.36,43571.7,0,0,0,0,1,64,MEDIUM
TXN001410,2024-08-28,16,CASH_OUT,821.03,UK,295159.83,294338.8,0,0,0,0,0,1,LOW
TXN001411,2024-10-18,11,TRANSFER,1805.32,US,427753.93,425948.61,0,0,0,0,0,4,LOW
TXN001412,2024-01-30,21,CASH_OUT,1177.64,MX,281236.74,280059.1,0,0,0,0,0,3,LOW
TXN001413,2024-02-10,18,CASH_IN,5070.18,NG,168338.09,173408.27,0,0,0,1,0,32,LOW
TXN001414,2024-07-01,11,CASH_IN,37.55,DE,166191.01,166228.56,0,0,0,0,0,2,LOW
TXN001415,2024-05-30,12,PAYMENT,2698.09,DE,226477.57,223779.48,0,0,0,0,0,1,LOW
TXN001416,2024-04-29,13,CASH_OUT,2835.46,RU,428020.89,425185.43,0,0,0,1,0,33,LOW
TXN001417,2024-02-21,10,PAYMENT,14475.96,MX,132208.55,117732.59,0,0,0,0,0,5,LOW
TXN001418,2024-03-24,13,CASH_IN,1774.41,DE,75502.8,77277.21,0,0,0,0,0,0,LOW
TXN001419,2024-10-26,20,CASH_OUT,10936.23,US,192901.78,181965.55,0,0,0,0,0,19,LOW
TXN001420,2024-09-08,21,CASH_IN,1009.07,US,240139.77,241148.84,0,0,0,0,0,4,LOW
TXN001421,2024-03-04,19,TRANSFER,146.05,US,294828.0,294681.95,0,0,0,0,0,3,LOW
TXN001422,2024-08-03,4,TRANSFER,130476.0,DE,448183.23,317707.23,0,0,0,0,1,65,MEDIUM
TXN001423,2024-02-26,13,TRANSFER,4243.01,UK,141694.91,137451.9,0,0,0,0,0,5,LOW
TXN001424,2024-01-30,17,TRANSFER,7946.99,US,130464.96,122517.97,0,0,0,0,0,1,LOW
TXN001425,2024-12-22,19,PAYMENT,1759.74,US,447729.77,445970.03,0,0,0,0,0,3,LOW
TXN001426,2024-09-04,13,CASH_OUT,4745.75,US,322341.6,317595.85,0,0,0,0,0,5,LOW
TXN001427,2024-03-08,19,CASH_OUT,3460.63,DE,360435.32,356974.69,0,0,0,0,0,5,LOW
TXN001428,2024-08-09,9,CASH_IN,6159.39,UK,393332.77,399492.16,0,0,0,0,0,1,LOW
TXN001429,2024-11-18,9,CASH_IN,6604.44,UK,143903.21,150507.65,0,0,0,0,0,5,LOW
TXN001430,2024-04-12,2,CASH_OUT,1651.62,CN,389391.92,387740.3,0,0,0,0,1,20,LOW
TXN001431,2024-01-26,8,PAYMENT,3046.59,US,196511.82,193465.23,0,0,0,0,0,4,LOW
TXN001432,2024-08-03,8,PAYMENT,4296.91,US,435047.79,430750.88,0,0,0,0,0,1,LOW
TXN001433,2024-08-20,7,TRANSFER,803.77,MX,263902.38,263098.61,0,0,0,0,0,4,LOW
TXN001434,2024-12-15,10,TRANSFER,490.3,UK,328153.19,327662.89,0,0,0,0,0,2,LOW
TXN001435,2024-09-04,11,DEBIT,11366.86,CN,142283.05,130916.19,0,0,0,0,0,5,LOW
TXN001436,2024-04-16,8,PAYMENT,4518.52,UK,2884.3,0.0,0,0,0,0,0,2,LOW
TXN001437,2024-12-26,13,PAYMENT,180.42,MX,214799.51,214619.09,0,0,0,0,0,2,LOW
TXN001438,2024-07-03,14,CASH_IN,205.73,US,352394.98,352600.71,0,0,0,0,0,4,LOW
TXN001439,2024-07-06,8,CASH_OUT,558.34,US,419720.53,419162.19,0,0,0,0,0,4,LOW
TXN001440,2024-07-05,14,CASH_OUT,3370.51,US,191551.44,188180.93,0,0,0,0,0,1,LOW
TXN001441,2024-07-17,9,CASH_IN,7103.26,CN,121504.97,128608.23,0,0,0,0,0,1,LOW
TXN001442,2024-07-18,18,DEBIT,281.15,US,491483.49,491202.34,0,0,0,0,0,4,LOW
TXN001443,2024-09-28,19,CASH_OUT,6993.24,DE,115953.85,108960.61,0,0,0,0,0,2,LOW
TXN001444,2024-07-22,14,TRANSFER,38.04,MX,382102.22,382064.18,0,0,0,0,0,1,LOW
TXN001445,2024-03-13,8,CASH_OUT,2330.25,MX,137803.42,135473.17,0,0,0,0,0,3,LOW
TXN001446,2024-06-29,19,CASH_IN,29.71,IR,363737.47,363767.18,0,0,0,1,0,35,LOW
TXN001447,2024-10-23,19,PAYMENT,3485.46,DE,89299.28,85813.82,0,0,0,0,0,3,LOW
TXN001448,2024-08-16,7,CASH_OUT,372.76,IR,385925.69,385552.93,0,0,0,1,0,33,LOW
TXN001449,2024-11-04,15,PAYMENT,3812.44,RU,98314.89,94502.45,0,0,0,1,0,35,LOW
TXN001450,2024-07-08,20,TRANSFER,1193.64,NG,201208.89,200015.25,0,0,0,1,0,31,LOW
TXN001451,2024-04-02,19,TRANSFER,859.67,UK,296999.5,296139.83,0,0,0,0,0,2,LOW
TXN001452,2024-04-02,23,CASH_OUT,61228.64,US,335949.5,274720.86,0,0,0,0,1,63,MEDIUM
TXN001453,2024-11-04,12,PAYMENT,1094.58,US,361777.18,360682.6,0,0,0,0,0,2,LOW
TXN001454,2024-11-11,12,CASH_OUT,1376.74,NG,308338.07,306961.33,0,0,0,1,0,31,LOW
TXN001455,2024-09-08,17,TRANSFER,9857.44,US,402736.81,392879.37,0,0,0,0,0,1,LOW
TXN001456,2024-02-24,21,CASH_IN,2197.72,NG,171260.92,173458.64,0,0,0,1,0,32,LOW
TXN001457,2024-08-02,10,DEBIT,2262.26,DE,350386.24,348123.98,0,0,0,0,0,2,LOW
TXN001458,2024-03-22,8,CASH_OUT,759.09,IR,236917.65,236158.56,0,0,0,1,0,30,LOW
TXN001459,2024-02-18,21,DEBIT,5035.97,CN,179803.79,174767.82,0,0,0,0,0,1,LOW
TXN001460,2024-04-03,3,TRANSFER,26265.43,NG,21161.22,0.0,0,1,0,1,1,90,HIGH
TXN001461,2024-02-10,8,PAYMENT,977.22,DE,300043.52,299066.3,0,0,0,0,0,4,LOW
TXN001462,2024-12-13,16,CASH_OUT,3567.23,DE,163545.25,159978.02,0,0,0,0,0,2,LOW
TXN001463,2024-07-04,20,CASH_IN,1053.42,RU,120722.17,121775.59,0,0,0,1,0,35,LOW
TXN001464,2024-09-15,17,CASH_OUT,1588.48,US,395571.86,393983.38,0,0,0,0,0,1,LOW
TXN001465,2024-10-17,17,CASH_OUT,419.13,US,494072.94,493653.81,0,0,0,0,0,0,LOW
TXN001466,2024-05-25,16,TRANSFER,184.98,US,234751.53,234566.55,0,0,0,0,0,3,LOW
TXN001467,2024-07-28,21,PAYMENT,1369.93,UK,192589.14,191219.21,0,0,0,0,0,1,LOW
TXN001468,2024-03-14,16,TRANSFER,520.75,MX,198629.73,198108.98,0,0,0,0,0,1,LOW
TXN001469,2024-01-29,20,PAYMENT,9431.79,MX,448202.6,438770.81,0,0,0,0,0,4,LOW
TXN001470,2024-05-15,10,TRANSFER,4559.62,NG,393935.23,389375.61,0,0,0,1,0,35,LOW
TXN001471,2024-09-09,8,CASH_OUT,1772.12,IR,354844.31,353072.19,0,0,0,1,0,32,LOW
TXN001472,2024-11-28,7,CASH_IN,4633.86,NG,392808.86,397442.72,0,0,0,1,0,31,LOW
TXN001473,2024-02-15,13,TRANSFER,7948.41,US,365408.61,357460.2,0,0,0,0,0,0,LOW
TXN001474,2024-12-06,11,PAYMENT,1124.12,DE,415017.54,413893.42,0,0,0,0,0,4,LOW
TXN001475,2024-12-12,19,CASH_OUT,2451.1,IR,115780.43,113329.33,0,0,0,1,0,34,LOW
TXN001476,2024-04-05,9,CASH_IN,4102.79,US,385846.45,389949.24,0,0,0,0,0,2,LOW
TXN001477,2024-06-23,15,CASH_IN,4829.48,MX,73255.32,78084.8,0,0,0,0,0,4,LOW
TXN001478,2024-09-30,18,DEBIT,3215.3,US,150673.31,147458.01,0,0,0,0,0,1,LOW
TXN001479,2024-01-29,7,DEBIT,1953.13,MX,234431.22,232478.09,0,0,0,0,0,4,LOW
TXN001480,2024-01-12,18,DEBIT,5770.49,IR,391368.78,385598.29,0,0,0,1,0,32,LOW
TXN001481,2024-06-19,15,CASH_IN,3531.48,US,451166.44,454697.92,0,0,0,0,0,2,LOW
TXN001482,2024-11-13,10,PAYMENT,2072.59,MX,332629.15,330556.56,0,0,0,0,0,1,LOW
TXN001483,2024-08-04,17,PAYMENT,826.68,DE,386361.64,385534.96,0,0,0,0,0,4,LOW
TXN001484,2024-01-03,14,PAYMENT,2559.77,CN,462163.4,459603.63,0,0,0,0,0,4,LOW
TXN001485,2024-04-10,7,CASH_IN,5738.29,US,492133.34,497871.63,0,0,0,0,0,5,LOW
TXN001486,2024-02-23,23,CASH_OUT,3338.47,NG,433715.02,430376.55,0,0,0,1,1,54,MEDIUM
TXN001487,2024-11-06,13,CASH_OUT,4568.06,UK,202105.02,197536.96,0,0,0,0,0,4,LOW
TXN001488,2024-07-26,4,TRANSFER,13754.74,US,369350.34,355595.6,0,0,0,0,1,40,MEDIUM
TXN001489,2024-05-23,1,TRANSFER,28807.32,NG,235222.61,206415.29,0,1,0,1,1,91,HIGH
TXN001490,2024-09-08,17,DEBIT,10332.99,US,410646.95,400313.96,0,0,0,0,0,0,LOW
TXN001491,2024-05-23,8,CASH_OUT,460.64,UK,46708.86,46248.22,0,0,0,0,0,0,LOW
TXN001492,2024-05-08,21,CASH_OUT,2543.99,UK,195274.16,192730.17,0,0,0,0,0,2,LOW
TXN001493,2024-11-16,17,CASH_IN,7458.97,IR,185905.09,193364.06,0,0,0,1,0,35,LOW
TXN001494,2024-05-02,17,CASH_IN,3480.21,CN,51912.01,55392.22,0,0,0,0,0,4,LOW
TXN001495,2024-07-13,8,PAYMENT,209.44,US,48448.52,48239.08,0,0,0,0,0,2,LOW
TXN001496,2024-04-01,15,PAYMENT,1690.89,US,238330.07,236639.18,0,0,0,0,0,2,LOW
TXN001497,2024-09-01,13,CASH_IN,16350.61,US,263171.19,279521.8,0,0,0,0,0,1,LOW
TXN001498,2024-08-28,11,CASH_IN,2145.65,IR,205820.09,207965.74,0,0,0,1,0,32,LOW
TXN001499,2024-09-05,8,CASH_IN,3602.89,NG,418682.98,422285.87,0,0,0,1,0,34,LOW
TXN001500,2024-06-19,9,CASH_OUT,634.27,US,340209.82,339575.55,0,0,0,0,0,5,LOW
TXN001501,2024-09-26,21,PAYMENT,290.27,US,187902.87,187612.6,0,0,0,0,0,4,LOW
TXN001502,2024-12-24,17,PAYMENT,5594.82,US,468010.52,462415.7,0,0,0,0,0,2,LOW
TXN001503,2024-03-03,7,CASH_OUT,796.5,UK,324799.6,324003.1,0,0,0,0,0,0,LOW
TXN001504,2024-04-19,18,CASH_OUT,141.82,NG,275335.23,275193.41,0,0,0,1,0,34,LOW
TXN001505,2024-03-31,13,TRANSFER,3856.65,MX,431462.96,427606.31,0,0,0,0,0,4,LOW
TXN001506,2024-11-26,4,CASH_OUT,36622.55,US,405377.91,368755.36,0,1,0,0,1,60,MEDIUM
TXN001507,2024-10-07,11,TRANSFER,2510.6,UK,240295.21,237784.61,0,0,0,0,0,1,LOW
TXN001508,2024-06-25,16,TRANSFER,6381.2,DE,179824.33,173443.13,0,0,0,0,0,0,LOW
TXN001509,2024-05-17,15,PAYMENT,2336.74,MX,256193.93,253857.19,0,0,0,0,0,1,LOW
TXN001510,2024-04-26,18,CASH_OUT,7132.59,DE,345078.62,337946.03,0,0,0,0,0,0,LOW
TXN001511,2024-05-15,14,TRANSFER,1961.24,RU,483538.64,481577.4,0,0,0,1,0,34,LOW
TXN001512,2024-02-22,15,TRANSFER,1667.24,MX,62812.43,61145.19,0,0,0,0,0,5,LOW
TXN001513,2024-03-04,13,DEBIT,5586.02,MX,273686.46,268100.44,0,0,0,0,0,3,LOW
TXN001514,2024-07-04,13,DEBIT,2502.07,US,317828.99,315326.92,0,0,0,0,0,3,LOW
TXN001515,2024-10-02,17,CASH_OUT,1554.47,US,261371.07,259816.6,0,0,0,0,0,5,LOW
TXN001516,2024-06-13,10,CASH_IN,256.01,US,375772.67,376028.68,0,0,0,0,0,5,LOW
TXN001517,2024-04-15,10,PAYMENT,644.73,US,429078.22,428433.49,0,0,0,0,0,2,LOW
TXN001518,2024-02-22,8,CASH_IN,18.65,IR,340512.28,340530.93,0,0,0,1,0,34,LOW
TXN001519,2024-10-13,14,TRANSFER,1019.34,CN,244449.04,243429.7,0,0,0,0,0,5,LOW
TXN001520,2024-10-13,2,CASH_OUT,66295.06,DE,390691.11,324396.05,0,1,0,0,1,85,HIGH
TXN001521,2024-02-20,18,DEBIT,858.2,MX,254592.65,253734.45,0,0,0,0,0,3,LOW
TXN001522,2024-05-18,16,TRANSFER,6927.8,MX,249256.1,242328.3,0,0,0,0,0,4,LOW
TXN001523,2024-02-12,15,PAYMENT,7045.77,UK,471407.09,464361.32,0,0,0,0,0,4,LOW
TXN001524,2024-03-26,19,CASH_OUT,7403.26,US,37871.86,30468.6,0,0,0,0,0,5,LOW
TXN001525,2024-08-09,12,DEBIT,731.05,US,163119.12,162388.07,0,0,0,0,0,2,LOW
TXN001526,2024-12-18,23,TRANSFER,24619.68,RU,331160.34,306540.66,0,0,0,1,1,66,MEDIUM
TXN001527,2024-06-02,17,CASH_OUT,651.65,UK,417389.72,416738.07,0,0,0,0,0,3,LOW
TXN001528,2024-07-27,8,CASH_OUT,907.2,DE,273978.97,273071.77,0,0,0,0,0,2,LOW
TXN001529,2024-12-23,11,CASH_IN,118.13,DE,85252.28,85370.41,0,0,0,0,0,1,LOW
TXN001530,2024-10-21,11,CASH_OUT,1051.7,MX,418323.04,417271.34,0,0,0,0,0,3,LOW
TXN001531,2024-09-28,17,DEBIT,1598.72,US,271392.14,269793.42,0,0,0,0,0,1,LOW
TXN001532,2024-05-19,3,TRANSFER,79785.0,US,120579.69,40794.69,0,1,0,0,1,85,HIGH
TXN001533,2024-12-25,16,DEBIT,1343.4,CN,295191.43,293848.03,0,0,0,0,0,0,LOW
TXN001534,2024-04-20,13,TRANSFER,987.56,IR,25225.23,24237.67,0,0,0,1,0,30,LOW
TXN001535,2024-05-07,3,CASH_OUT,857.76,NG,252988.15,252130.39,0,0,0,1,1,54,MEDIUM
TXN001536,2024-01-09,14,CASH_IN,9345.48,UK,184242.07,193587.55,0,0,0,0,0,5,LOW
TXN001537,2024-02-26,1,CASH_OUT,88150.45,IR,48209.27,0.0,0,0,0,1,1,94,HIGH
TXN001538,2024-09-25,23,TRANSFER,28134.35,IR,192679.31,164544.96,0,0,0,1,1,70,HIGH
TXN001539,2024-04-08,20,TRANSFER,4180.65,UK,388631.58,384450.93,0,0,0,0,0,3,LOW
TXN001540,2024-11-11,21,TRANSFER,6969.79,IR,339567.12,332597.33,0,0,0,1,0,31,LOW
TXN001541,2024-03-07,19,CASH_IN,2760.85,US,216365.88,219126.73,0,0,0,0,0,0,LOW
TXN001542,2024-09-15,8,CASH_OUT,3166.87,CN,79769.31,76602.44,0,0,0,0,0,4,LOW
TXN001543,2024-05-18,13,CASH_IN,947.78,UK,89989.96,90937.74,0,0,0,0,0,2,LOW
TXN001544,2024-08-25,20,CASH_OUT,8610.79,IR,278896.69,270285.9,0,0,0,1,0,32,LOW
TXN001545,2024-10-21,16,PAYMENT,5322.79,US,142575.07,137252.28,0,0,0,0,0,2,LOW
TXN001546,2024-02-24,21,PAYMENT,5251.2,UK,369391.17,364139.97,0,0,0,0,0,1,LOW
TXN001547,2024-07-16,14,TRANSFER,449.95,US,56460.56,56010.61,0,0,0,0,0,3,LOW
TXN001548,2024-03-29,10,CASH_OUT,302.26,US,183118.45,182816.19,0,0,0,0,0,1,LOW
TXN001549,2024-12-10,8,CASH_IN,156.93,UK,136899.84,137056.77,0,0,0,0,0,1,LOW
TXN001550,2024-01-14,12,CASH_OUT,691.83,RU,24053.28,23361.45,0,0,0,1,0,30,LOW
TXN001551,2024-05-05,18,CASH_IN,2829.87,IR,341266.48,344096.35,0,0,0,1,0,31,LOW
TXN001552,2024-05-23,9,PAYMENT,1902.15,DE,170036.6,168134.45,0,0,0,0,0,3,LOW
TXN001553,2024-02-04,15,CASH_OUT,175.86,UK,314712.21,314536.35,0,0,0,0,0,2,LOW
TXN001554,2024-01-20,7,DEBIT,999.84,DE,266937.92,265938.08,0,0,0,0,0,5,LOW
TXN001555,2024-05-22,20,CASH_OUT,8121.27,MX,420797.11,412675.84,0,0,0,0,0,1,LOW
TXN001556,2024-05-18,21,DEBIT,3036.97,US,475104.0,472067.03,0,0,0,0,0,1,LOW
TXN001557,2024-01-30,17,TRANSFER,2410.74,RU,370547.18,368136.44,0,0,0,1,0,31,LOW
TXN001558,2024-09-11,15,CASH_IN,620.66,RU,357685.63,358306.29,0,0,0,1,0,33,LOW
TXN001559,2024-05-24,23,CASH_OUT,108758.29,NG,249601.41,140843.12,0,1,0,1,1,100,HIGH
TXN001560,2024-01-02,10,PAYMENT,1746.69,DE,341122.75,339376.06,0,0,0,0,0,0,LOW
TXN001561,2024-05-26,21,DEBIT,9891.01,DE,427697.17,417806.16,0,0,0,0,0,2,LOW
TXN001562,2024-06-18,14,TRANSFER,2349.15,CN,47447.81,45098.66,0,0,0,0,0,4,LOW
TXN001563,2024-10-27,9,DEBIT,8273.53,UK,298156.32,289882.79,0,0,0,0,0,4,LOW
TXN001564,2024-05-03,9,TRANSFER,3580.13,NG,240194.42,236614.29,0,0,0,1,0,35,LOW
TXN001565,2024-01-09,9,TRANSFER,2278.6,US,152888.57,150609.97,0,0,0,0,0,0,LOW
TXN001566,2024-10-18,7,DEBIT,870.19,DE,249809.24,248939.05,0,0,0,0,0,4,LOW
TXN001567,2024-09-22,14,CASH_IN,1140.75,NG,84862.9,86003.65,0,0,0,1,0,35,LOW
TXN001568,2024-09-11,18,DEBIT,4890.42,MX,127993.58,123103.16,0,0,0,0,0,3,LOW
TXN001569,2024-04-16,19,TRANSFER,8308.03,DE,58924.19,50616.16,0,0,0,0,0,0,LOW
TXN001570,2024-02-26,17,CASH_OUT,1546.68,US,102872.44,101325.76,0,0,0,0,0,1,LOW
TXN001571,2024-03-06,8,CASH_OUT,7648.77,DE,220743.43,213094.66,0,0,0,0,0,4,LOW
TXN001572,2024-02-16,8,PAYMENT,5431.73,CN,102320.4,96888.67,0,0,0,0,0,5,LOW
TXN001573,2024-10-09,8,CASH_IN,102.99,UK,1990.04,2093.03,0,0,0,0,0,5,LOW
TXN001574,2024-10-23,13,CASH_OUT,298.04,UK,111281.06,110983.02,0,0,0,0,0,4,LOW
TXN001575,2024-08-26,12,DEBIT,2399.92,US,387920.87,385520.95,0,0,0,0,0,1,LOW
TXN001576,2024-04-03,18,CASH_IN,4667.6,US,63679.35,68346.95,0,0,0,0,0,0,LOW
TXN001577,2024-01-26,10,CASH_IN,3497.31,US,334950.0,338447.31,0,0,0,0,0,4,LOW
TXN001578,2024-08-26,19,CASH_IN,1825.79,US,188670.5,190496.29,0,0,0,0,0,5,LOW
TXN001579,2024-07-16,16,PAYMENT,7732.49,UK,343274.39,335541.9,0,0,0,0,0,2,LOW
TXN001580,2024-03-08,19,CASH_OUT,13823.92,IR,155312.48,141488.56,0,0,0,1,0,35,LOW
TXN001581,2024-01-07,18,CASH_IN,1231.08,RU,116379.69,117610.77,0,0,0,1,0,34,LOW
TXN001582,2024-09-22,14,TRANSFER,145.7,US,325789.59,325643.89,0,0,0,0,0,2,LOW
TXN001583,2024-09-07,20,PAYMENT,234.68,RU,47860.72,47626.04,0,0,0,1,0,32,LOW
TXN001584,2024-02-26,8,TRANSFER,3676.93,US,456708.56,453031.63,0,0,0,0,0,0,LOW
TXN001585,2024-05-26,21,CASH_OUT,4184.07,US,19572.59,15388.52,0,0,0,0,0,3,LOW
TXN001586,2024-09-02,16,TRANSFER,19932.06,MX,291163.79,271231.73,0,0,0,0,0,19,LOW
TXN001587,2024-07-19,15,CASH_OUT,32.81,US,168771.33,168738.52,0,0,0,0,0,5,LOW
TXN001588,2024-06-10,12,TRANSFER,1121.49,US,200885.27,199763.78,0,0,0,0,0,1,LOW
TXN001589,2024-05-22,14,DEBIT,619.35,UK,74534.76,73915.41,0,0,0,0,0,3,LOW
TXN001590,2024-12-13,3,TRANSFER,12643.92,RU,162746.92,150103.0,0,1,0,1,1,91,HIGH
TXN001591,2024-01-05,9,DEBIT,2455.07,MX,25663.2,23208.13,0,0,0,0,0,1,LOW
TXN001592,2024-07-16,13,DEBIT,1424.74,UK,465603.53,464178.79,0,0,0,0,0,4,LOW
TXN001593,2024-12-06,4,CASH_OUT,131938.54,US,284103.25,152164.71,0,0,0,0,1,64,MEDIUM
TXN001594,2024-04-16,10,CASH_IN,2302.51,MX,285228.0,287530.51,0,0,0,0,0,3,LOW
TXN001595,2024-05-14,11,CASH_OUT,280.26,MX,270848.82,270568.56,0,0,0,0,0,3,LOW
TXN001596,2024-10-19,20,DEBIT,14544.23,US,309703.64,295159.41,0,0,0,0,0,2,LOW
TXN001597,2024-08-16,9,DEBIT,505.22,UK,22404.0,21898.78,0,0,0,0,0,3,LOW
TXN001598,2024-11-24,10,PAYMENT,7991.6,MX,306889.18,298897.58,0,0,0,0,0,4,LOW
TXN001599,2024-06-18,8,DEBIT,13250.09,IR,44643.95,31393.86,0,0,0,1,0,33,LOW
TXN001600,2024-07-11,17,CASH_OUT,2228.42,DE,473597.75,471369.33,0,0,0,0,0,4,LOW
TXN001601,2024-04-21,7,CASH_OUT,2998.96,IR,76904.36,73905.4,0,0,0,1,0,31,LOW
TXN001602,2024-07-21,16,PAYMENT,425.56,UK,19399.24,18973.68,0,0,0,0,0,2,LOW
TXN001603,2024-11-21,10,CASH_OUT,2566.06,US,129961.14,127395.08,0,0,0,0,0,5,LOW
TXN001604,2024-11-04,2,TRANSFER,94089.34,NG,324094.87,230005.53,0,1,0,1,1,100,HIGH
TXN001605,2024-06-17,23,TRANSFER,45702.9,US,125346.44,79643.54,0,0,0,0,1,35,LOW
TXN001606,2024-05-28,21,TRANSFER,34.12,NG,282883.8,282849.68,0,0,0,1,0,33,LOW
TXN001607,2024-09-18,10,DEBIT,608.85,MX,483188.92,482580.07,0,0,0,0,0,5,LOW
TXN001608,2024-10-10,11,TRANSFER,706.71,US,244523.82,243817.11,0,0,0,0,0,5,LOW
TXN001609,2024-03-27,14,CASH_OUT,5737.94,MX,300297.84,294559.9,0,0,0,0,0,0,LOW
TXN001610,2024-09-29,19,DEBIT,6520.26,IR,116907.29,110387.03,0,0,0,1,0,35,LOW
TXN001611,2024-06-14,14,CASH_IN,3843.62,IR,317339.54,321183.16,0,0,0,1,0,31,LOW
TXN001612,2024-11-28,12,PAYMENT,2448.04,DE,139417.01,136968.97,0,0,0,0,0,0,LOW
TXN001613,2024-10-05,21,TRANSFER,4426.45,US,191140.57,186714.12,0,0,0,0,0,0,LOW
TXN001614,2024-12-11,15,DEBIT,6152.4,UK,419407.3,413254.9,0,0,0,0,0,5,LOW
TXN001615,2024-12-02,21,PAYMENT,15171.92,RU,71044.24,55872.32,0,0,0,1,0,35,LOW
TXN001616,2024-09-03,21,TRANSFER,556.16,US,299540.62,298984.46,0,0,0,0,0,1,LOW
TXN001617,2024-07-01,11,CASH_OUT,13926.77,US,38237.34,24310.57,0,0,0,0,0,17,LOW
TXN001618,2024-01-16,15,PAYMENT,934.95,NG,407677.9,406742.95,0,0,0,1,0,30,LOW
TXN001619,2024-07-22,10,PAYMENT,487.74,US,264991.27,264503.53,0,0,0,0,0,2,LOW
TXN001620,2024-04-03,21,DEBIT,5734.49,DE,1853.8,0.0,0,0,0,0,0,2,LOW
TXN001621,2024-05-25,21,DEBIT,2735.39,UK,98567.93,95832.54,0,0,0,0,0,4,LOW
TXN001622,2024-02-15,10,DEBIT,969.26,UK,97001.67,96032.41,0,0,0,0,0,3,LOW
TXN001623,2024-12-22,9,DEBIT,399.59,US,259027.08,258627.49,0,0,0,0,0,0,LOW
TXN001624,2024-07-05,13,CASH_OUT,3118.28,RU,465511.73,462393.45,0,0,0,1,0,33,LOW
TXN001625,2024-07-29,11,CASH_IN,1390.64,UK,488165.72,489556.36,0,0,0,0,0,4,LOW
TXN001626,2024-05-28,9,PAYMENT,475.15,US,7092.99,6617.84,0,0,0,0,0,5,LOW
TXN001627,2024-08-13,10,PAYMENT,2455.99,US,402384.29,399928.3,0,0,0,0,0,2,LOW
TXN001628,2024-06-30,10,CASH_OUT,208.55,US,262834.79,262626.24,0,0,0,0,0,1,LOW
TXN001629,2024-01-17,15,PAYMENT,9512.68,CN,389551.03,380038.35,0,0,0,0,0,0,LOW
TXN001630,2024-09-26,19,CASH_OUT,3107.23,UK,199626.05,196518.82,0,0,0,0,0,5,LOW
TXN001631,2024-05-15,13,DEBIT,1135.33,RU,9291.41,8156.08,0,0,0,1,0,30,LOW
TXN001632,2024-09-21,18,CASH_IN,3164.68,RU,60939.71,64104.39,0,0,0,1,0,31,LOW
TXN001633,2024-03-13,11,CASH_IN,2026.29,CN,186025.64,188051.93,0,0,0,0,0,3,LOW
TXN001634,2024-01-15,13,DEBIT,3151.25,CN,339399.9,336248.65,0,0,0,0,0,0,LOW
TXN001635,2024-11-21,12,TRANSFER,718.24,US,183425.35,182707.11,0,0,0,0,0,3,LOW
TXN001636,2024-12-09,14,TRANSFER,306.34,RU,392858.93,392552.59,0,0,0,1,0,32,LOW
TXN001637,2024-01-28,1,CASH_OUT,18510.25,NG,87958.52,69448.27,0,1,0,1,1,93,HIGH
TXN001638,2024-10-11,10,CASH_OUT,5650.24,US,269494.09,263843.85,0,0,0,0,0,5,LOW
TXN001639,2024-08-13,17,TRANSFER,1330.79,US,100223.23,98892.44,0,0,0,0,0,0,LOW
TXN001640,2024-12-14,20,CASH_IN,5530.0,US,190896.44,196426.44,0,0,0,0,0,2,LOW
TXN001641,2024-11-07,16,CASH_OUT,8389.35,NG,463089.96,454700.61,0,0,0,1,0,31,LOW
TXN001642,2024-12-07,15,CASH_IN,1559.22,MX,154278.85,155838.07,0,0,0,0,0,1,LOW
TXN001643,2024-03-30,7,CASH_OUT,304.12,CN,42592.72,42288.6,0,0,0,0,0,4,LOW
TXN001644,2024-03-24,18,CASH_IN,283.78,US,141783.4,142067.18,0,0,0,0,0,4,LOW
TXN001645,2024-02-10,18,PAYMENT,154.2,CN,364486.99,364332.79,0,0,0,0,0,0,LOW
TXN001646,2024-11-24,19,TRANSFER,30.3,UK,217971.56,217941.26,0,0,0,0,0,0,LOW
TXN001647,2024-03-27,17,DEBIT,2834.55,DE,463000.07,460165.52,0,0,0,0,0,0,LOW
TXN001648,2024-12-29,9,PAYMENT,4681.28,NG,325078.19,320396.91,0,0,0,1,0,31,LOW
TXN001649,2024-10-03,23,CASH_OUT,18616.53,NG,165647.58,147031.05,0,0,0,1,1,69,MEDIUM
TXN001650,2024-06-07,17,CASH_OUT,1196.24,US,361242.41,360046.17,0,0,0,0,0,0,LOW
TXN001651,2024-07-15,15,CASH_OUT,873.07,US,421679.5,420806.43,0,0,0,0,0,2,LOW
TXN001652,2024-03-23,17,CASH_IN,1276.5,US,44001.68,45278.18,0,0,0,0,0,2,LOW
TXN001653,2024-03-13,9,CASH_OUT,1952.02,IR,476146.79,474194.77,0,0,0,1,0,35,LOW
TXN001654,2024-02-20,12,CASH_OUT,4691.89,RU,252271.19,247579.3,0,0,0,1,0,31,LOW
TXN001655,2024-07-12,19,CASH_OUT,289.58,IR,385218.75,384929.17,0,0,0,1,0,35,LOW
TXN001656,2024-01-21,17,TRANSFER,3694.05,NG,154535.55,150841.5,0,0,0,1,0,33,LOW
TXN001657,2024-06-27,3,CASH_OUT,26188.45,IR,396771.41,370582.96,0,1,0,1,1,92,HIGH
TXN001658,2024-09-28,19,CASH_OUT,3141.27,CN,459254.9,456113.63,0,0,0,0,0,4,LOW
TXN001659,2024-09-04,11,PAYMENT,347.22,NG,122514.47,122167.25,0,0,0,1,0,35,LOW
TXN001660,2024-04-07,9,TRANSFER,123.97,CN,52791.35,52667.38,0,0,0,0,0,0,LOW
TXN001661,2024-03-10,13,TRANSFER,5418.99,US,386.64,0.0,0,0,0,0,0,3,LOW
TXN001662,2024-07-24,11,TRANSFER,4434.58,US,100383.59,95949.01,0,0,0,0,0,2,LOW
TXN001663,2024-03-02,17,PAYMENT,3983.12,NG,155565.37,151582.25,0,0,0,1,0,32,LOW
TXN001664,2024-11-13,15,PAYMENT,9969.11,US,88900.52,78931.41,0,0,0,0,0,1,LOW
TXN001665,2024-08-02,18,CASH_OUT,5791.01,DE,226335.99,220544.98,0,0,0,0,0,5,LOW
TXN001666,2024-01-24,14,DEBIT,3610.49,MX,216790.96,213180.47,0,0,0,0,0,3,LOW
TXN001667,2024-11-05,16,TRANSFER,4898.72,US,432288.57,427389.85,0,0,0,0,0,1,LOW
TXN001668,2024-01-12,16,CASH_OUT,3201.42,DE,104201.24,100999.82,0,0,0,0,0,1,LOW
TXN001669,2024-10-13,21,DEBIT,2579.45,US,13308.42,10728.97,0,0,0,0,0,3,LOW
TXN001670,2024-10-17,16,CASH_IN,1423.64,CN,499636.24,501059.88,0,0,0,0,0,0,LOW
TXN001671,2024-05-02,21,CASH_OUT,1591.48,IR,433918.91,432327.43,0,0,0,1,0,30,LOW
TXN001672,2024-02-22,8,TRANSFER,3793.22,IR,282622.97,278829.75,0,0,0,1,0,31,LOW
TXN001673,2024-04-02,20,CASH_OUT,1740.05,US,62529.6,60789.55,0,0,0,0,0,0,LOW
TXN001674,2024-05-30,11,PAYMENT,4099.2,UK,243014.18,238914.98,0,0,0,0,0,1,LOW
TXN001675,2024-04-03,13,PAYMENT,1485.64,UK,349837.35,348351.71,0,0,0,0,0,5,LOW
TXN001676,2024-04-21,8,CASH_OUT,1882.91,US,246093.9,244210.99,0,0,0,0,0,4,LOW
TXN001677,2024-09-03,4,TRANSFER,19228.89,NG,268559.71,249330.82,0,1,0,1,1,94,HIGH
TXN001678,2024-01-17,11,TRANSFER,6025.17,NG,270820.43,264795.26,0,0,0,1,0,32,LOW
TXN001679,2024-08-25,7,DEBIT,2340.46,DE,140928.81,138588.35,0,0,0,0,0,0,LOW
TXN001680,2024-09-19,14,CASH_OUT,391.8,US,494934.48,494542.68,0,0,0,0,0,0,LOW
TXN001681,2024-09-04,16,TRANSFER,10213.81,US,357322.04,347108.23,0,0,0,0,0,17,LOW
TXN001682,2024-05-06,18,DEBIT,2698.25,DE,335629.63,332931.38,0,0,0,0,0,0,LOW
TXN001683,2024-01-23,23,CASH_OUT,14647.44,NG,378815.45,364168.01,0,1,0,1,1,93,HIGH
TXN001684,2024-12-20,12,TRANSFER,1052.7,UK,324323.36,323270.66,0,0,0,0,0,5,LOW
TXN001685,2024-02-10,18,CASH_OUT,4040.15,IR,250446.35,246406.2,0,0,0,1,0,32,LOW
TXN001686,2024-05-27,7,CASH_IN,594.45,US,181858.93,182453.38,0,0,0,0,0,3,LOW
TXN001687,2024-05-10,9,TRANSFER,6161.79,UK,31477.94,25316.15,0,0,0,0,0,5,LOW
TXN001688,2024-11-21,20,DEBIT,4088.85,US,395198.86,391110.01,0,0,0,0,0,3,LOW
TXN001689,2024-02-18,12,PAYMENT,5143.77,US,279025.81,273882.04,0,0,0,0,0,3,LOW
TXN001690,2024-01-29,9,DEBIT,1982.41,CN,150548.13,148565.72,0,0,0,0,0,0,LOW
TXN001691,2024-10-25,11,CASH_IN,946.43,RU,284274.42,285220.85,0,0,0,1,0,30,LOW
TXN001692,2024-10-13,13,CASH_IN,1337.23,NG,451915.43,453252.66,0,0,0,1,0,31,LOW
TXN001693,2024-12-09,12,CASH_IN,4346.13,CN,472033.84,476379.97,0,0,0,0,0,0,LOW
TXN001694,2024-10-14,10,PAYMENT,2032.12,IR,397368.43,395336.31,0,0,0,1,0,34,LOW
TXN001695,2024-03-11,12,TRANSFER,1126.02,US,282483.54,281357.52,0,0,0,0,0,5,LOW
TXN001696,2024-12-04,11,TRANSFER,1293.24,US,261161.55,259868.31,0,0,0,0,0,1,LOW
TXN001697,2024-12-02,15,TRANSFER,109.58,US,260655.68,260546.1,0,0,0,0,0,4,LOW
TXN001698,2024-01-24,4,TRANSFER,3495.91,IR,247751.35,244255.44,0,0,0,1,1,51,MEDIUM
TXN001699,2024-09-12,7,CASH_IN,822.15,UK,429693.96,430516.11,0,0,0,0,0,1,LOW
TXN001700,2024-11-17,19,TRANSFER,4977.11,US,17694.09,12716.98,0,0,0,0,0,4,LOW
TXN001701,2024-01-25,17,DEBIT,3742.6,CN,126676.83,122934.23,0,0,0,0,0,0,LOW
TXN001702,2024-06-30,23,CASH_OUT,56343.05,CN,56974.0,630.95,0,1,0,0,1,85,HIGH
TXN001703,2024-03-05,4,CASH_OUT,7149.35,NG,223109.95,215960.6,0,1,0,1,1,79,HIGH
TXN001704,2024-04-10,18,CASH_IN,7098.21,RU,350580.28,357678.49,0,0,0,1,0,35,LOW
TXN001705,2024-06-27,9,TRANSFER,3261.47,IR,156013.98,152752.51,0,0,0,1,0,33,LOW
TXN001706,2024-08-28,20,CASH_IN,4302.79,RU,275101.64,279404.43,0,0,0,1,0,34,LOW
TXN001707,2024-05-25,12,TRANSFER,7061.75,US,228017.68,220955.93,0,0,0,0,0,1,LOW
TXN001708,2024-10-19,21,CASH_OUT,683.62,CN,392452.49,391768.87,0,0,0,0,0,5,LOW
TXN001709,2024-12-06,15,CASH_OUT,9876.46,MX,422350.9,412474.44,0,0,0,0,0,2,LOW
TXN001710,2024-09-30,9,TRANSFER,494.38,NG,316810.74,316316.36,0,0,0,1,0,33,LOW
TXN001711,2024-09-29,2,TRANSFER,39359.94,CN,4674.98,0.0,0,1,0,0,1,65,MEDIUM
TXN001712,2024-03-07,17,CASH_IN,242.79,UK,149138.82,149381.61,0,0,0,0,0,4,LOW
TXN001713,2024-12-16,13,CASH_IN,5224.44,CN,474264.97,479489.41,0,0,0,0,0,5,LOW
TXN001714,2024-01-06,9,TRANSFER,931.03,US,367918.77,366987.74,0,0,0,0,0,2,LOW
TXN001715,2024-01-14,17,CASH_OUT,2226.74,CN,190772.02,188545.28,0,0,0,0,0,4,LOW
TXN001716,2024-03-11,8,DEBIT,3719.78,US,321157.23,317437.45,0,0,0,0,0,3,LOW
TXN001717,2024-08-13,12,CASH_OUT,359.48,US,339845.8,339486.32,0,0,0,0,0,0,LOW
TXN001718,2024-05-20,13,DEBIT,924.24,UK,318643.12,317718.88,0,0,0,0,0,5,LOW
TXN001719,2024-03-19,10,TRANSFER,1785.08,US,467333.92,465548.84,0,0,0,0,0,3,LOW
TXN001720,2024-01-10,13,CASH_OUT,3764.07,UK,141098.78,137334.71,0,0,0,0,0,4,LOW
TXN001721,2024-02-11,11,CASH_IN,244.99,NG,307192.75,307437.74,0,0,0,1,0,34,LOW
TXN001722,2024-10-10,10,PAYMENT,9442.26,NG,139049.02,129606.76,0,0,0,1,0,34,LOW
TXN001723,2024-12-10,15,PAYMENT,2322.51,US,133203.0,130880.49,0,0,0,0,0,2,LOW
TXN001724,2024-09-24,12,CASH_OUT,1134.62,MX,258659.7,257525.08,0,0,0,0,0,5,LOW
TXN001725,2024-06-08,7,TRANSFER,5598.17,US,328112.98,322514.81,0,0,0,0,0,1,LOW
TXN001726,2024-02-16,1,CASH_OUT,1946.55,CN,442209.46,440262.91,0,1,0,0,1,45,MEDIUM
TXN001727,2024-02-12,13,DEBIT,140.37,IR,320304.59,320164.22,0,0,0,1,0,34,LOW
TXN001728,2024-12-27,8,CASH_OUT,15226.87,UK,126488.26,111261.39,0,0,0,0,0,19,LOW
TXN001729,2024-03-27,4,CASH_OUT,41792.39,IR,118908.02,77115.63,0,1,0,1,1,91,HIGH
TXN001730,2024-09-25,7,TRANSFER,1933.13,MX,364801.85,362868.72,0,0,0,0,0,1,LOW
TXN001731,2024-11-04,13,TRANSFER,5658.43,DE,278315.35,272656.92,0,0,0,0,0,2,LOW
TXN001732,2024-04-22,15,PAYMENT,688.73,US,184559.63,183870.9,0,0,0,0,0,5,LOW
TXN001733,2024-10-10,1,TRANSFER,5693.86,RU,50578.47,44884.61,0,0,0,1,1,55,MEDIUM
TXN001734,2024-04-11,8,CASH_OUT,1671.72,NG,231677.55,230005.83,0,0,0,1,0,33,LOW
TXN001735,2024-07-29,20,CASH_OUT,1051.14,NG,11320.77,10269.63,0,0,0,1,0,30,LOW
TXN001736,2024-03-10,18,PAYMENT,524.61,IR,82202.68,81678.07,0,0,0,1,0,35,LOW
TXN001737,2024-11-05,1,TRANSFER,26160.6,UK,308897.87,282737.27,0,1,0,0,1,64,MEDIUM
TXN001738,2024-09-08,20,DEBIT,3324.2,MX,425583.47,422259.27,0,0,0,0,0,0,LOW
TXN001739,2024-11-09,13,CASH_IN,1144.95,DE,104425.02,105569.97,0,0,0,0,0,3,LOW
TXN001740,2024-06-11,7,TRANSFER,6090.75,UK,409076.38,402985.63,0,0,0,0,0,5,LOW
TXN001741,2024-02-25,16,PAYMENT,2728.58,MX,321445.0,318716.42,0,0,0,0,0,2,LOW
TXN001742,2024-03-25,9,TRANSFER,1440.33,CN,203148.85,201708.52,0,0,0,0,0,4,LOW
TXN001743,2024-03-16,18,CASH_IN,6666.87,IR,473582.44,480249.31,0,0,0,1,0,33,LOW
TXN001744,2024-06-07,19,TRANSFER,371.69,US,8445.89,8074.2,0,0,0,0,0,1,LOW
TXN001745,2024-11-28,20,TRANSFER,5360.3,MX,191112.25,185751.95,0,0,0,0,0,5,LOW
TXN001746,2024-07-27,21,DEBIT,2089.78,IR,300279.52,298189.74,0,0,0,1,0,31,LOW
TXN001747,2024-12-21,8,DEBIT,375.78,US,403223.92,402848.14,0,0,0,0,0,1,LOW
TXN001748,2024-02-24,19,PAYMENT,4688.39,US,60027.26,55338.87,0,0,0,0,0,0,LOW
TXN001749,2024-01-24,14,TRANSFER,9414.96,DE,31761.69,22346.73,0,0,0,0,0,5,LOW
TXN001750,2024-07-07,18,PAYMENT,1826.82,MX,349981.34,348154.52,0,0,0,0,0,1,LOW
TXN001751,2024-05-19,9,PAYMENT,357.8,US,351379.12,351021.32,0,0,0,0,0,2,LOW
TXN001752,2024-12-30,9,DEBIT,971.92,US,139984.65,139012.73,0,0,0,0,0,0,LOW
TXN001753,2024-10-03,15,CASH_OUT,5894.32,UK,93846.96,87952.64,0,0,0,0,0,4,LOW
TXN001754,2024-06-03,14,PAYMENT,1124.25,US,470719.35,469595.1,0,0,0,0,0,4,LOW
TXN001755,2024-12-05,12,CASH_IN,1602.66,IR,12112.57,13715.23,0,0,0,1,0,32,LOW
TXN001756,2024-06-17,10,TRANSFER,6395.42,IR,268865.02,262469.6,0,0,0,1,0,33,LOW
TXN001757,2024-01-14,17,DEBIT,4806.73,US,210305.34,205498.61,0,0,0,0,0,4,LOW
TXN001758,2024-05-21,11,CASH_IN,6565.7,MX,85488.01,92053.71,0,0,0,0,0,0,LOW
TXN001759,2024-01-07,20,CASH_OUT,2767.48,NG,249845.58,247078.1,0,0,0,1,0,33,LOW
TXN001760,2024-11-15,9,CASH_IN,521.26,UK,487341.56,487862.82,0,0,0,0,0,2,LOW
TXN001761,2024-08-08,21,CASH_IN,2532.11,US,194746.66,197278.77,0,0,0,0,0,2,LOW
TXN001762,2024-08-30,17,CASH_IN,6951.36,DE,94649.45,101600.81,0,0,0,0,0,4,LOW
TXN001763,2024-02-14,20,PAYMENT,1650.46,UK,65884.79,64234.33,0,0,0,0,0,1,LOW
TXN001764,2024-10-18,15,PAYMENT,815.68,RU,87007.52,86191.84,0,0,0,1,0,35,LOW
TXN001765,2024-01-24,18,CASH_IN,5868.0,IR,2779.96,8647.96,0,0,0,1,0,34,LOW
TXN001766,2024-12-16,13,PAYMENT,6977.44,CN,443672.56,436695.12,0,0,0,0,0,1,LOW
TXN001767,2024-05-15,15,CASH_IN,3429.3,US,145271.37,148700.67,0,0,0,0,0,0,LOW
TXN001768,2024-12-11,10,CASH_IN,3973.4,UK,317347.25,321320.65,0,0,0,0,0,4,LOW
TXN001769,2024-02-08,19,CASH_IN,1016.22,US,197239.36,198255.58,0,0,0,0,0,2,LOW
TXN001770,2024-11-14,23,CASH_OUT,62242.56,IR,139232.93,76990.37,0,0,0,1,1,92,HIGH
TXN001771,2024-08-21,11,CASH_IN,1819.95,RU,8298.92,10118.87,0,0,0,1,0,35,LOW
TXN001772,2024-02-03,18,CASH_OUT,6075.37,IR,417912.34,411836.97,0,0,0,1,0,33,LOW
TXN001773,2024-09-08,12,TRANSFER,8411.77,DE,336919.74,328507.97,0,0,0,0,0,1,LOW
TXN001774,2024-04-26,14,CASH_IN,859.16,UK,215468.51,216327.67,0,0,0,0,0,4,LOW
TXN001775,2024-07-23,16,CASH_IN,5607.85,RU,416790.68,422398.53,0,0,0,1,0,30,LOW
TXN001776,2024-03-17,11,PAYMENT,139.26,US,11361.44,11222.18,0,0,0,0,0,3,LOW
TXN001777,2024-10-05,8,TRANSFER,2311.75,UK,138811.34,136499.59,0,0,0,0,0,1,LOW
TXN001778,2024-11-25,11,DEBIT,483.66,US,417764.7,417281.04,0,0,0,0,0,0,LOW
TXN001779,2024-12-26,7,PAYMENT,1174.62,RU,350310.35,349135.73,0,0,0,1,0,34,LOW
TXN001780,2024-01-12,8,CASH_IN,1635.8,US,99046.47,100682.27,0,0,0,0,0,2,LOW
TXN001781,2024-09-20,21,DEBIT,2963.78,UK,303059.11,300095.33,0,0,0,0,0,5,LOW
TXN001782,2024-09-10,8,TRANSFER,1685.22,US,121773.17,120087.95,0,0,0,0,0,2,LOW
TXN001783,2024-07-13,14,CASH_OUT,1938.24,DE,238492.33,236554.09,0,0,0,0,0,0,LOW
TXN001784,2024-11-17,7,DEBIT,4130.91,CN,253684.74,249553.83,0,0,0,0,0,3,LOW
TXN001785,2024-07-03,11,CASH_OUT,12281.65,US,138069.06,125787.41,0,0,0,0,0,20,LOW
TXN001786,2024-08-19,20,DEBIT,1774.12,DE,246697.15,244923.03,0,0,0,0,0,4,LOW
TXN001787,2024-05-18,9,TRANSFER,1049.31,MX,446683.45,445634.14,0,0,0,0,0,4,LOW
TXN001788,2024-02-08,19,DEBIT,71.2,RU,407042.31,406971.11,0,0,0,1,0,32,LOW
TXN001789,2024-12-03,8,TRANSFER,1978.52,US,402282.24,400303.72,0,0,0,0,0,4,LOW
TXN001790,2024-03-29,11,PAYMENT,2306.29,MX,413372.78,411066.49,0,0,0,0,0,5,LOW
TXN001791,2024-03-24,10,DEBIT,5749.78,DE,357497.5,351747.72,0,0,0,0,0,5,LOW
TXN001792,2024-11-28,8,CASH_OUT,1035.1,UK,335909.78,334874.68,0,0,0,0,0,1,LOW
TXN001793,2024-11-10,7,CASH_OUT,2314.39,CN,5044.46,2730.07,0,0,0,0,0,0,LOW
TXN001794,2024-06-03,13,DEBIT,2323.05,NG,404803.79,402480.74,0,0,0,1,0,31,LOW
TXN001795,2024-05-07,11,PAYMENT,4875.63,UK,19468.09,14592.46,0,0,0,0,0,0,LOW
TXN001796,2024-10-03,14,CASH_IN,6830.14,US,250376.3,257206.44,0,0,0,0,0,2,LOW
TXN001797,2024-06-15,15,TRANSFER,6768.44,DE,307192.47,300424.03,0,0,0,0,0,5,LOW
TXN001798,2024-11-02,17,CASH_IN,9248.31,UK,404188.25,413436.56,0,0,0,0,0,0,LOW
TXN001799,2024-10-07,15,PAYMENT,3124.23,US,314574.36,311450.13,0,0,0,0,0,3,LOW
TXN001800,2024-05-31,7,TRANSFER,21.23,MX,224509.98,224488.75,0,0,0,0,0,5,LOW
TXN001801,2024-03-10,16,TRANSFER,3373.54,CN,327238.1,323864.56,0,0,0,0,0,2,LOW
TXN001802,2024-07-22,15,DEBIT,2911.98,UK,461853.61,458941.63,0,0,0,0,0,5,LOW
TXN001803,2024-01-29,12,PAYMENT,9341.19,NG,85133.49,75792.3,0,0,0,1,0,32,LOW
TXN001804,2024-09-26,20,PAYMENT,1377.16,US,128932.77,127555.61,0,0,0,0,0,2,LOW
TXN001805,2024-01-21,14,PAYMENT,4125.88,DE,253621.13,249495.25,0,0,0,0,0,3,LOW
TXN001806,2024-02-10,15,DEBIT,837.68,US,478505.17,477667.49,0,0,0,0,0,0,LOW
TXN001807,2024-11-16,17,CASH_OUT,3632.85,CN,17914.53,14281.68,0,0,0,0,0,5,LOW
TXN001808,2024-11-29,23,TRANSFER,50022.93,US,323399.78,273376.85,0,0,0,0,1,63,MEDIUM
TXN001809,2024-12-23,4,CASH_OUT,418.3,US,36943.19,36524.89,0,0,0,0,1,20,LOW
TXN001810,2024-03-18,7,TRANSFER,3905.69,US,241974.08,238068.39,0,0,0,0,0,5,LOW
TXN001811,2024-09-06,18,PAYMENT,1439.5,US,293743.99,292304.49,0,0,0,0,0,1,LOW
TXN001812,2024-01-01,10,CASH_IN,5355.6,US,142898.77,148254.37,0,0,0,0,0,2,LOW
TXN001813,2024-03-10,9,CASH_IN,11604.35,US,426454.99,438059.34,0,0,0,0,0,2,LOW
TXN001814,2024-07-18,20,CASH_OUT,1919.8,CN,286342.49,284422.69,0,0,0,0,0,3,LOW
TXN001815,2024-08-19,11,TRANSFER,691.87,US,475511.23,474819.36,0,0,0,0,0,3,LOW
TXN001816,2024-12-07,14,CASH_IN,599.3,DE,115660.1,116259.4,0,0,0,0,0,3,LOW
TXN001817,2024-02-08,11,PAYMENT,12194.71,DE,476808.8,464614.09,0,0,0,0,0,1,LOW
TXN001818,2024-02-08,20,CASH_IN,4022.25,US,57024.51,61046.76,0,0,0,0,0,1,LOW
TXN001819,2024-04-27,14,PAYMENT,3494.52,MX,383273.23,379778.71,0,0,0,0,0,4,LOW
TXN001820,2024-07-24,21,DEBIT,2570.06,US,270763.24,268193.18,0,0,0,0,0,5,LOW
TXN001821,2024-06-02,11,CASH_IN,5898.81,DE,57516.15,63414.96,0,0,0,0,0,0,LOW
TXN001822,2024-12-26,18,CASH_OUT,4490.74,US,71623.98,67133.24,0,0,0,0,0,5,LOW
TXN001823,2024-07-01,21,TRANSFER,273.41,UK,344700.94,344427.53,0,0,0,0,0,2,LOW
TXN001824,2024-08-15,13,TRANSFER,13439.93,US,428643.11,415203.18,0,0,0,0,0,20,LOW
TXN001825,2024-08-20,17,CASH_OUT,7715.53,CN,79506.84,71791.31,0,0,0,0,0,1,LOW
TXN001826,2024-01-09,10,PAYMENT,3675.3,DE,166349.91,162674.61,0,0,0,0,0,2,LOW
TXN001827,2024-06-14,17,CASH_OUT,1002.26,DE,499721.84,498719.58,0,0,0,0,0,0,LOW
TXN001828,2024-10-06,19,DEBIT,1704.38,UK,357317.91,355613.53,0,0,0,0,0,3,LOW
TXN001829,2024-03-08,13,DEBIT,5979.88,DE,7876.44,1896.56,0,0,0,0,0,0,LOW
TXN001830,2024-07-14,15,CASH_IN,1094.78,IR,216452.36,217547.14,0,0,0,1,0,30,LOW
TXN001831,2024-12-05,13,TRANSFER,807.68,CN,374232.51,373424.83,0,0,0,0,0,3,LOW
TXN001832,2024-05-05,14,CASH_IN,991.74,NG,144220.86,145212.6,0,0,0,1,0,32,LOW
TXN001833,2024-08-11,21,TRANSFER,3461.3,RU,242329.41,238868.11,0,0,0,1,0,32,LOW
TXN001834,2024-04-20,15,PAYMENT,480.14,US,83815.9,83335.76,0,0,0,0,0,3,LOW
TXN001835,2024-10-09,7,TRANSFER,1455.49,UK,420406.04,418950.55,0,0,0,0,0,2,LOW
TXN001836,2024-07-26,19,CASH_OUT,4051.07,US,168888.86,164837.79,0,0,0,0,0,4,LOW
TXN001837,2024-02-10,8,CASH_OUT,511.37,IR,211422.34,210910.97,0,0,0,1,0,34,LOW
TXN001838,2024-11-11,19,CASH_OUT,4123.63,US,293704.2,289580.57,0,0,0,0,0,4,LOW
TXN001839,2024-07-01,7,TRANSFER,786.97,UK,375864.55,375077.58,0,0,0,0,0,3,LOW
TXN001840,2024-10-22,9,CASH_IN,1179.72,UK,296856.79,298036.51,0,0,0,0,0,1,LOW
TXN001841,2024-08-20,12,DEBIT,9437.54,US,421962.09,412524.55,0,0,0,0,0,4,LOW
TXN001842,2024-06-23,18,TRANSFER,7986.97,NG,18866.74,10879.77,0,0,0,1,0,35,LOW
TXN001843,2024-03-23,7,CASH_OUT,4966.45,DE,281354.98,276388.53,0,0,0,0,0,2,LOW
TXN001844,2024-08-20,12,PAYMENT,2326.87,US,419490.87,417164.0,0,0,0,0,0,3,LOW
TXN001845,2024-10-25,16,DEBIT,5962.83,CN,132687.67,126724.84,0,0,0,0,0,1,LOW
TXN001846,2024-12-22,9,PAYMENT,1435.53,UK,144845.88,143410.35,0,0,0,0,0,1,LOW
TXN001847,2024-10-13,12,PAYMENT,2907.26,US,495195.73,492288.47,0,0,0,0,0,5,LOW
TXN001848,2024-12-26,12,DEBIT,4532.28,RU,129819.1,125286.82,0,0,0,1,0,35,LOW
TXN001849,2024-01-10,10,TRANSFER,264.94,DE,391047.08,390782.14,0,0,0,0,0,5,LOW
TXN001850,2024-04-27,10,CASH_OUT,26338.21,US,173485.69,147147.48,0,0,0,0,0,17,LOW
TXN001851,2024-11-12,8,DEBIT,1497.27,MX,417125.91,415628.64,0,0,0,0,0,5,LOW
TXN001852,2024-12-02,19,TRANSFER,1914.08,US,125142.36,123228.28,0,0,0,0,0,3,LOW
TXN001853,2024-08-15,17,CASH_OUT,702.61,CN,4742.55,4039.94,0,0,0,0,0,5,LOW
TXN001854,2024-09-27,19,CASH_OUT,4109.14,US,156915.97,152806.83,0,0,0,0,0,2,LOW
TXN001855,2024-07-20,21,DEBIT,20.21,US,463760.95,463740.74,0,0,0,0,0,2,LOW
TXN001856,2024-11-19,21,TRANSFER,1926.87,US,328858.25,326931.38,0,0,0,0,0,5,LOW
TXN001857,2024-02-17,15,CASH_OUT,2556.99,US,495414.5,492857.51,0,0,0,0,0,3,LOW
TXN001858,2024-01-14,16,TRANSFER,432.63,US,320074.85,319642.22,0,0,0,0,0,0,LOW
TXN001859,2024-10-12,8,CASH_OUT,1766.04,UK,266527.48,264761.44,0,0,0,0,0,5,LOW
TXN001860,2024-03-17,7,TRANSFER,2548.04,UK,174072.99,171524.95,0,0,0,0,0,2,LOW
TXN001861,2024-03-17,7,CASH_IN,5593.57,US,321491.54,327085.11,0,0,0,0,0,1,LOW
TXN001862,2024-05-20,15,CASH_OUT,1152.02,US,181480.28,180328.26,0,0,0,0,0,2,LOW
TXN001863,2024-12-11,18,TRANSFER,3271.7,US,328948.7,325677.0,0,0,0,0,0,0,LOW
TXN001864,2024-03-19,16,TRANSFER,718.24,US,418823.35,418105.11,0,0,0,0,0,3,LOW
TXN001865,2024-12-24,1,TRANSFER,23482.45,RU,461266.18,437783.73,0,0,0,1,1,68,MEDIUM
TXN001866,2024-05-12,9,TRANSFER,1162.18,US,218733.14,217570.96,0,0,0,0,0,4,LOW
TXN001867,2024-09-26,3,TRANSFER,134016.17,NG,222511.74,88495.57,0,1,0,1,1,100,HIGH
TXN001868,2024-09-27,23,CASH_OUT,15666.52,US,69209.79,53543.27,0,0,0,0,1,38,LOW
TXN001869,2024-01-21,19,DEBIT,1682.26,US,119349.85,117667.59,0,0,0,0,0,2,LOW
TXN001870,2024-02-14,19,PAYMENT,906.15,US,89889.65,88983.5,0,0,0,0,0,3,LOW
TXN001871,2024-08-21,17,CASH_OUT,2913.61,MX,73797.94,70884.33,0,0,0,0,0,2,LOW
TXN001872,2024-04-16,1,TRANSFER,57036.66,IR,246340.47,189303.81,0,1,0,1,1,100,HIGH
TXN001873,2024-03-25,14,CASH_IN,1915.15,US,115072.38,116987.53,0,0,0,0,0,4,LOW
TXN001874,2024-01-18,1,TRANSFER,36779.2,RU,397401.36,360622.16,0,0,0,1,1,65,MEDIUM
TXN001875,2024-03-12,16,PAYMENT,14410.55,US,414627.23,400216.68,0,0,0,0,0,0,LOW
TXN001876,2024-05-28,15,DEBIT,2459.75,US,246164.41,243704.66,0,0,0,0,0,5,LOW
TXN001877,2024-02-27,3,TRANSFER,21250.18,IR,176272.07,155021.89,0,1,0,1,1,92,HIGH
TXN001878,2024-01-09,8,DEBIT,1220.8,US,101254.04,100033.24,0,0,0,0,0,4,LOW
TXN001879,2024-01-31,21,DEBIT,2752.24,UK,309960.71,307208.47,0,0,0,0,0,3,LOW
TXN001880,2024-05-25,21,CASH_OUT,5245.88,MX,223221.95,217976.07,0,0,0,0,0,4,LOW
TXN001881,2024-09-19,14,TRANSFER,2528.74,CN,21077.62,18548.88,0,0,0,0,0,5,LOW
TXN001882,2024-03-16,8,CASH_OUT,7929.74,US,161212.47,153282.73,0,0,0,0,0,2,LOW
TXN001883,2024-08-27,13,PAYMENT,122.48,DE,431931.99,431809.51,0,0,0,0,0,0,LOW
TXN001884,2024-01-27,2,CASH_OUT,19105.68,IR,454184.43,435078.75,0,0,0,1,1,65,MEDIUM
TXN001885,2024-10-15,19,CASH_OUT,4389.78,IR,119565.99,115176.21,0,0,0,1,0,35,LOW
TXN001886,2024-04-15,19,PAYMENT,371.24,US,476885.66,476514.42,0,0,0,0,0,3,LOW
TXN001887,2024-07-17,16,TRANSFER,3084.99,US,50476.4,47391.41,0,0,0,0,0,0,LOW
TXN001888,2024-10-16,1,TRANSFER,13117.32,CN,166690.29,153572.97,0,1,0,0,1,64,MEDIUM
TXN001889,2024-08-24,7,CASH_OUT,8460.01,NG,313204.02,304744.01,0,0,0,1,0,32,LOW
TXN001890,2024-01-01,16,PAYMENT,320.28,CN,389887.39,389567.11,0,0,0,0,0,3,LOW
TXN001891,2024-06-15,16,TRANSFER,13021.85,US,114211.76,101189.91,0,0,0,0,0,16,LOW
TXN001892,2024-02-12,13,TRANSFER,260.53,RU,76933.75,76673.22,0,0,0,1,0,34,LOW
TXN001893,2024-03-09,18,DEBIT,10240.33,US,357754.24,347513.91,0,0,0,0,0,4,LOW
TXN001894,2024-06-02,21,CASH_IN,1021.85,IR,401392.86,402414.71,0,0,0,1,0,33,LOW
TXN001895,2024-10-29,16,PAYMENT,2005.24,MX,34514.56,32509.32,0,0,0,0,0,3,LOW
TXN001896,2024-01-03,18,CASH_OUT,90.12,NG,446340.65,446250.53,0,0,0,1,0,30,LOW
TXN001897,2024-09-03,9,CASH_OUT,1205.93,US,465099.6,463893.67,0,0,0,0,0,3,LOW
TXN001898,2024-12-24,14,TRANSFER,766.39,MX,30638.36,29871.97,0,0,0,0,0,3,LOW
TXN001899,2024-03-05,9,CASH_IN,10888.86,US,201285.22,212174.08,0,0,0,0,0,0,LOW
TXN001900,2024-09-08,17,PAYMENT,2843.26,DE,137962.28,135119.02,0,0,0,0,0,1,LOW
TXN001901,2024-08-18,13,CASH_OUT,452.88,US,175361.39,174908.51,0,0,0,0,0,0,LOW
TXN001902,2024-09-15,8,DEBIT,5292.0,UK,223854.87,218562.87,0,0,0,0,0,1,LOW
TXN001903,2024-09-21,21,PAYMENT,5783.16,MX,225797.92,220014.76,0,0,0,0,0,1,LOW
TXN001904,2024-11-28,21,PAYMENT,576.66,NG,82845.99,82269.33,0,0,0,1,0,33,LOW
TXN001905,2024-04-06,17,DEBIT,3906.51,NG,384180.2,380273.69,0,0,0,1,0,31,LOW
TXN001906,2024-12-02,9,CASH_OUT,247.18,UK,438464.95,438217.77,0,0,0,0,0,1,LOW
TXN001907,2024-03-02,15,PAYMENT,1170.6,IR,357925.85,356755.25,0,0,0,1,0,34,LOW
TXN001908,2024-07-11,13,CASH_OUT,4238.58,IR,184382.86,180144.28,0,0,0,1,0,33,LOW
TXN001909,2024-06-27,11,TRANSFER,2526.1,US,63115.65,60589.55,0,0,0,0,0,0,LOW
TXN001910,2024-08-24,13,TRANSFER,5531.86,DE,11452.69,5920.83,0,0,0,0,0,2,LOW
TXN001911,2024-09-11,14,CASH_OUT,181.82,IR,179651.71,179469.89,0,0,0,1,0,31,LOW
TXN001912,2024-04-21,7,DEBIT,1125.04,US,376223.36,375098.32,0,0,0,0,0,2,LOW
TXN001913,2024-02-13,9,CASH_OUT,2919.43,US,43067.74,40148.31,0,0,0,0,0,0,LOW
TXN001914,2024-09-17,16,CASH_OUT,16299.52,US,200753.4,184453.88,0,0,0,0,0,15,LOW
TXN001915,2024-07-04,16,CASH_IN,4707.69,UK,315087.45,319795.14,0,0,0,0,0,2,LOW
TXN001916,2024-09-30,17,CASH_IN,1607.75,UK,222515.65,224123.4,0,0,0,0,0,4,LOW
TXN001917,2024-07-06,18,CASH_OUT,5694.49,UK,381952.0,376257.51,0,0,0,0,0,2,LOW
TXN001918,2024-10-22,10,CASH_OUT,11797.91,MX,209118.21,197320.3,0,0,0,0,0,15,LOW
TXN001919,2024-12-07,19,DEBIT,1766.24,IR,494394.9,492628.66,0,0,0,1,0,34,LOW
TXN001920,2024-07-05,20,PAYMENT,4111.08,DE,245065.65,240954.57,0,0,0,0,0,3,LOW
TXN001921,2024-10-28,2,TRANSFER,35091.39,NG,369093.85,334002.46,0,0,0,1,1,65,MEDIUM
TXN001922,2024-08-21,15,DEBIT,7962.93,US,7772.26,0.0,0,0,0,0,0,1,LOW
TXN001923,2024-08-27,18,CASH_OUT,6103.09,US,481770.6,475667.51,0,0,0,0,0,0,LOW
TXN001924,2024-12-24,3,CASH_OUT,15452.83,DE,446616.33,431163.5,0,1,0,0,1,63,MEDIUM
TXN001925,2024-11-27,11,DEBIT,3398.82,US,428238.15,424839.33,0,0,0,0,0,3,LOW
TXN001926,2024-10-17,8,DEBIT,2961.29,US,292319.8,289358.51,0,0,0,0,0,2,LOW
TXN001927,2024-04-19,10,DEBIT,15516.35,US,110889.46,95373.11,0,0,0,0,0,1,LOW
TXN001928,2024-09-06,14,PAYMENT,3201.45,US,441177.73,437976.28,0,0,0,0,0,0,LOW
TXN001929,2024-09-02,13,PAYMENT,723.61,CN,431010.02,430286.41,0,0,0,0,0,4,LOW
TXN001930,2024-12-19,7,DEBIT,264.31,US,210044.22,209779.91,0,0,0,0,0,3,LOW
TXN001931,2024-07-06,20,CASH_IN,2224.21,NG,477522.56,479746.77,0,0,0,1,0,30,LOW
TXN001932,2024-03-02,13,PAYMENT,494.32,UK,325266.27,324771.95,0,0,0,0,0,3,LOW
TXN001933,2024-08-17,21,TRANSFER,3444.31,UK,191063.85,187619.54,0,0,0,0,0,2,LOW
TXN001934,2024-01-24,7,CASH_OUT,2382.85,US,122496.79,120113.94,0,0,0,0,0,3,LOW
TXN001935,2024-04-12,16,TRANSFER,1038.11,US,180915.65,179877.54,0,0,0,0,0,1,LOW
TXN001936,2024-12-30,16,DEBIT,952.66,UK,260706.0,259753.34,0,0,0,0,0,5,LOW
TXN001937,2024-10-05,9,TRANSFER,3837.6,US,122347.29,118509.69,0,0,0,0,0,0,LOW
TXN001938,2024-01-31,10,CASH_IN,918.12,CN,379148.43,380066.55,0,0,0,0,0,3,LOW
TXN001939,2024-02-27,9,CASH_IN,1494.41,US,492666.72,494161.13,0,0,0,0,0,5,LOW
TXN001940,2024-03-24,14,TRANSFER,380.24,US,220988.8,220608.56,0,0,0,0,0,3,LOW
TXN001941,2024-05-13,1,CASH_OUT,9895.66,IR,435215.53,425319.87,1,1,0,1,1,100,HIGH
TXN001942,2024-03-14,7,TRANSFER,3993.49,NG,360697.48,356703.99,0,0,0,1,0,33,LOW
TXN001943,2024-11-01,20,PAYMENT,2515.98,MX,265827.17,263311.19,0,0,0,0,0,1,LOW
TXN001944,2024-02-12,10,TRANSFER,5162.55,UK,304833.6,299671.05,0,0,0,0,0,3,LOW
TXN001945,2024-11-10,2,CASH_OUT,59870.41,MX,83956.64,24086.23,0,1,0,0,1,90,HIGH
TXN001946,2024-07-16,4,TRANSFER,65364.52,RU,386279.08,320914.56,0,0,0,1,1,91,HIGH
TXN001947,2024-04-23,8,PAYMENT,9837.16,NG,177706.17,167869.01,0,0,0,1,0,35,LOW
TXN001948,2024-11-01,12,CASH_IN,2809.64,NG,194380.77,197190.41,0,0,0,1,0,33,LOW
TXN001949,2024-08-04,8,DEBIT,974.95,US,420132.89,419157.94,0,0,0,0,0,3,LOW
TXN001950,2024-08-07,14,PAYMENT,2023.94,NG,241123.15,239099.21,0,0,0,1,0,30,LOW
TXN001951,2024-08-26,8,PAYMENT,5949.64,US,229343.6,223393.96,0,0,0,0,0,1,LOW
TXN001952,2024-06-06,14,PAYMENT,12100.94,DE,320560.26,308459.32,0,0,0,0,0,4,LOW
TXN001953,2024-06-09,19,PAYMENT,229.84,IR,218253.3,218023.46,0,0,0,1,0,34,LOW
TXN001954,2024-10-08,16,CASH_IN,2608.2,MX,289511.07,292119.27,0,0,0,0,0,3,LOW
TXN001955,2024-03-11,23,CASH_OUT,4965.9,RU,334971.31,330005.41,0,1,0,1,1,77,HIGH
TXN001956,2024-01-22,17,DEBIT,3824.96,US,41593.25,37768.29,0,0,0,0,0,5,LOW
TXN001957,2024-04-08,11,DEBIT,1242.0,US,464556.26,463314.26,0,0,0,0,0,3,LOW
TXN001958,2024-05-12,19,CASH_IN,185.64,US,122014.24,122199.88,0,0,0,0,0,4,LOW
TXN001959,2024-08-18,19,CASH_IN,1118.99,DE,269503.56,270622.55,0,0,0,0,0,2,LOW
TXN001960,2024-12-03,17,CASH_IN,3543.55,NG,448515.24,452058.79,0,0,0,1,0,33,LOW
TXN001961,2024-07-07,20,DEBIT,587.48,US,31900.47,31312.99,0,0,0,0,0,1,LOW
TXN001962,2024-07-16,20,CASH_IN,844.61,RU,223137.99,223982.6,0,0,0,1,0,31,LOW
TXN001963,2024-05-21,13,PAYMENT,5543.39,US,94985.3,89441.91,0,0,0,0,0,0,LOW
TXN001964,2024-02-13,20,DEBIT,1295.54,UK,29954.05,28658.51,0,0,0,0,0,4,LOW
TXN001965,2024-08-07,15,TRANSFER,2339.12,IR,114820.18,112481.06,0,0,0,1,0,33,LOW
TXN001966,2024-08-25,10,PAYMENT,1441.68,MX,284967.84,283526.16,0,0,0,0,0,5,LOW
TXN001967,2024-07-17,16,TRANSFER,613.08,US,177466.84,176853.76,0,0,0,0,0,1,LOW
TXN001968,2024-08-05,18,TRANSFER,1660.71,NG,476448.5,474787.79,0,0,0,1,0,34,LOW
TXN001969,2024-09-22,20,PAYMENT,2656.55,CN,249597.97,246941.42,0,0,0,0,0,4,LOW
TXN001970,2024-05-11,7,DEBIT,3259.89,IR,428964.68,425704.79,0,0,0,1,0,30,LOW
TXN001971,2024-12-30,19,PAYMENT,2182.23,UK,399361.9,397179.67,0,0,0,0,0,0,LOW
TXN001972,2024-05-26,21,PAYMENT,13273.09,RU,445337.21,432064.12,0,0,0,1,0,34,LOW
TXN001973,2024-05-01,1,CASH_OUT,20590.18,IR,493624.37,473034.19,0,0,0,1,1,69,MEDIUM
TXN001974,2024-07-26,1,TRANSFER,342510.13,RU,298467.46,0.0,0,0,0,1,1,91,HIGH
TXN001975,2024-08-07,2,TRANSFER,9980.57,MX,93590.78,83610.21,1,1,0,0,1,87,HIGH
TXN001976,2024-09-15,14,CASH_IN,1956.28,UK,302752.85,304709.13,0,0,0,0,0,0,LOW
TXN001977,2024-12-20,13,CASH_IN,1141.11,UK,232180.02,233321.13,0,0,0,0,0,5,LOW
TXN001978,2024-07-31,20,PAYMENT,6748.18,US,105969.06,99220.88,0,0,0,0,0,1,LOW
TXN001979,2024-06-13,18,CASH_IN,2251.61,NG,298267.5,300519.11,0,0,0,1,0,31,LOW
TXN001980,2024-11-03,17,DEBIT,1992.37,NG,454389.34,452396.97,0,0,0,1,0,32,LOW
TXN001981,2024-12-27,7,CASH_OUT,1041.43,DE,265573.35,264531.92,0,0,0,0,0,4,LOW
TXN001982,2024-10-02,8,CASH_OUT,4623.26,US,424740.75,420117.49,0,0,0,0,0,5,LOW
TXN001983,2024-04-04,7,CASH_IN,23820.13,US,104430.91,128251.04,0,0,0,0,0,0,LOW
TXN001984,2024-06-19,18,DEBIT,1852.42,NG,312507.87,310655.45,0,0,0,1,0,30,LOW
TXN001985,2024-04-24,9,CASH_IN,1228.08,US,23967.34,25195.42,0,0,0,0,0,2,LOW
TXN001986,2024-10-04,18,DEBIT,1348.38,IR,217559.63,216211.25,0,0,0,1,0,30,LOW
TXN001987,2024-08-02,11,PAYMENT,2523.31,US,439364.7,436841.39,0,0,0,0,0,3,LOW
TXN001988,2024-03-22,14,DEBIT,2856.06,RU,292197.71,289341.65,0,0,0,1,0,34,LOW
TXN001989,2024-09-30,7,CASH_IN,2285.08,UK,53322.55,55607.63,0,0,0,0,0,4,LOW
TXN001990,2024-02-02,19,CASH_IN,1756.37,DE,215510.92,217267.29,0,0,0,0,0,2,LOW
TXN001991,2024-04-02,18,DEBIT,10527.77,DE,476342.04,465814.27,0,0,0,0,0,1,LOW
TXN001992,2024-12-07,10,CASH_IN,2332.03,US,370308.57,372640.6,0,0,0,0,0,3,LOW
TXN001993,2024-09-24,10,DEBIT,3924.4,UK,51614.78,47690.38,0,0,0,0,0,5,LOW
TXN001994,2024-04-27,20,TRANSFER,1913.3,UK,284943.28,283029.98,0,0,0,0,0,1,LOW
TXN001995,2024-12-11,3,TRANSFER,74655.82,NG,240825.06,166169.24,0,1,0,1,1,100,HIGH
TXN001996,2024-12-22,15,DEBIT,737.99,UK,337366.34,336628.35,0,0,0,0,0,2,LOW
TXN001997,2024-08-13,19,PAYMENT,2091.18,IR,488279.22,486188.04,0,0,0,1,0,30,LOW
TXN001998,2024-11-11,18,TRANSFER,7697.55,RU,143815.46,136117.91,0,0,0,1,0,32,LOW
TXN001999,2024-07-24,21,TRANSFER,452.02,US,312773.61,312321.59,0,0,0,0,0,5,LOW
TXN002000,2024-10-20,17,PAYMENT,944.95,IR,178432.62,177487.67,0,0,0,1,0,32,LOW
TXN002001,2024-09-10,14,PAYMENT,1135.27,US,273101.78,271966.51,0,0,0,0,0,2,LOW
TXN002002,2024-05-13,2,CASH_OUT,21186.08,RU,163958.32,142772.24,0,0,0,1,1,66,MEDIUM
TXN002003,2024-07-16,17,TRANSFER,419.06,NG,147966.62,147547.56,0,0,0,1,0,35,LOW
TXN002004,2024-12-04,7,CASH_OUT,2.29,CN,89500.96,89498.67,0,0,0,0,0,5,LOW
TXN002005,2024-12-16,8,PAYMENT,1852.25,US,255099.77,253247.52,0,0,0,0,0,3,LOW
TXN002006,2024-01-26,11,CASH_OUT,4862.82,MX,242562.19,237699.37,0,0,0,0,0,4,LOW
TXN002007,2024-01-18,7,TRANSFER,2444.02,US,188759.83,186315.81,0,0,0,0,0,5,LOW
TXN002008,2024-08-31,20,CASH_OUT,613.07,IR,9588.4,8975.33,0,0,0,1,0,30,LOW
TXN002009,2024-12-27,12,CASH_OUT,10197.28,CN,499496.08,489298.8,0,0,0,0,0,18,LOW
TXN002010,2024-01-10,14,PAYMENT,7807.85,US,374537.23,366729.38,0,0,0,0,0,0,LOW
TXN002011,2024-10-19,16,PAYMENT,485.47,DE,296943.52,296458.05,0,0,0,0,0,4,LOW
TXN002012,2024-05-08,14,PAYMENT,1194.74,UK,23195.97,22001.23,0,0,0,0,0,0,LOW
TXN002013,2024-01-05,11,DEBIT,91.09,DE,52080.2,51989.11,0,0,0,0,0,4,LOW
TXN002014,2024-05-15,11,CASH_IN,3062.94,UK,296318.26,299381.2,0,0,0,0,0,5,LOW
TXN002015,2024-08-24,12,PAYMENT,13512.55,DE,75014.04,61501.49,0,0,0,0,0,4,LOW
TXN002016,2024-12-10,14,TRANSFER,729.89,US,81754.76,81024.87,0,0,0,0,0,2,LOW
TXN002017,2024-09-10,20,DEBIT,1929.18,DE,368565.45,366636.27,0,0,0,0,0,4,LOW
TXN002018,2024-04-23,12,TRANSFER,1852.31,RU,63134.68,61282.37,0,0,0,1,0,35,LOW
TXN002019,2024-10-20,4,CASH_OUT,2805.3,RU,477081.08,474275.78,0,0,0,1,1,54,MEDIUM
TXN002020,2024-08-11,23,TRANSFER,226.72,RU,324018.15,323791.43,0,1,0,1,1,75,HIGH
TXN002021,2024-09-28,12,TRANSFER,719.56,CN,107953.84,107234.28,0,0,0,0,0,3,LOW
TXN002022,2024-12-30,9,DEBIT,3874.88,US,212903.5,209028.62,0,0,0,0,0,3,LOW
TXN002023,2024-04-14,14,CASH_OUT,5146.27,US,153101.8,147955.53,0,0,0,0,0,5,LOW
TXN002024,2024-08-16,18,PAYMENT,10990.26,UK,398938.37,387948.11,0,0,0,0,0,3,LOW
TXN002025,2024-02-27,2,TRANSFER,16318.29,MX,420222.52,403904.23,0,1,0,0,1,65,MEDIUM
TXN002026,2024-10-14,2,CASH_OUT,41029.07,NG,196225.01,155195.94,0,0,0,1,1,65,MEDIUM
TXN002027,2024-06-10,17,TRANSFER,5291.77,MX,114634.68,109342.91,0,0,0,0,0,4,LOW
TXN002028,2024-03-13,1,CASH_OUT,11267.44,US,444142.62,432875.18,0,1,0,0,1,64,MEDIUM
TXN002029,2024-01-12,20,CASH_OUT,8497.93,UK,288851.11,280353.18,0,0,0,0,0,2,LOW
TXN002030,2024-08-24,21,DEBIT,3127.47,NG,11976.12,8848.65,0,0,0,1,0,35,LOW
TXN002031,2024-04-24,16,CASH_IN,4175.05,IR,488949.99,493125.04,0,0,0,1,0,35,LOW
TXN002032,2024-12-10,12,DEBIT,108.96,RU,472688.12,472579.16,0,0,0,1,0,30,LOW
TXN002033,2024-03-15,18,DEBIT,8003.02,UK,434948.18,426945.16,0,0,0,0,0,0,LOW
TXN002034,2024-07-31,21,DEBIT,8870.43,UK,424554.92,415684.49,0,0,0,0,0,1,LOW
TXN002035,2024-01-19,21,DEBIT,5488.68,US,498586.18,493097.5,0,0,0,0,0,3,LOW
TXN002036,2024-12-04,7,PAYMENT,8279.75,DE,426160.61,417880.86,0,0,0,0,0,0,LOW
TXN002037,2024-11-13,18,CASH_IN,2317.02,DE,164239.56,166556.58,0,0,0,0,0,2,LOW
TXN002038,2024-03-29,13,CASH_OUT,1839.01,US,104074.82,102235.81,0,0,0,0,0,0,LOW
TXN002039,2024-08-26,21,CASH_IN,4310.57,US,283937.87,288248.44,0,0,0,0,0,0,LOW
TXN002040,2024-01-22,14,PAYMENT,7161.02,CN,411417.33,404256.31,0,0,0,0,0,2,LOW
TXN002041,2024-07-15,12,PAYMENT,1557.68,US,398450.11,396892.43,0,0,0,0,0,2,LOW
TXN002042,2024-02-07,11,TRANSFER,3921.27,US,470406.3,466485.03,0,0,0,0,0,4,LOW
TXN002043,2024-06-23,9,DEBIT,821.42,UK,266460.59,265639.17,0,0,0,0,0,3,LOW
TXN002044,2024-11-25,12,DEBIT,1597.52,NG,203203.78,201606.26,0,0,0,1,0,30,LOW
TXN002045,2024-04-23,11,TRANSFER,7089.94,US,110471.14,103381.2,0,0,0,0,0,3,LOW
TXN002046,2024-11-12,12,CASH_OUT,116.82,RU,359351.49,359234.67,0,0,0,1,0,35,LOW
TXN002047,2024-10-11,10,CASH_IN,4833.49,UK,11841.07,16674.56,0,0,0,0,0,4,LOW
TXN002048,2024-09-30,18,TRANSFER,89.86,RU,215248.46,215158.6,0,0,0,1,0,31,LOW
TXN002049,2024-12-20,14,CASH_OUT,3742.4,UK,67835.15,64092.75,0,0,0,0,0,1,LOW
TXN002050,2024-05-20,8,DEBIT,1735.97,US,267675.29,265939.32,0,0,0,0,0,4,LOW
TXN002051,2024-03-14,21,CASH_OUT,437.59,UK,492849.21,492411.62,0,0,0,0,0,4,LOW
TXN002052,2024-01-29,12,TRANSFER,9493.01,DE,437438.43,427945.42,0,0,0,0,0,5,LOW
TXN002053,2024-02-14,8,CASH_OUT,2785.91,US,362432.03,359646.12,0,0,0,0,0,3,LOW
TXN002054,2024-10-27,20,CASH_IN,743.1,US,420049.15,420792.25,0,0,0,0,0,1,LOW
TXN002055,2024-02-15,21,DEBIT,592.58,DE,230807.06,230214.48,0,0,0,0,0,3,LOW
TXN002056,2024-10-12,11,CASH_IN,908.74,UK,20574.52,21483.26,0,0,0,0,0,3,LOW
TXN002057,2024-12-24,17,DEBIT,20863.87,US,277049.87,256186.0,0,0,0,0,0,5,LOW
TXN002058,2024-08-13,15,CASH_OUT,1533.53,NG,289987.37,288453.84,0,0,0,1,0,30,LOW
TXN002059,2024-02-27,15,TRANSFER,4611.8,US,85402.09,80790.29,0,0,0,0,0,0,LOW
TXN002060,2024-04-28,18,PAYMENT,3714.84,MX,194494.59,190779.75,0,0,0,0,0,2,LOW
TXN002061,2024-07-31,10,TRANSFER,5952.44,NG,405605.2,399652.76,0,0,0,1,0,35,LOW
TXN002062,2024-01-20,10,CASH_OUT,106.68,MX,175993.28,175886.6,0,0,0,0,0,4,LOW
TXN002063,2024-10-21,12,PAYMENT,1349.9,RU,237524.45,236174.55,0,0,0,1,0,31,LOW
TXN002064,2024-04-22,14,TRANSFER,11636.52,UK,169986.79,158350.27,0,0,0,0,0,15,LOW
TXN002065,2024-02-25,14,TRANSFER,8763.85,MX,55792.17,47028.32,0,0,0,0,0,0,LOW
TXN002066,2024-01-26,11,DEBIT,2752.12,US,479532.48,476780.36,0,0,0,0,0,3,LOW
TXN002067,2024-02-23,20,CASH_OUT,428.78,US,205564.6,205135.82,0,0,0,0,0,1,LOW
TXN002068,2024-10-29,12,TRANSFER,1285.0,DE,464581.31,463296.31,0,0,0,0,0,0,LOW
TXN002069,2024-03-12,15,PAYMENT,9482.37,NG,255687.05,246204.68,0,0,0,1,0,31,LOW
TXN002070,2024-10-08,12,TRANSFER,1741.02,US,223372.41,221631.39,0,0,0,0,0,4,LOW
TXN002071,2024-09-02,23,CASH_OUT,43639.99,UK,242250.42,198610.43,0,1,0,0,1,61,MEDIUM
TXN002072,2024-10-07,14,PAYMENT,1236.24,IR,85300.66,84064.42,0,0,0,1,0,30,LOW
TXN002073,2024-10-02,17,CASH_IN,907.31,DE,262854.6,263761.91,0,0,0,0,0,1,LOW
TXN002074,2024-12-15,7,DEBIT,7340.21,CN,4548.1,0.0,0,0,0,0,0,1,LOW
TXN002075,2024-08-19,8,PAYMENT,659.3,US,168831.17,168171.87,0,0,0,0,0,4,LOW
TXN002076,2024-11-12,11,DEBIT,3342.75,CN,473688.24,470345.49,0,0,0,0,0,3,LOW
TXN002077,2024-09-20,21,TRANSFER,3817.38,US,97959.19,94141.81,0,0,0,0,0,3,LOW
TXN002078,2024-05-30,10,DEBIT,2122.72,MX,331080.41,328957.69,0,0,0,0,0,3,LOW
TXN002079,2024-09-07,18,TRANSFER,1754.16,US,180490.07,178735.91,0,0,0,0,0,2,LOW
TXN002080,2024-06-20,11,TRANSFER,867.98,CN,20600.75,19732.77,0,0,0,0,0,3,LOW
TXN002081,2024-02-15,19,DEBIT,2976.54,US,432227.87,429251.33,0,0,0,0,0,2,LOW
TXN002082,2024-01-25,16,PAYMENT,477.33,CN,297002.64,296525.31,0,0,0,0,0,0,LOW
TXN002083,2024-07-22,12,TRANSFER,16738.49,DE,178598.46,161859.97,0,0,0,0,0,19,LOW
TXN002084,2024-09-19,21,CASH_OUT,7035.64,CN,371275.32,364239.68,0,0,0,0,0,2,LOW
TXN002085,2024-05-05,7,PAYMENT,355.31,MX,288834.34,288479.03,0,0,0,0,0,5,LOW
TXN002086,2024-04-15,11,PAYMENT,1315.75,US,112232.56,110916.81,0,0,0,0,0,2,LOW
TXN002087,2024-06-11,9,CASH_IN,3607.9,US,321205.06,324812.96,0,0,0,0,0,3,LOW
TXN002088,2024-01-30,13,DEBIT,1487.69,IR,346066.91,344579.22,0,0,0,1,0,30,LOW
TXN002089,2024-02-06,17,PAYMENT,2740.3,US,409341.73,406601.43,0,0,0,0,0,5,LOW
TXN002090,2024-03-16,21,PAYMENT,203.61,UK,42117.95,41914.34,0,0,0,0,0,0,LOW
TXN002091,2024-06-02,14,DEBIT,3067.83,UK,381729.9,378662.07,0,0,0,0,0,2,LOW
TXN002092,2024-07-17,18,PAYMENT,42.64,NG,338982.47,338939.83,0,0,0,1,0,35,LOW
TXN002093,2024-07-08,14,CASH_OUT,2243.34,NG,403939.56,401696.22,0,0,0,1,0,32,LOW
TXN002094,2024-01-22,21,TRANSFER,164.83,US,157866.35,157701.52,0,0,0,0,0,2,LOW
TXN002095,2024-12-24,20,TRANSFER,748.7,US,161374.99,160626.29,0,0,0,0,0,4,LOW
TXN002096,2024-04-30,4,TRANSFER,22799.15,CN,390919.57,368120.42,0,1,0,0,1,64,MEDIUM
TXN002097,2024-01-16,2,TRANSFER,14791.07,US,425300.79,410509.72,0,0,0,0,1,39,LOW
TXN002098,2024-02-17,19,TRANSFER,4209.7,CN,372956.92,368747.22,0,0,0,0,0,3,LOW
TXN002099,2024-09-24,11,CASH_OUT,1493.11,US,342543.44,341050.33,0,0,0,0,0,4,LOW
TXN002100,2024-02-11,12,TRANSFER,2152.4,CN,382397.43,380245.03,0,0,0,0,0,4,LOW
TXN002101,2024-11-30,20,PAYMENT,318.34,NG,428290.38,427972.04,0,0,0,1,0,33,LOW
TXN002102,2024-08-03,12,CASH_OUT,4709.12,US,422523.37,417814.25,0,0,0,0,0,1,LOW
TXN002103,2024-11-04,20,DEBIT,3742.33,NG,282651.32,278908.99,0,0,0,1,0,32,LOW
TXN002104,2024-07-31,19,TRANSFER,669.53,CN,324058.41,323388.88,0,0,0,0,0,2,LOW
TXN002105,2024-06-11,11,TRANSFER,21220.01,UK,25654.11,4434.1,0,0,0,0,0,16,LOW
TXN002106,2024-02-16,15,TRANSFER,10094.34,IR,70242.99,60148.65,0,0,0,1,0,35,LOW
TXN002107,2024-11-05,11,CASH_OUT,7533.12,DE,164709.44,157176.32,0,0,0,0,0,4,LOW
TXN002108,2024-02-01,20,PAYMENT,2414.61,US,345328.37,342913.76,0,0,0,0,0,2,LOW
TXN002109,2024-02-25,7,PAYMENT,2919.33,US,208536.77,205617.44,0,0,0,0,0,1,LOW
TXN002110,2024-12-20,18,CASH_OUT,6165.99,US,469930.07,463764.08,0,0,0,0,0,2,LOW
TXN002111,2024-12-28,7,CASH_IN,2624.66,US,406294.44,408919.1,0,0,0,0,0,3,LOW
TXN002112,2024-04-28,12,DEBIT,3603.06,US,488113.9,484510.84,0,0,0,0,0,1,LOW
TXN002113,2024-04-19,12,CASH_OUT,661.95,MX,314077.21,313415.26,0,0,0,0,0,1,LOW
TXN002114,2024-05-27,17,CASH_OUT,2274.42,NG,333641.71,331367.29,0,0,0,1,0,30,LOW
TXN002115,2024-03-31,11,TRANSFER,1611.67,US,198032.82,196421.15,0,0,0,0,0,2,LOW
TXN002116,2024-10-02,9,CASH_OUT,3081.16,UK,2264.03,0.0,0,0,0,0,0,5,LOW
TXN002117,2024-07-31,21,DEBIT,1327.59,US,131039.75,129712.16,0,0,0,0,0,0,LOW
TXN002118,2024-02-03,8,TRANSFER,1159.1,UK,125160.3,124001.2,0,0,0,0,0,3,LOW
TXN002119,2024-07-14,7,PAYMENT,3536.67,UK,419004.93,415468.26,0,0,0,0,0,2,LOW
TXN002120,2024-11-24,8,CASH_OUT,1315.85,UK,459858.27,458542.42,0,0,0,0,0,3,LOW
TXN002121,2024-01-07,18,DEBIT,2320.5,NG,143455.86,141135.36,0,0,0,1,0,31,LOW
TXN002122,2024-08-26,4,TRANSFER,239882.34,UK,51889.44,0.0,0,1,0,0,1,89,HIGH
TXN002123,2024-12-28,20,TRANSFER,176.98,CN,101641.33,101464.35,0,0,0,0,0,2,LOW
TXN002124,2024-09-08,10,TRANSFER,1490.12,DE,383385.29,381895.17,0,0,0,0,0,1,LOW
TXN002125,2024-04-18,15,TRANSFER,2848.08,RU,77449.61,74601.53,0,0,0,1,0,33,LOW
TXN002126,2024-02-11,7,PAYMENT,5686.39,US,230170.57,224484.18,0,0,0,0,0,5,LOW
TXN002127,2024-08-25,13,PAYMENT,180.17,US,270832.9,270652.73,0,0,0,0,0,1,LOW
TXN002128,2024-04-29,9,PAYMENT,1185.04,US,296178.44,294993.4,0,0,0,0,0,4,LOW
TXN002129,2024-10-07,8,DEBIT,9049.26,CN,228108.19,219058.93,0,0,0,0,0,0,LOW
TXN002130,2024-09-09,21,DEBIT,4877.3,CN,394514.02,389636.72,0,0,0,0,0,2,LOW
TXN002131,2024-01-17,16,CASH_IN,1152.69,US,245398.78,246551.47,0,0,0,0,0,4,LOW
TXN002132,2024-01-28,13,TRANSFER,4075.35,US,43151.18,39075.83,0,0,0,0,0,3,LOW
TXN002133,2024-03-29,4,CASH_OUT,62612.99,IR,463540.54,400927.55,0,0,0,1,1,94,HIGH
TXN002134,2024-04-16,14,TRANSFER,2184.96,IR,488083.71,485898.75,0,0,0,1,0,35,LOW
TXN002135,2024-08-21,13,CASH_IN,5948.19,CN,466432.84,472381.03,0,0,0,0,0,1,LOW
TXN002136,2024-12-04,7,DEBIT,604.08,NG,25413.12,24809.04,0,0,0,1,0,30,LOW
TXN002137,2024-05-07,12,CASH_OUT,3902.23,UK,314572.74,310670.51,0,0,0,0,0,5,LOW
TXN002138,2024-02-21,18,DEBIT,770.33,US,382994.48,382224.15,0,0,0,0,0,5,LOW
TXN002139,2024-08-13,8,PAYMENT,448.49,US,436482.44,436033.95,0,0,0,0,0,4,LOW
TXN002140,2024-08-08,20,DEBIT,4273.48,DE,18233.25,13959.77,0,0,0,0,0,5,LOW
TXN002141,2024-08-26,15,PAYMENT,4294.19,UK,459018.09,454723.9,0,0,0,0,0,3,LOW
TXN002142,2024-01-19,17,DEBIT,13229.52,DE,101075.06,87845.54,0,0,0,0,0,2,LOW
TXN002143,2024-01-26,16,DEBIT,2423.35,UK,257831.78,255408.43,0,0,0,0,0,2,LOW
TXN002144,2024-09-13,14,PAYMENT,3990.52,MX,263388.63,259398.11,0,0,0,0,0,0,LOW
TXN002145,2024-10-11,12,CASH_OUT,2719.97,RU,160560.41,157840.44,0,0,0,1,0,35,LOW
TXN002146,2024-11-09,14,CASH_OUT,7858.22,NG,125096.15,117237.93,0,0,0,1,0,35,LOW
TXN002147,2024-04-01,16,CASH_IN,10894.8,US,130219.8,141114.6,0,0,0,0,0,4,LOW
TXN002148,2024-11-04,15,TRANSFER,8206.07,UK,110883.29,102677.22,0,0,0,0,0,1,LOW
TXN002149,2024-03-01,19,DEBIT,1984.9,US,307507.88,305522.98,0,0,0,0,0,2,LOW
TXN002150,2024-08-03,11,DEBIT,35.1,US,46574.44,46539.34,0,0,0,0,0,2,LOW
TXN002151,2024-08-24,18,PAYMENT,5370.25,US,103371.38,98001.13,0,0,0,0,0,0,LOW
TXN002152,2024-08-16,20,DEBIT,4971.7,RU,347424.12,342452.42,0,0,0,1,0,32,LOW
TXN002153,2024-06-11,13,PAYMENT,711.89,DE,333494.98,332783.09,0,0,0,0,0,2,LOW
TXN002154,2024-02-08,23,CASH_OUT,123802.26,RU,203618.14,79815.88,0,0,0,1,1,95,HIGH
TXN002155,2024-10-21,13,CASH_IN,7915.58,NG,258609.74,266525.32,0,0,0,1,0,30,LOW
TXN002156,2024-12-13,12,TRANSFER,1295.52,RU,315527.35,314231.83,0,0,0,1,0,30,LOW
TXN002157,2024-04-11,12,CASH_OUT,2477.03,US,169381.96,166904.93,0,0,0,0,0,4,LOW
TXN002158,2024-12-26,15,DEBIT,373.13,NG,384943.54,384570.41,0,0,0,1,0,35,LOW
TXN002159,2024-04-14,11,CASH_OUT,2340.08,UK,290873.73,288533.65,0,0,0,0,0,3,LOW
TXN002160,2024-05-27,20,CASH_OUT,1110.83,US,250757.57,249646.74,0,0,0,0,0,0,LOW
TXN002161,2024-07-06,7,TRANSFER,797.3,DE,206446.77,205649.47,0,0,0,0,0,3,LOW
TXN002162,2024-09-23,16,CASH_OUT,3100.05,US,143885.08,140785.03,0,0,0,0,0,0,LOW
TXN002163,2024-12-07,13,TRANSFER,2082.8,MX,493850.46,491767.66,0,0,0,0,0,2,LOW
TXN002164,2024-07-19,19,DEBIT,6596.08,IR,289340.14,282744.06,0,0,0,1,0,35,LOW
TXN002165,2024-03-06,3,TRANSFER,55123.5,RU,52482.06,0.0,0,0,0,1,1,93,HIGH
TXN002166,2024-09-25,8,CASH_IN,1313.5,US,332989.0,334302.5,0,0,0,0,0,4,LOW
TXN002167,2024-03-14,14,DEBIT,1979.38,NG,132513.6,130534.22,0,0,0,1,0,31,LOW
TXN002168,2024-04-16,21,TRANSFER,2554.41,MX,150015.57,147461.16,0,0,0,0,0,3,LOW
TXN002169,2024-04-02,3,CASH_OUT,23701.39,RU,179546.96,155845.57,0,1,0,1,1,93,HIGH
TXN002170,2024-04-16,20,CASH_OUT,9922.35,RU,126500.42,116578.07,0,0,0,1,0,34,LOW
TXN002171,2024-01-20,4,TRANSFER,39184.18,RU,141095.71,101911.53,0,1,0,1,1,92,HIGH
TXN002172,2024-06-14,18,PAYMENT,3212.72,US,294467.16,291254.44,0,0,0,0,0,4,LOW
TXN002173,2024-12-07,13,CASH_IN,1201.2,UK,418164.49,419365.69,0,0,0,0,0,2,LOW
TXN002174,2024-12-15,2,CASH_OUT,99335.1,US,96232.55,0.0,0,1,0,0,1,85,HIGH
TXN002175,2024-05-18,20,DEBIT,10926.03,US,431005.65,420079.62,0,0,0,0,0,0,LOW
TXN002176,2024-09-15,7,DEBIT,2363.71,US,16445.08,14081.37,0,0,0,0,0,3,LOW
TXN002177,2024-01-09,17,CASH_OUT,5091.42,IR,495338.81,490247.39,0,0,0,1,0,35,LOW
TXN002178,2024-11-01,13,TRANSFER,746.28,DE,18420.3,17674.02,0,0,0,0,0,0,LOW
TXN002179,2024-11-02,17,DEBIT,205.42,US,458542.93,458337.51,0,0,0,0,0,4,LOW
TXN002180,2024-04-01,23,TRANSFER,83880.45,MX,445297.89,361417.44,0,1,0,0,1,87,HIGH
TXN002181,2024-05-25,7,DEBIT,3754.79,UK,113121.82,109367.03,0,0,0,0,0,3,LOW
TXN002182,2024-07-11,17,CASH_IN,1536.85,US,387947.32,389484.17,0,0,0,0,0,5,LOW
TXN002183,2024-09-19,13,PAYMENT,6134.71,UK,371767.33,365632.62,0,0,0,0,0,2,LOW
TXN002184,2024-11-24,9,DEBIT,5182.47,MX,476532.33,471349.86,0,0,0,0,0,0,LOW
TXN002185,2024-01-17,12,DEBIT,6409.71,IR,80240.22,73830.51,0,0,0,1,0,31,LOW
TXN002186,2024-04-22,12,PAYMENT,2939.83,UK,127267.53,124327.7,0,0,0,0,0,5,LOW
TXN002187,2024-09-29,15,PAYMENT,1669.55,CN,71938.67,70269.12,0,0,0,0,0,5,LOW
TXN002188,2024-11-25,11,DEBIT,2782.5,US,294354.25,291571.75,0,0,0,0,0,3,LOW
TXN002189,2024-03-29,17,CASH_IN,2229.83,RU,144081.25,146311.08,0,0,0,1,0,33,LOW
TXN002190,2024-12-29,12,PAYMENT,3599.38,NG,32563.05,28963.67,0,0,0,1,0,34,LOW
TXN002191,2024-06-02,7,DEBIT,4131.79,MX,486902.24,482770.45,0,0,0,0,0,5,LOW
TXN002192,2024-10-06,11,CASH_OUT,7973.73,US,261823.95,253850.22,0,0,0,0,0,4,LOW
TXN002193,2024-01-26,8,DEBIT,1307.41,CN,326107.23,324799.82,0,0,0,0,0,4,LOW
TXN002194,2024-11-09,17,PAYMENT,10136.6,US,22243.92,12107.32,0,0,0,0,0,5,LOW
TXN002195,2024-10-06,13,CASH_IN,1276.36,US,388143.5,389419.86,0,0,0,0,0,5,LOW
TXN002196,2024-09-14,16,CASH_IN,954.79,MX,145178.94,146133.73,0,0,0,0,0,1,LOW
TXN002197,2024-12-12,12,TRANSFER,1914.4,MX,224154.97,222240.57,0,0,0,0,0,4,LOW
TXN002198,2024-11-01,17,PAYMENT,10194.6,NG,260816.36,250621.76,0,0,0,1,0,31,LOW
TXN002199,2024-10-06,23,TRANSFER,13914.49,NG,78784.91,64870.42,0,0,0,1,1,69,MEDIUM
TXN002200,2024-11-16,12,TRANSFER,701.47,DE,264713.81,264012.34,0,0,0,0,0,3,LOW
TXN002201,2024-10-17,14,PAYMENT,806.45,UK,132747.61,131941.16,0,0,0,0,0,5,LOW
TXN002202,2024-04-18,21,PAYMENT,7070.27,US,387116.02,380045.75,0,0,0,0,0,4,LOW
TXN002203,2024-03-03,13,PAYMENT,2354.13,UK,244602.7,242248.57,0,0,0,0,0,5,LOW
TXN002204,2024-03-10,13,DEBIT,1771.75,DE,16109.84,14338.09,0,0,0,0,0,2,LOW
TXN002205,2024-04-05,16,CASH_IN,4636.9,DE,481446.74,486083.64,0,0,0,0,0,3,LOW
TXN002206,2024-08-13,8,CASH_IN,4868.56,UK,89983.97,94852.53,0,0,0,0,0,2,LOW
TXN002207,2024-12-18,18,DEBIT,4021.76,US,255673.33,251651.57,0,0,0,0,0,5,LOW
TXN002208,2024-06-24,9,DEBIT,4324.29,UK,288475.22,284150.93,0,0,0,0,0,5,LOW
TXN002209,2024-11-22,21,DEBIT,3764.38,UK,266406.4,262642.02,0,0,0,0,0,4,LOW
TXN002210,2024-06-16,13,DEBIT,5575.43,IR,228996.38,223420.95,0,0,0,1,0,33,LOW
TXN002211,2024-04-03,15,CASH_OUT,5994.51,US,116842.77,110848.26,0,0,0,0,0,1,LOW
TXN002212,2024-11-22,9,TRANSFER,2661.92,US,145976.55,143314.63,0,0,0,0,0,0,LOW
TXN002213,2024-01-13,16,CASH_OUT,1134.31,US,314594.92,313460.61,0,0,0,0,0,5,LOW
TXN002214,2024-01-06,19,PAYMENT,1850.87,US,342944.32,341093.45,0,0,0,0,0,1,LOW
TXN002215,2024-05-19,17,PAYMENT,4617.83,US,481598.49,476980.66,0,0,0,0,0,1,LOW
TXN002216,2024-06-09,21,CASH_IN,2304.64,US,95775.24,98079.88,0,0,0,0,0,1,LOW
TXN002217,2024-12-22,14,DEBIT,6840.96,MX,30688.47,23847.51,0,0,0,0,0,2,LOW
TXN002218,2024-07-31,10,CASH_IN,833.0,IR,497361.02,498194.02,0,0,0,1,0,30,LOW
TXN002219,2024-02-24,16,TRANSFER,755.41,US,167222.71,166467.3,0,0,0,0,0,4,LOW
TXN002220,2024-09-24,21,PAYMENT,11517.09,DE,486007.23,474490.14,0,0,0,0,0,3,LOW
TXN002221,2024-07-24,3,TRANSFER,105176.56,IR,120006.67,14830.11,0,1,0,1,1,100,HIGH
TXN002222,2024-10-25,7,PAYMENT,2821.1,US,41264.66,38443.56,0,0,0,0,0,0,LOW
TXN002223,2024-12-15,16,DEBIT,1017.18,RU,18665.16,17647.98,0,0,0,1,0,35,LOW
TXN002224,2024-01-10,14,CASH_IN,2372.99,US,180886.21,183259.2,0,0,0,0,0,2,LOW
TXN002225,2024-04-12,15,PAYMENT,6151.52,US,166945.54,160794.02,0,0,0,0,0,5,LOW
TXN002226,2024-12-22,19,DEBIT,608.34,MX,410663.53,410055.19,0,0,0,0,0,3,LOW
TXN002227,2024-03-18,21,CASH_IN,575.39,US,81712.05,82287.44,0,0,0,0,0,0,LOW
TXN002228,2024-08-11,8,CASH_IN,1507.41,US,150457.69,151965.1,0,0,0,0,0,0,LOW
TXN002229,2024-05-08,18,CASH_IN,2443.05,US,445508.78,447951.83,0,0,0,0,0,4,LOW
TXN002230,2024-05-17,10,DEBIT,229.15,UK,282166.87,281937.72,0,0,0,0,0,1,LOW
TXN002231,2024-02-04,7,TRANSFER,10614.24,IR,249117.64,238503.4,0,0,0,1,0,35,LOW
TXN002232,2024-01-25,20,TRANSFER,2043.73,RU,253749.0,251705.27,0,0,0,1,0,34,LOW
TXN002233,2024-02-20,7,CASH_OUT,257.86,US,199743.19,199485.33,0,0,0,0,0,2,LOW
TXN002234,2024-02-26,8,DEBIT,7056.23,CN,465795.52,458739.29,0,0,0,0,0,0,LOW
TXN002235,2024-03-02,16,CASH_OUT,275.51,NG,483590.46,483314.95,0,0,0,1,0,31,LOW
TXN002236,2024-07-21,18,DEBIT,2462.65,NG,3901.81,1439.16,0,0,0,1,0,32,LOW
TXN002237,2024-09-11,17,CASH_IN,3373.78,IR,246302.98,249676.76,0,0,0,1,0,31,LOW
TXN002238,2024-05-04,17,DEBIT,733.8,US,499536.12,498802.32,0,0,0,0,0,1,LOW
TXN002239,2024-12-13,21,TRANSFER,1992.18,UK,124957.64,122965.46,0,0,0,0,0,4,LOW
TXN002240,2024-03-01,1,TRANSFER,4394.08,RU,60445.42,56051.34,0,0,0,1,1,52,MEDIUM
TXN002241,2024-09-13,17,PAYMENT,1637.46,NG,369954.19,368316.73,0,0,0,1,0,31,LOW
TXN002242,2024-06-11,13,CASH_OUT,1895.96,IR,180414.04,178518.08,0,0,0,1,0,30,LOW
TXN002243,2024-02-28,12,CASH_IN,2250.29,US,47669.12,49919.41,0,0,0,0,0,2,LOW
TXN002244,2024-01-31,14,TRANSFER,1798.37,NG,160314.84,158516.47,0,0,0,1,0,30,LOW
TXN002245,2024-12-18,15,PAYMENT,8951.14,CN,350320.03,341368.89,0,0,0,0,0,0,LOW
TXN002246,2024-04-26,13,CASH_IN,6118.2,NG,298325.75,304443.95,0,0,0,1,0,32,LOW
TXN002247,2024-10-14,15,TRANSFER,4695.24,US,415413.77,410718.53,0,0,0,0,0,3,LOW
TXN002248,2024-06-05,16,DEBIT,5030.95,CN,83593.39,78562.44,0,0,0,0,0,0,LOW
TXN002249,2024-11-28,19,CASH_OUT,449.64,DE,39314.64,38865.0,0,0,0,0,0,0,LOW
TXN002250,2024-03-03,20,CASH_OUT,659.88,US,195412.47,194752.59,0,0,0,0,0,0,LOW
TXN002251,2024-08-01,7,DEBIT,4227.23,RU,33260.35,29033.12,0,0,0,1,0,30,LOW
TXN002252,2024-04-21,8,TRANSFER,4608.61,US,116407.18,111798.57,0,0,0,0,0,4,LOW
TXN002253,2024-03-16,15,CASH_OUT,4680.28,DE,430064.52,425384.24,0,0,0,0,0,0,LOW
TXN002254,2024-01-28,19,CASH_OUT,1096.03,MX,157846.71,156750.68,0,0,0,0,0,4,LOW
TXN002255,2024-08-26,13,CASH_OUT,1082.85,MX,210003.8,208920.95,0,0,0,0,0,3,LOW
TXN002256,2024-12-01,15,TRANSFER,6168.62,CN,27057.3,20888.68,0,0,0,0,0,4,LOW
TXN002257,2024-07-26,17,PAYMENT,5778.1,NG,362118.27,356340.17,0,0,0,1,0,33,LOW
TXN002258,2024-04-06,13,TRANSFER,2733.36,US,102840.47,100107.11,0,0,0,0,0,0,LOW
TXN002259,2024-04-21,10,DEBIT,4015.6,DE,524.15,0.0,0,0,0,0,0,5,LOW
TXN002260,2024-05-25,8,CASH_IN,108.4,DE,302473.71,302582.11,0,0,0,0,0,0,LOW
TXN002261,2024-06-24,18,CASH_IN,3192.67,CN,417102.37,420295.04,0,0,0,0,0,0,LOW
TXN002262,2024-04-15,13,TRANSFER,410.24,DE,93490.83,93080.59,0,0,0,0,0,0,LOW
TXN002263,2024-05-24,21,TRANSFER,1384.07,US,264656.87,263272.8,0,0,0,0,0,1,LOW
TXN002264,2024-01-23,14,CASH_IN,5401.87,US,462114.18,467516.05,0,0,0,0,0,1,LOW
TXN002265,2024-09-04,3,CASH_OUT,107991.57,DE,33234.11,0.0,0,1,0,0,1,90,HIGH
TXN002266,2024-09-02,13,CASH_OUT,1965.31,UK,30768.73,28803.42,0,0,0,0,0,3,LOW
TXN002267,2024-11-23,19,TRANSFER,3339.91,US,460781.79,457441.88,0,0,0,0,0,1,LOW
TXN002268,2024-09-21,10,TRANSFER,6187.2,IR,72161.54,65974.34,0,0,0,1,0,35,LOW
TXN002269,2024-07-22,12,CASH_OUT,4448.64,US,344887.75,340439.11,0,0,0,0,0,2,LOW
TXN002270,2024-04-13,11,CASH_OUT,895.69,US,438727.12,437831.43,0,0,0,0,0,5,LOW
TXN002271,2024-07-31,11,TRANSFER,4613.93,US,46698.85,42084.92,0,0,0,0,0,2,LOW
TXN002272,2024-02-07,18,PAYMENT,2504.8,NG,229175.19,226670.39,0,0,0,1,0,35,LOW
TXN002273,2024-12-26,16,CASH_IN,643.81,CN,306829.51,307473.32,0,0,0,0,0,4,LOW
TXN002274,2024-06-24,21,CASH_OUT,3794.18,IR,205063.37,201269.19,0,0,0,1,0,30,LOW
TXN002275,2024-12-04,20,DEBIT,5355.08,UK,106432.18,101077.1,0,0,0,0,0,2,LOW
TXN002276,2024-06-01,23,CASH_OUT,42417.85,US,163919.26,121501.41,0,0,0,0,1,35,LOW
TXN002277,2024-08-01,20,TRANSFER,880.23,MX,464531.3,463651.07,0,0,0,0,0,4,LOW
TXN002278,2024-10-30,9,CASH_IN,1264.5,CN,114888.07,116152.57,0,0,0,0,0,2,LOW
TXN002279,2024-11-27,11,DEBIT,5205.14,US,448675.86,443470.72,0,0,0,0,0,0,LOW
TXN002280,2024-12-15,17,CASH_IN,1297.74,US,417695.79,418993.53,0,0,0,0,0,4,LOW
TXN002281,2024-04-15,23,TRANSFER,20638.09,US,404679.78,384041.69,0,0,0,0,1,35,LOW
TXN002282,2024-10-28,20,TRANSFER,4122.37,RU,257573.49,253451.12,0,0,0,1,0,35,LOW
TXN002283,2024-07-26,16,TRANSFER,366.59,RU,384623.21,384256.62,0,0,0,1,0,31,LOW
TXN002284,2024-01-09,14,CASH_OUT,1537.15,UK,4309.79,2772.64,0,0,0,0,0,0,LOW
TXN002285,2024-08-22,20,CASH_OUT,224.16,UK,259541.88,259317.72,0,0,0,0,0,5,LOW
TXN002286,2024-01-22,9,CASH_IN,10116.56,NG,171792.54,181909.1,0,0,0,1,0,35,LOW
TXN002287,2024-12-12,9,CASH_IN,1543.44,MX,234633.55,236176.99,0,0,0,0,0,1,LOW
TXN002288,2024-11-23,16,PAYMENT,1758.79,DE,139029.11,137270.32,0,0,0,0,0,1,LOW
TXN002289,2024-01-02,8,CASH_IN,2815.87,US,425065.42,427881.29,0,0,0,0,0,1,LOW
TXN002290,2024-06-12,13,CASH_OUT,3123.56,DE,385663.32,382539.76,0,0,0,0,0,5,LOW
TXN002291,2024-09-15,21,TRANSFER,7094.54,US,425663.28,418568.74,0,0,0,0,0,3,LOW
TXN002292,2024-05-18,13,CASH_OUT,702.38,MX,494762.72,494060.34,0,0,0,0,0,5,LOW
TXN002293,2024-05-03,21,DEBIT,3896.39,RU,366927.53,363031.14,0,0,0,1,0,35,LOW
TXN002294,2024-04-26,17,CASH_IN,12169.79,NG,208724.93,220894.72,0,0,0,1,0,34,LOW
TXN002295,2024-01-22,19,DEBIT,1080.46,DE,304004.19,302923.73,0,0,0,0,0,3,LOW
TXN002296,2024-12-05,17,CASH_IN,315.24,RU,422879.6,423194.84,0,0,0,1,0,30,LOW
TXN002297,2024-08-18,15,PAYMENT,538.05,MX,483290.41,482752.36,0,0,0,0,0,0,LOW
TXN002298,2024-08-22,11,CASH_OUT,5498.98,US,146448.27,140949.29,0,0,0,0,0,2,LOW
TXN002299,2024-04-13,14,CASH_IN,6146.74,US,402406.26,408553.0,0,0,0,0,0,4,LOW
TXN002300,2024-05-15,7,TRANSFER,3079.19,UK,38838.76,35759.57,0,0,0,0,0,0,LOW
TXN002301,2024-08-23,20,DEBIT,1366.04,UK,151421.69,150055.65,0,0,0,0,0,0,LOW
TXN002302,2024-03-16,9,PAYMENT,5825.17,US,393732.31,387907.14,0,0,0,0,0,2,LOW
TXN002303,2024-09-22,7,PAYMENT,1799.17,RU,67629.35,65830.18,0,0,0,1,0,32,LOW
TXN002304,2024-06-19,19,CASH_OUT,4119.27,CN,327381.6,323262.33,0,0,0,0,0,3,LOW
TXN002305,2024-10-21,17,CASH_OUT,2075.31,UK,476239.59,474164.28,0,0,0,0,0,3,LOW
TXN002306,2024-08-05,10,DEBIT,148.62,US,362627.73,362479.11,0,0,0,0,0,2,LOW
TXN002307,2024-12-21,7,CASH_IN,9959.9,CN,58752.39,68712.29,0,0,0,0,0,5,LOW
TXN002308,2024-01-03,11,CASH_OUT,2375.85,RU,245146.7,242770.85,0,0,0,1,0,30,LOW
TXN002309,2024-10-02,18,PAYMENT,516.91,RU,499910.63,499393.72,0,0,0,1,0,31,LOW
TXN002310,2024-03-30,12,CASH_OUT,1819.09,US,470004.48,468185.39,0,0,0,0,0,3,LOW
TXN002311,2024-07-06,21,DEBIT,1440.83,US,333388.55,331947.72,0,0,0,0,0,2,LOW
TXN002312,2024-05-04,21,DEBIT,1287.43,DE,428911.51,427624.08,0,0,0,0,0,1,LOW
TXN002313,2024-07-19,15,CASH_IN,7752.79,UK,444804.23,452557.02,0,0,0,0,0,4,LOW
TXN002314,2024-12-01,20,DEBIT,32.35,UK,142927.55,142895.2,0,0,0,0,0,0,LOW
TXN002315,2024-08-19,23,TRANSFER,15924.71,RU,470752.3,454827.59,0,1,0,1,1,94,HIGH
TXN002316,2024-04-08,18,PAYMENT,6179.59,MX,10774.28,4594.69,0,0,0,0,0,3,LOW
TXN002317,2024-02-28,19,CASH_IN,1438.45,IR,208731.39,210169.84,0,0,0,1,0,30,LOW
TXN002318,2024-04-04,12,PAYMENT,5686.74,US,215127.16,209440.42,0,0,0,0,0,2,LOW
TXN002319,2024-08-23,14,CASH_OUT,2570.13,RU,122598.98,120028.85,0,0,0,1,0,34,LOW
TXN002320,2024-02-21,20,DEBIT,4413.53,US,312959.14,308545.61,0,0,0,0,0,5,LOW
TXN002321,2024-09-15,13,PAYMENT,931.69,IR,55309.91,54378.22,0,0,0,1,0,30,LOW
TXN002322,2024-09-20,20,PAYMENT,192.2,US,183288.8,183096.6,0,0,0,0,0,5,LOW
TXN002323,2024-04-28,19,DEBIT,3518.92,UK,490666.07,487147.15,0,0,0,0,0,5,LOW
TXN002324,2024-05-13,18,CASH_IN,767.58,DE,353402.29,354169.87,0,0,0,0,0,2,LOW
TXN002325,2024-08-18,2,CASH_OUT,49469.79,UK,333347.93,283878.14,0,0,0,0,1,36,LOW
TXN002326,2024-04-17,18,TRANSFER,2661.03,MX,231438.18,228777.15,0,0,0,0,0,0,LOW
TXN002327,2024-02-10,15,TRANSFER,1798.92,MX,232181.09,230382.17,0,0,0,0,0,1,LOW
TXN002328,2024-12-10,8,PAYMENT,9620.73,US,333557.28,323936.55,0,0,0,0,0,2,LOW
TXN002329,2024-09-10,18,DEBIT,3119.89,RU,274908.12,271788.23,0,0,0,1,0,30,LOW
TXN002330,2024-06-27,11,TRANSFER,1498.36,MX,431113.59,429615.23,0,0,0,0,0,0,LOW
TXN002331,2024-05-28,20,CASH_IN,6775.43,IR,67027.24,73802.67,0,0,0,1,0,34,LOW
TXN002332,2024-06-14,10,CASH_IN,761.19,US,356770.19,357531.38,0,0,0,0,0,3,LOW
TXN002333,2024-02-17,19,TRANSFER,1045.57,NG,201485.1,200439.53,0,0,0,1,0,35,LOW
TXN002334,2024-12-16,16,DEBIT,1829.93,NG,83965.64,82135.71,0,0,0,1,0,33,LOW
TXN002335,2024-05-08,9,CASH_IN,258.73,RU,479521.45,479780.18,0,0,0,1,0,34,LOW
TXN002336,2024-11-22,16,CASH_OUT,5125.11,NG,273236.38,268111.27,0,0,0,1,0,32,LOW
TXN002337,2024-04-14,11,DEBIT,3657.6,CN,206760.83,203103.23,0,0,0,0,0,2,LOW
TXN002338,2024-03-30,19,TRANSFER,1855.09,RU,24346.76,22491.67,0,0,0,1,0,35,LOW
TXN002339,2024-03-18,9,PAYMENT,11450.98,US,99291.41,87840.43,0,0,0,0,0,3,LOW
TXN002340,2024-11-05,11,CASH_OUT,1643.46,NG,385128.1,383484.64,0,0,0,1,0,35,LOW
TXN002341,2024-12-28,11,PAYMENT,1160.41,US,134330.47,133170.06,0,0,0,0,0,0,LOW
TXN002342,2024-03-11,8,CASH_OUT,7232.45,US,464855.35,457622.9,0,0,0,0,0,5,LOW
TXN002343,2024-04-16,16,DEBIT,2045.51,DE,110583.48,108537.97,0,0,0,0,0,2,LOW
TXN002344,2024-04-05,2,CASH_OUT,13156.25,UK,242003.6,228847.35,0,0,0,0,1,36,LOW
TXN002345,2024-11-13,10,DEBIT,4252.35,UK,269621.94,265369.59,0,0,0,0,0,5,LOW
TXN002346,2024-02-18,15,TRANSFER,5759.01,UK,192133.26,186374.25,0,0,0,0,0,1,LOW
TXN002347,2024-10-08,13,PAYMENT,2960.24,MX,239567.56,236607.32,0,0,0,0,0,0,LOW
TXN002348,2024-02-05,10,CASH_IN,4389.98,RU,130619.62,135009.6,0,0,0,1,0,32,LOW
TXN002349,2024-10-04,21,PAYMENT,14666.08,US,287759.5,273093.42,0,0,0,0,0,1,LOW
TXN002350,2024-06-06,8,CASH_OUT,1184.15,RU,352662.57,351478.42,0,0,0,1,0,32,LOW
TXN002351,2024-03-07,16,CASH_IN,4385.17,US,264865.4,269250.57,0,0,0,0,0,2,LOW
TXN002352,2024-05-23,13,CASH_OUT,1875.42,UK,408265.61,406390.19,0,0,0,0,0,3,LOW
TXN002353,2024-08-23,7,TRANSFER,2158.97,US,93596.18,91437.21,0,0,0,0,0,0,LOW
TXN002354,2024-10-10,13,TRANSFER,6311.52,UK,401678.38,395366.86,0,0,0,0,0,1,LOW
TXN002355,2024-06-16,2,TRANSFER,116721.09,RU,206218.27,89497.18,0,0,0,1,1,91,HIGH
TXN002356,2024-05-02,11,TRANSFER,4713.47,RU,33017.11,28303.64,0,0,0,1,0,30,LOW
TXN002357,2024-11-20,2,TRANSFER,26924.37,RU,6332.18,0.0,0,1,0,1,1,92,HIGH
TXN002358,2024-03-26,11,DEBIT,1447.59,US,202818.23,201370.64,0,0,0,0,0,5,LOW
TXN002359,2024-07-21,2,CASH_OUT,119893.03,IR,437407.88,317514.85,0,0,0,1,1,94,HIGH
TXN002360,2024-08-08,18,PAYMENT,4167.91,US,385033.66,380865.75,0,0,0,0,0,1,LOW
TXN002361,2024-08-06,13,TRANSFER,3888.25,NG,6254.83,2366.58,0,0,0,1,0,33,LOW
TXN002362,2024-07-12,17,TRANSFER,1076.72,US,396140.15,395063.43,0,0,0,0,0,4,LOW
TXN002363,2024-11-07,21,TRANSFER,3953.42,US,89162.2,85208.78,0,0,0,0,0,1,LOW
TXN002364,2024-01-18,21,CASH_IN,2511.67,UK,292621.51,295133.18,0,0,0,0,0,5,LOW
TXN002365,2024-07-18,8,PAYMENT,11199.8,NG,129562.47,118362.67,0,0,0,1,0,33,LOW
TXN002366,2024-09-24,8,PAYMENT,1325.66,US,329479.63,328153.97,0,0,0,0,0,0,LOW
TXN002367,2024-12-19,17,PAYMENT,4522.6,DE,229673.19,225150.59,0,0,0,0,0,2,LOW
TXN002368,2024-11-04,13,CASH_IN,5418.36,UK,54380.08,59798.44,0,0,0,0,0,1,LOW
TXN002369,2024-10-12,8,PAYMENT,5174.92,DE,98808.78,93633.86,0,0,0,0,0,3,LOW
TXN002370,2024-03-08,9,TRANSFER,338.05,US,370204.16,369866.11,0,0,0,0,0,4,LOW
TXN002371,2024-04-13,13,PAYMENT,2406.29,UK,248526.16,246119.87,0,0,0,0,0,0,LOW
TXN002372,2024-05-22,16,CASH_OUT,3659.06,US,373379.12,369720.06,0,0,0,0,0,1,LOW
TXN002373,2024-09-08,17,DEBIT,513.14,DE,207873.65,207360.51,0,0,0,0,0,3,LOW
TXN002374,2024-07-19,18,CASH_OUT,2166.76,MX,149620.98,147454.22,0,0,0,0,0,5,LOW
TXN002375,2024-07-07,21,TRANSFER,691.4,RU,254623.4,253932.0,0,0,0,1,0,31,LOW
TXN002376,2024-05-08,18,CASH_OUT,868.37,US,369845.75,368977.38,0,0,0,0,0,1,LOW
TXN002377,2024-10-25,10,CASH_OUT,9903.73,CN,413569.59,403665.86,0,0,0,0,0,5,LOW
TXN002378,2024-12-04,23,CASH_OUT,91777.39,US,207276.81,115499.42,0,0,0,0,1,60,MEDIUM
TXN002379,2024-01-23,3,TRANSFER,75649.07,CN,131692.68,56043.61,0,0,0,0,1,65,MEDIUM
TXN002380,2024-12-08,16,CASH_IN,8771.87,US,129166.83,137938.7,0,0,0,0,0,3,LOW
TXN002381,2024-07-07,19,PAYMENT,4256.84,US,218532.0,214275.16,0,0,0,0,0,3,LOW
TXN002382,2024-05-11,21,DEBIT,1405.82,DE,122675.17,121269.35,0,0,0,0,0,4,LOW
TXN002383,2024-12-17,17,PAYMENT,13203.97,US,180807.32,167603.35,0,0,0,0,0,4,LOW
TXN002384,2024-03-19,7,DEBIT,3.89,RU,443071.87,443067.98,0,0,0,1,0,35,LOW
TXN002385,2024-10-12,13,CASH_OUT,1699.25,CN,277754.85,276055.6,0,0,0,0,0,5,LOW
TXN002386,2024-06-08,13,TRANSFER,55.88,IR,484498.76,484442.88,0,0,0,1,0,30,LOW
TXN002387,2024-10-20,17,CASH_IN,1021.39,RU,68719.94,69741.33,0,0,0,1,0,32,LOW
TXN002388,2024-11-27,16,TRANSFER,3925.07,NG,252855.33,248930.26,0,0,0,1,0,33,LOW
TXN002389,2024-06-02,13,TRANSFER,3627.07,MX,71436.37,67809.3,0,0,0,0,0,3,LOW
TXN002390,2024-10-06,17,TRANSFER,1180.43,US,143768.41,142587.98,0,0,0,0,0,5,LOW
TXN002391,2024-03-18,8,CASH_IN,1189.78,US,43531.64,44721.42,0,0,0,0,0,5,LOW
TXN002392,2024-06-13,13,CASH_OUT,3410.35,RU,297542.01,294131.66,0,0,0,1,0,35,LOW
TXN002393,2024-07-31,12,DEBIT,2021.07,IR,225868.81,223847.74,0,0,0,1,0,30,LOW
TXN002394,2024-09-04,11,PAYMENT,5507.62,DE,63142.73,57635.11,0,0,0,0,0,3,LOW
TXN002395,2024-08-12,12,CASH_OUT,7401.44,IR,128091.19,120689.75,0,0,0,1,0,31,LOW
TXN002396,2024-11-04,16,TRANSFER,9884.47,CN,183671.14,173786.67,0,0,0,0,0,1,LOW
TXN002397,2024-01-02,18,TRANSFER,1852.93,RU,165519.78,163666.85,0,0,0,1,0,31,LOW
TXN002398,2024-08-14,10,TRANSFER,490.96,CN,271205.93,270714.97,0,0,0,0,0,2,LOW
TXN002399,2024-03-26,18,PAYMENT,2759.4,DE,380549.17,377789.77,0,0,0,0,0,2,LOW
TXN002400,2024-12-21,18,PAYMENT,3868.42,US,56341.86,52473.44,0,0,0,0,0,4,LOW
TXN002401,2024-09-29,21,TRANSFER,17117.29,NG,89953.73,72836.44,0,0,0,1,0,35,LOW
TXN002402,2024-12-27,20,CASH_OUT,136.91,US,195858.99,195722.08,0,0,0,0,0,5,LOW
TXN002403,2024-07-30,14,CASH_OUT,23518.47,NG,171315.01,147796.54,0,0,0,1,0,35,LOW
TXN002404,2024-07-31,17,TRANSFER,349.59,UK,6721.82,6372.23,0,0,0,0,0,3,LOW
TXN002405,2024-01-28,10,CASH_IN,1984.45,US,468436.44,470420.89,0,0,0,0,0,0,LOW
TXN002406,2024-07-28,14,PAYMENT,386.23,MX,431734.26,431348.03,0,0,0,0,0,0,LOW
TXN002407,2024-09-08,13,PAYMENT,2632.59,US,164019.03,161386.44,0,0,0,0,0,4,LOW
TXN002408,2024-12-30,10,DEBIT,6329.3,CN,390556.19,384226.89,0,0,0,0,0,4,LOW
TXN002409,2024-01-09,19,PAYMENT,382.3,UK,322891.93,322509.63,0,0,0,0,0,3,LOW
TXN002410,2024-01-09,10,PAYMENT,221.95,NG,455589.12,455367.17,0,0,0,1,0,32,LOW
TXN002411,2024-10-03,15,DEBIT,1191.97,IR,132705.86,131513.89,0,0,0,1,0,32,LOW
TXN002412,2024-09-06,8,TRANSFER,2426.42,US,159093.28,156666.86,0,0,0,0,0,1,LOW
TXN002413,2024-02-06,18,DEBIT,3344.69,NG,353751.14,350406.45,0,0,0,1,0,33,LOW
TXN002414,2024-08-08,12,PAYMENT,3251.84,CN,45264.75,42012.91,0,0,0,0,0,5,LOW
TXN002415,2024-07-07,10,CASH_OUT,2515.74,US,408092.19,405576.45,0,0,0,0,0,4,LOW
TXN002416,2024-11-15,10,TRANSFER,4838.04,CN,172552.53,167714.49,0,0,0,0,0,1,LOW
TXN002417,2024-11-13,13,PAYMENT,1165.77,US,345077.76,343911.99,0,0,0,0,0,1,LOW
TXN002418,2024-02-10,13,TRANSFER,2848.69,NG,164454.54,161605.85,0,0,0,1,0,31,LOW
TXN002419,2024-12-18,4,CASH_OUT,30852.66,UK,373902.08,343049.42,0,0,0,0,1,40,MEDIUM
TXN002420,2024-01-13,19,CASH_IN,1894.31,DE,481931.25,483825.56,0,0,0,0,0,2,LOW
TXN002421,2024-10-05,4,CASH_OUT,3102.81,IR,285764.84,282662.03,0,1,0,1,1,80,HIGH
TXN002422,2024-06-08,21,PAYMENT,5046.56,UK,58703.11,53656.55,0,0,0,0,0,2,LOW
TXN002423,2024-06-16,19,CASH_IN,243.69,MX,495711.84,495955.53,0,0,0,0,0,0,LOW
TXN002424,2024-10-30,12,TRANSFER,9250.85,IR,233029.23,223778.38,0,0,0,1,0,30,LOW
TXN002425,2024-03-31,15,CASH_IN,8873.94,CN,200992.79,209866.73,0,0,0,0,0,1,LOW
TXN002426,2024-08-18,12,PAYMENT,820.08,IR,154077.64,153257.56,0,0,0,1,0,34,LOW
TXN002427,2024-01-11,11,TRANSFER,1939.51,US,159426.58,157487.07,0,0,0,0,0,0,LOW
TXN002428,2024-05-14,21,CASH_IN,496.2,UK,462727.72,463223.92,0,0,0,0,0,0,LOW
TXN002429,2024-03-13,16,TRANSFER,188.13,IR,484195.94,484007.81,0,0,0,1,0,32,LOW
TXN002430,2024-01-06,17,PAYMENT,4986.14,US,411983.5,406997.36,0,0,0,0,0,1,LOW
TXN002431,2024-05-04,15,PAYMENT,241.79,IR,28936.78,28694.99,0,0,0,1,0,33,LOW
TXN002432,2024-10-06,1,CASH_OUT,27907.1,DE,352131.7,324224.6,0,0,0,0,1,40,MEDIUM
TXN002433,2024-12-24,15,CASH_OUT,7806.68,US,273385.84,265579.16,0,0,0,0,0,3,LOW
TXN002434,2024-04-14,19,CASH_OUT,2668.59,US,20276.06,17607.47,0,0,0,0,0,5,LOW
TXN002435,2024-02-20,17,CASH_OUT,4718.97,DE,471388.1,466669.13,0,0,0,0,0,1,LOW
TXN002436,2024-10-13,9,TRANSFER,3515.17,US,304790.02,301274.85,0,0,0,0,0,2,LOW
TXN002437,2024-03-14,2,TRANSFER,5173.66,NG,242320.54,237146.88,0,1,0,1,1,79,HIGH
TXN002438,2024-11-16,10,PAYMENT,3156.03,UK,247951.64,244795.61,0,0,0,0,0,4,LOW
TXN002439,2024-05-20,8,TRANSFER,7397.79,US,410490.95,403093.16,0,0,0,0,0,2,LOW
TXN002440,2024-10-08,17,CASH_OUT,2710.11,CN,36205.25,33495.14,0,0,0,0,0,5,LOW
TXN002441,2024-11-17,16,PAYMENT,713.93,IR,38627.31,37913.38,0,0,0,1,0,33,LOW
TXN002442,2024-06-28,13,DEBIT,3088.6,MX,189679.75,186591.15,0,0,0,0,0,2,LOW
TXN002443,2024-09-06,15,TRANSFER,10504.66,US,156178.51,145673.85,0,0,0,0,0,20,LOW
TXN002444,2024-04-05,19,PAYMENT,2798.91,US,123642.57,120843.66,0,0,0,0,0,0,LOW
TXN002445,2024-06-30,8,CASH_IN,4702.22,DE,213632.11,218334.33,0,0,0,0,0,3,LOW
TXN002446,2024-10-27,16,DEBIT,1300.6,UK,187526.13,186225.53,0,0,0,0,0,4,LOW
TXN002447,2024-09-28,10,DEBIT,5297.47,US,206084.67,200787.2,0,0,0,0,0,5,LOW
TXN002448,2024-04-30,21,PAYMENT,1373.5,US,148781.71,147408.21,0,0,0,0,0,1,LOW
TXN002449,2024-03-11,12,CASH_IN,12137.33,RU,370351.76,382489.09,0,0,0,1,0,32,LOW
TXN002450,2024-07-14,21,TRANSFER,1742.07,DE,477730.48,475988.41,0,0,0,0,0,1,LOW
TXN002451,2024-10-21,15,PAYMENT,2852.31,UK,479989.85,477137.54,0,0,0,0,0,4,LOW
TXN002452,2024-08-22,8,TRANSFER,1093.29,DE,386652.14,385558.85,0,0,0,0,0,0,LOW
TXN002453,2024-04-07,20,DEBIT,1546.3,UK,408380.65,406834.35,0,0,0,0,0,3,LOW
TXN002454,2024-04-30,11,TRANSFER,1003.59,IR,135930.38,134926.79,0,0,0,1,0,32,LOW
TXN002455,2024-05-16,14,PAYMENT,568.25,IR,206238.83,205670.58,0,0,0,1,0,35,LOW
TXN002456,2024-12-10,19,CASH_IN,1465.63,US,241687.38,243153.01,0,0,0,0,0,2,LOW
TXN002457,2024-12-25,11,DEBIT,577.49,NG,310226.21,309648.72,0,0,0,1,0,30,LOW
TXN002458,2024-09-12,13,CASH_IN,1820.98,RU,361918.45,363739.43,0,0,0,1,0,35,LOW
TXN002459,2024-08-10,14,DEBIT,6542.02,UK,403385.0,396842.98,0,0,0,0,0,3,LOW
TXN002460,2024-01-15,13,CASH_IN,830.02,MX,186993.64,187823.66,0,0,0,0,0,5,LOW
TXN002461,2024-10-13,8,CASH_OUT,3872.05,RU,475213.84,471341.79,0,0,0,1,0,34,LOW
TXN002462,2024-03-05,12,TRANSFER,4517.33,CN,4309.48,0.0,0,0,0,0,0,5,LOW
TXN002463,2024-08-16,11,DEBIT,5300.78,US,119679.46,114378.68,0,0,0,0,0,1,LOW
TXN002464,2024-07-10,15,TRANSFER,1534.85,RU,378804.7,377269.85,0,0,0,1,0,35,LOW
TXN002465,2024-04-21,10,DEBIT,8897.73,US,223799.93,214902.2,0,0,0,0,0,5,LOW
TXN002466,2024-10-08,19,CASH_OUT,611.18,IR,3158.99,2547.81,0,0,0,1,0,31,LOW
TXN002467,2024-03-24,14,TRANSFER,1799.74,US,478810.16,477010.42,0,0,0,0,0,5,LOW
TXN002468,2024-04-15,10,PAYMENT,1410.13,US,86739.25,85329.12,0,0,0,0,0,1,LOW
TXN002469,2024-08-04,20,PAYMENT,1484.49,US,347046.1,345561.61,0,0,0,0,0,3,LOW
TXN002470,2024-12-27,14,DEBIT,31.95,UK,75060.59,75028.64,0,0,0,0,0,2,LOW
TXN002471,2024-04-02,20,CASH_IN,592.99,US,108833.19,109426.18,0,0,0,0,0,1,LOW
TXN002472,2024-11-24,14,CASH_OUT,949.24,NG,68132.5,67183.26,0,0,0,1,0,33,LOW
TXN002473,2024-05-05,9,PAYMENT,321.03,CN,268814.06,268493.03,0,0,0,0,0,3,LOW
TXN002474,2024-10-03,12,PAYMENT,8872.56,CN,183408.64,174536.08,0,0,0,0,0,2,LOW
TXN002475,2024-06-05,16,PAYMENT,7430.12,DE,183700.67,176270.55,0,0,0,0,0,3,LOW
TXN002476,2024-01-27,20,CASH_IN,2414.37,IR,56950.94,59365.31,0,0,0,1,0,31,LOW
TXN002477,2024-11-21,18,CASH_IN,7603.32,CN,214401.73,222005.05,0,0,0,0,0,5,LOW
TXN002478,2024-07-18,18,CASH_OUT,1313.18,UK,328440.19,327127.01,0,0,0,0,0,3,LOW
TXN002479,2024-09-13,9,DEBIT,4726.67,UK,3975.43,0.0,0,0,0,0,0,0,LOW
TXN002480,2024-10-16,16,DEBIT,4305.17,CN,187973.59,183668.42,0,0,0,0,0,4,LOW
TXN002481,2024-08-16,19,PAYMENT,277.15,IR,144461.39,144184.24,0,0,0,1,0,31,LOW
TXN002482,2024-03-07,11,TRANSFER,6643.02,US,168212.91,161569.89,0,0,0,0,0,5,LOW
TXN002483,2024-10-19,17,CASH_OUT,2022.94,UK,492221.45,490198.51,0,0,0,0,0,3,LOW
TXN002484,2024-05-14,13,CASH_IN,789.12,US,247396.1,248185.22,0,0,0,0,0,3,LOW
TXN002485,2024-10-09,20,CASH_OUT,3081.34,US,262934.83,259853.49,0,0,0,0,0,0,LOW
TXN002486,2024-02-22,12,PAYMENT,11230.56,US,23040.19,11809.63,0,0,0,0,0,5,LOW
TXN002487,2024-08-25,20,TRANSFER,808.46,UK,42704.11,41895.65,0,0,0,0,0,0,LOW
TXN002488,2024-03-19,21,DEBIT,10245.41,MX,227166.18,216920.77,0,0,0,0,0,2,LOW
TXN002489,2024-06-04,9,PAYMENT,683.85,IR,480200.91,479517.06,0,0,0,1,0,35,LOW
TXN002490,2024-01-11,4,CASH_OUT,56587.44,US,387285.53,330698.09,0,1,0,0,1,86,HIGH
TXN002491,2024-03-06,14,CASH_IN,1033.43,DE,98401.41,99434.84,0,0,0,0,0,1,LOW
TXN002492,2024-07-21,19,CASH_OUT,10996.69,US,392926.98,381930.29,0,0,0,0,0,16,LOW
TXN002493,2024-01-22,11,CASH_OUT,6912.34,US,221318.09,214405.75,0,0,0,0,0,1,LOW
TXN002494,2024-08-28,21,PAYMENT,448.24,US,17207.96,16759.72,0,0,0,0,0,1,LOW
TXN002495,2024-12-22,12,DEBIT,8987.47,NG,426164.67,417177.2,0,0,0,1,0,35,LOW
TXN002496,2024-09-22,8,TRANSFER,1071.92,IR,163804.21,162732.29,0,0,0,1,0,33,LOW
TXN002497,2024-11-25,12,CASH_IN,1409.85,DE,153518.8,154928.65,0,0,0,0,0,3,LOW
TXN002498,2024-12-30,16,CASH_OUT,1632.09,MX,447907.87,446275.78,0,0,0,0,0,3,LOW
TXN002499,2024-11-18,15,CASH_IN,6934.99,DE,481299.9,488234.89,0,0,0,0,0,1,LOW
TXN002500,2024-10-18,9,CASH_IN,969.44,US,312785.01,313754.45,0,0,0,0,0,5,LOW
TXN002501,2024-06-08,15,DEBIT,2972.53,UK,206706.28,203733.75,0,0,0,0,0,2,LOW
TXN002502,2024-02-07,7,PAYMENT,263.22,US,35299.12,35035.9,0,0,0,0,0,5,LOW
TXN002503,2024-03-04,16,TRANSFER,840.76,CN,373523.32,372682.56,0,0,0,0,0,1,LOW
TXN002504,2024-05-14,21,DEBIT,15045.51,RU,331496.12,316450.61,0,0,0,1,0,35,LOW
TXN002505,2024-06-07,17,TRANSFER,4061.53,RU,192306.06,188244.53,0,0,0,1,0,34,LOW
TXN002506,2024-09-29,14,PAYMENT,7905.77,US,171229.28,163323.51,0,0,0,0,0,2,LOW
TXN002507,2024-06-07,9,TRANSFER,2100.33,US,273613.31,271512.98,0,0,0,0,0,0,LOW
TXN002508,2024-01-11,20,CASH_IN,1746.36,US,440748.43,442494.79,0,0,0,0,0,5,LOW
TXN002509,2024-01-10,17,PAYMENT,4324.08,CN,320389.64,316065.56,0,0,0,0,0,1,LOW
TXN002510,2024-07-07,15,PAYMENT,2749.94,DE,484422.62,481672.68,0,0,0,0,0,3,LOW
TXN002511,2024-08-31,10,TRANSFER,77.81,RU,438759.57,438681.76,0,0,0,1,0,32,LOW
TXN002512,2024-09-16,17,PAYMENT,2717.94,UK,177301.23,174583.29,0,0,0,0,0,0,LOW
TXN002513,2024-06-27,8,DEBIT,10520.49,UK,389302.3,378781.81,0,0,0,0,0,1,LOW
TXN002514,2024-04-09,18,PAYMENT,4537.1,UK,350584.22,346047.12,0,0,0,0,0,4,LOW
TXN002515,2024-02-26,12,CASH_OUT,1411.99,UK,80839.85,79427.86,0,0,0,0,0,1,LOW
TXN002516,2024-09-29,15,PAYMENT,7683.05,CN,196147.47,188464.42,0,0,0,0,0,3,LOW
TXN002517,2024-11-06,10,PAYMENT,515.23,UK,481532.26,481017.03,0,0,0,0,0,3,LOW
TXN002518,2024-03-27,20,PAYMENT,1671.92,IR,24986.5,23314.58,0,0,0,1,0,34,LOW
TXN002519,2024-08-18,11,DEBIT,5959.7,DE,181092.46,175132.76,0,0,0,0,0,5,LOW
TXN002520,2024-02-04,12,CASH_OUT,2188.26,DE,400920.19,398731.93,0,0,0,0,0,3,LOW
TXN002521,2024-03-17,1,TRANSFER,153797.83,IR,202646.88,48849.05,0,1,0,1,1,100,HIGH
TXN002522,2024-06-15,18,PAYMENT,2556.73,UK,388440.13,385883.4,0,0,0,0,0,4,LOW
TXN002523,2024-09-15,16,CASH_IN,6137.76,CN,442486.99,448624.75,0,0,0,0,0,4,LOW
TXN002524,2024-01-03,13,PAYMENT,3541.24,UK,278899.43,275358.19,0,0,0,0,0,1,LOW
TXN002525,2024-01-17,7,PAYMENT,7955.43,NG,145673.53,137718.1,0,0,0,1,0,31,LOW
TXN002526,2024-10-14,8,CASH_IN,19630.21,IR,354697.63,374327.84,0,0,0,1,0,31,LOW
TXN002527,2024-08-10,13,DEBIT,189.65,DE,476278.0,476088.35,0,0,0,0,0,0,LOW
TXN002528,2024-07-24,15,CASH_OUT,1575.71,DE,24304.5,22728.79,0,0,0,0,0,0,LOW
TXN002529,2024-05-10,15,TRANSFER,515.56,DE,460323.1,459807.54,0,0,0,0,0,2,LOW
TXN002530,2024-05-28,8,PAYMENT,40.09,IR,51004.08,50963.99,0,0,0,1,0,30,LOW
TXN002531,2024-07-16,9,CASH_IN,2808.12,DE,65230.0,68038.12,0,0,0,0,0,4,LOW
TXN002532,2024-05-18,20,TRANSFER,224.17,DE,387852.27,387628.1,0,0,0,0,0,0,LOW
TXN002533,2024-06-27,10,CASH_IN,2196.95,IR,448865.98,451062.93,0,0,0,1,0,33,LOW
TXN002534,2024-01-20,1,CASH_OUT,677.83,NG,484173.82,483495.99,0,0,0,1,1,52,MEDIUM
TXN002535,2024-01-25,19,PAYMENT,2157.32,MX,346499.78,344342.46,0,0,0,0,0,5,LOW
TXN002536,2024-03-20,23,TRANSFER,10134.66,US,482774.36,472639.7,0,0,0,0,1,38,LOW
TXN002537,2024-01-25,18,TRANSFER,7471.13,US,112771.93,105300.8,0,0,0,0,0,1,LOW
TXN002538,2024-03-27,12,PAYMENT,2384.35,RU,259457.63,257073.28,0,0,0,1,0,32,LOW
TXN002539,2024-07-07,7,CASH_IN,3405.29,IR,301408.51,304813.8,0,0,0,1,0,33,LOW
TXN002540,2024-12-15,13,CASH_OUT,470.57,US,198483.21,198012.64,0,0,0,0,0,3,LOW
TXN002541,2024-11-07,19,CASH_OUT,1767.84,US,128213.49,126445.65,0,0,0,0,0,1,LOW
TXN002542,2024-04-24,15,PAYMENT,1931.56,US,275292.74,273361.18,0,0,0,0,0,3,LOW
TXN002543,2024-07-31,14,CASH_IN,2588.88,US,443079.84,445668.72,0,0,0,0,0,4,LOW
TXN002544,2024-03-24,10,CASH_OUT,7271.5,UK,115990.96,108719.46,0,0,0,0,0,5,LOW
TXN002545,2024-01-18,8,TRANSFER,410.01,RU,301643.75,301233.74,0,0,0,1,0,32,LOW
TXN002546,2024-07-14,2,CASH_OUT,74504.82,NG,322241.38,247736.56,0,0,0,1,1,90,HIGH
TXN002547,2024-08-18,17,CASH_OUT,1162.14,US,196412.42,195250.28,0,0,0,0,0,5,LOW
TXN002548,2024-01-06,13,PAYMENT,12352.79,NG,348939.48,336586.69,0,0,0,1,0,32,LOW
TXN002549,2024-05-20,14,CASH_IN,9434.9,US,122831.24,132266.14,0,0,0,0,0,2,LOW
TXN002550,2024-03-08,11,TRANSFER,1608.95,UK,307937.3,306328.35,0,0,0,0,0,2,LOW
TXN002551,2024-10-30,8,CASH_IN,2791.12,IR,394729.27,397520.39,0,0,0,1,0,31,LOW
TXN002552,2024-06-02,7,PAYMENT,1900.06,MX,9219.62,7319.56,0,0,0,0,0,0,LOW
TXN002553,2024-09-15,2,CASH_OUT,4753.29,IR,372230.97,367477.68,0,0,0,1,1,50,MEDIUM
TXN002554,2024-12-16,21,TRANSFER,6718.89,US,150700.45,143981.56,0,0,0,0,0,3,LOW
TXN002555,2024-01-14,20,CASH_OUT,143.09,US,129752.7,129609.61,0,0,0,0,0,0,LOW
TXN002556,2024-07-23,20,PAYMENT,5839.67,US,395922.45,390082.78,0,0,0,0,0,0,LOW
TXN002557,2024-08-03,12,DEBIT,140.79,US,155857.18,155716.39,0,0,0,0,0,3,LOW
TXN002558,2024-10-13,19,PAYMENT,435.1,IR,381482.82,381047.72,0,0,0,1,0,31,LOW
TXN002559,2024-06-24,9,CASH_OUT,2642.14,US,142846.8,140204.66,0,0,0,0,0,0,LOW
TXN002560,2024-08-22,10,PAYMENT,19100.15,UK,25709.55,6609.4,0,0,0,0,0,5,LOW
TXN002561,2024-11-09,11,CASH_IN,14468.2,RU,26481.86,40950.06,0,0,0,1,0,32,LOW
TXN002562,2024-06-09,11,CASH_OUT,1635.24,NG,287947.09,286311.85,0,0,0,1,0,30,LOW
TXN002563,2024-03-14,10,DEBIT,823.66,NG,239169.58,238345.92,0,0,0,1,0,30,LOW
TXN002564,2024-11-12,17,CASH_OUT,2629.04,IR,87895.03,85265.99,0,0,0,1,0,30,LOW
TXN002565,2024-05-12,20,PAYMENT,3380.93,CN,389697.42,386316.49,0,0,0,0,0,3,LOW
TXN002566,2024-10-25,21,CASH_OUT,6697.29,CN,189598.53,182901.24,0,0,0,0,0,2,LOW
TXN002567,2024-11-24,8,CASH_OUT,491.17,UK,141009.01,140517.84,0,0,0,0,0,1,LOW
TXN002568,2024-04-04,18,TRANSFER,13270.24,CN,298858.17,285587.93,0,0,0,0,0,15,LOW
TXN002569,2024-07-14,11,DEBIT,3410.08,US,335413.27,332003.19,0,0,0,0,0,1,LOW
TXN002570,2024-01-05,16,PAYMENT,20480.35,US,305784.23,285303.88,0,0,0,0,0,4,LOW
TXN002571,2024-09-30,15,CASH_OUT,110.88,NG,360308.11,360197.23,0,0,0,1,0,33,LOW
TXN002572,2024-11-15,12,DEBIT,2046.51,DE,148717.77,146671.26,0,0,0,0,0,0,LOW
TXN002573,2024-12-03,9,CASH_IN,762.64,US,312277.15,313039.79,0,0,0,0,0,4,LOW
TXN002574,2024-04-05,11,TRANSFER,3894.18,US,371454.65,367560.47,0,0,0,0,0,3,LOW
TXN002575,2024-12-19,11,CASH_IN,83.73,US,374652.23,374735.96,0,0,0,0,0,5,LOW
TXN002576,2024-12-23,18,PAYMENT,5894.26,MX,479294.13,473399.87,0,0,0,0,0,0,LOW
TXN002577,2024-04-16,21,CASH_IN,2738.64,MX,344133.14,346871.78,0,0,0,0,0,3,LOW
TXN002578,2024-12-12,18,CASH_IN,937.72,UK,396847.21,397784.93,0,0,0,0,0,0,LOW
TXN002579,2024-07-26,19,PAYMENT,13757.21,US,151498.52,137741.31,0,0,0,0,0,1,LOW
TXN002580,2024-05-05,12,CASH_IN,446.88,UK,415382.44,415829.32,0,0,0,0,0,0,LOW
TXN002581,2024-02-09,20,PAYMENT,8398.87,MX,30368.96,21970.09,0,0,0,0,0,4,LOW
TXN002582,2024-09-16,12,CASH_IN,4854.28,DE,427550.51,432404.79,0,0,0,0,0,3,LOW
TXN002583,2024-09-16,18,CASH_OUT,10522.44,RU,387721.46,377199.02,0,0,0,1,0,35,LOW
TXN002584,2024-07-24,8,CASH_IN,1512.67,UK,334661.0,336173.67,0,0,0,0,0,1,LOW
TXN002585,2024-04-06,16,DEBIT,1332.37,UK,329539.94,328207.57,0,0,0,0,0,5,LOW
TXN002586,2024-03-07,4,CASH_OUT,67020.07,CN,262387.08,195367.01,0,0,0,0,1,61,MEDIUM
TXN002587,2024-08-15,13,TRANSFER,1637.21,DE,47233.53,45596.32,0,0,0,0,0,4,LOW
TXN002588,2024-12-18,9,CASH_IN,1806.65,US,130982.6,132789.25,0,0,0,0,0,3,LOW
TXN002589,2024-01-26,19,TRANSFER,11093.58,US,421289.96,410196.38,0,0,0,0,0,18,LOW
TXN002590,2024-07-24,11,CASH_OUT,2823.9,US,432470.6,429646.7,0,0,0,0,0,0,LOW
TXN002591,2024-01-30,13,CASH_IN,3423.57,DE,477777.48,481201.05,0,0,0,0,0,4,LOW
TXN002592,2024-05-22,12,TRANSFER,223.3,US,375263.18,375039.88,0,0,0,0,0,3,LOW
TXN002593,2024-07-31,15,PAYMENT,311.12,IR,403690.47,403379.35,0,0,0,1,0,35,LOW
TXN002594,2024-08-11,10,CASH_IN,480.69,DE,122257.44,122738.13,0,0,0,0,0,5,LOW
TXN002595,2024-10-27,11,PAYMENT,1044.15,IR,290003.7,288959.55,0,0,0,1,0,35,LOW
TXN002596,2024-02-22,14,CASH_OUT,318.26,US,401967.99,401649.73,0,0,0,0,0,1,LOW
TXN002597,2024-06-30,21,CASH_OUT,51.81,RU,446632.44,446580.63,0,0,0,1,0,35,LOW
TXN002598,2024-02-01,10,CASH_IN,9949.08,IR,475856.73,485805.81,0,0,0,1,0,32,LOW
TXN002599,2024-02-23,23,CASH_OUT,11997.45,UK,425796.49,413799.04,0,1,0,0,1,61,MEDIUM
TXN002600,2024-07-19,9,PAYMENT,1789.13,UK,91904.08,90114.95,0,0,0,0,0,0,LOW
TXN002601,2024-01-15,21,PAYMENT,1109.33,CN,285647.95,284538.62,0,0,0,0,0,2,LOW
TXN002602,2024-02-27,7,PAYMENT,166.47,MX,464556.4,464389.93,0,0,0,0,0,2,LOW
TXN002603,2024-07-05,19,TRANSFER,4425.03,IR,289192.6,284767.57,0,0,0,1,0,31,LOW
TXN002604,2024-05-25,19,CASH_OUT,2660.2,US,408015.46,405355.26,0,0,0,0,0,2,LOW
TXN002605,2024-03-11,23,CASH_OUT,73698.24,UK,344027.37,270329.13,0,1,0,0,1,87,HIGH
TXN002606,2024-10-26,11,TRANSFER,2467.78,DE,266898.73,264430.95,0,0,0,0,0,2,LOW
TXN002607,2024-08-11,16,CASH_IN,211.23,US,163196.17,163407.4,0,0,0,0,0,0,LOW
TXN002608,2024-02-22,21,PAYMENT,11505.83,CN,355729.35,344223.52,0,0,0,0,0,4,LOW
TXN002609,2024-03-14,14,CASH_IN,6936.91,IR,249842.27,256779.18,0,0,0,1,0,35,LOW
TXN002610,2024-10-12,17,CASH_IN,2954.39,NG,13224.29,16178.68,0,0,0,1,0,35,LOW
TXN002611,2024-06-27,17,DEBIT,3180.09,RU,186047.7,182867.61,0,0,0,1,0,33,LOW
TXN002612,2024-05-02,21,DEBIT,1889.47,UK,411027.45,409137.98,0,0,0,0,0,3,LOW
TXN002613,2024-09-11,12,DEBIT,2091.06,DE,158578.51,156487.45,0,0,0,0,0,3,LOW
TXN002614,2024-10-15,21,CASH_OUT,10318.64,DE,8784.27,0.0,0,0,0,0,0,20,LOW
TXN002615,2024-01-03,16,CASH_IN,2328.49,US,263055.1,265383.59,0,0,0,0,0,4,LOW
TXN002616,2024-10-09,20,CASH_OUT,528.06,US,308328.61,307800.55,0,0,0,0,0,1,LOW
TXN002617,2024-01-05,14,TRANSFER,1574.57,US,228430.33,226855.76,0,0,0,0,0,3,LOW
TXN002618,2024-08-06,9,TRANSFER,1031.88,UK,40527.33,39495.45,0,0,0,0,0,0,LOW
TXN002619,2024-12-22,14,PAYMENT,652.8,IR,359666.27,359013.47,0,0,0,1,0,30,LOW
TXN002620,2024-06-12,7,DEBIT,2119.71,UK,460957.81,458838.1,0,0,0,0,0,4,LOW
TXN002621,2024-01-23,21,TRANSFER,8053.22,NG,66176.31,58123.09,0,0,0,1,0,30,LOW
TXN002622,2024-06-29,10,TRANSFER,6627.03,DE,157435.89,150808.86,0,0,0,0,0,1,LOW
TXN002623,2024-03-04,13,CASH_OUT,1478.28,US,450980.54,449502.26,0,0,0,0,0,5,LOW
TXN002624,2024-08-13,11,PAYMENT,7832.22,DE,366985.05,359152.83,0,0,0,0,0,1,LOW
TXN002625,2024-03-02,20,TRANSFER,13869.28,DE,28118.39,14249.11,0,0,0,0,0,20,LOW
TXN002626,2024-07-27,16,CASH_OUT,543.69,UK,177860.8,177317.11,0,0,0,0,0,2,LOW
TXN002627,2024-03-22,17,CASH_IN,7693.81,DE,427352.53,435046.34,0,0,0,0,0,3,LOW
TXN002628,2024-09-13,8,PAYMENT,13065.4,IR,180329.34,167263.94,0,0,0,1,0,32,LOW
TXN002629,2024-06-09,14,PAYMENT,1103.33,RU,466357.96,465254.63,0,0,0,1,0,34,LOW
TXN002630,2024-08-16,9,CASH_IN,14622.74,MX,477530.11,492152.85,0,0,0,0,0,3,LOW
TXN002631,2024-01-22,16,DEBIT,6006.72,CN,140508.9,134502.18,0,0,0,0,0,3,LOW
TXN002632,2024-12-11,9,CASH_OUT,1467.45,US,395453.59,393986.14,0,0,0,0,0,3,LOW
TXN002633,2024-05-08,10,CASH_IN,2432.16,IR,330739.86,333172.02,0,0,0,1,0,33,LOW
TXN002634,2024-02-26,15,DEBIT,993.87,MX,56558.59,55564.72,0,0,0,0,0,3,LOW
TXN002635,2024-05-11,14,DEBIT,1879.15,US,153265.99,151386.84,0,0,0,0,0,3,LOW
TXN002636,2024-09-12,9,TRANSFER,6932.84,US,45791.64,38858.8,0,0,0,0,0,4,LOW
TXN002637,2024-02-15,21,PAYMENT,12897.7,MX,300101.49,287203.79,0,0,0,0,0,0,LOW
TXN002638,2024-08-27,2,CASH_OUT,10723.16,IR,292812.66,282089.5,0,1,0,1,1,94,HIGH
TXN002639,2024-02-10,21,CASH_IN,2940.24,DE,132210.32,135150.56,0,0,0,0,0,5,LOW
TXN002640,2024-07-24,16,DEBIT,1279.77,UK,319088.99,317809.22,0,0,0,0,0,4,LOW
TXN002641,2024-08-24,21,TRANSFER,2316.94,US,395175.88,392858.94,0,0,0,0,0,5,LOW
TXN002642,2024-03-18,23,TRANSFER,41960.02,US,472495.43,430535.41,0,0,0,0,1,37,LOW
TXN002643,2024-12-27,1,TRANSFER,15129.33,RU,418681.94,403552.61,0,0,0,1,1,65,MEDIUM
TXN002644,2024-03-13,10,TRANSFER,4654.97,UK,352849.1,348194.13,0,0,0,0,0,1,LOW
TXN002645,2024-09-13,17,CASH_IN,8126.76,US,228192.67,236319.43,0,0,0,0,0,0,LOW
TXN002646,2024-04-18,9,TRANSFER,4356.88,CN,233365.56,229008.68,0,0,0,0,0,1,LOW
TXN002647,2024-04-06,13,DEBIT,3430.89,DE,318244.8,314813.91,0,0,0,0,0,4,LOW
TXN002648,2024-06-06,10,CASH_OUT,3958.66,DE,381622.44,377663.78,0,0,0,0,0,0,LOW
TXN002649,2024-02-07,16,TRANSFER,9466.64,DE,174406.71,164940.07,0,0,0,0,0,4,LOW
TXN002650,2024-08-19,9,CASH_OUT,10867.47,NG,249902.92,239035.45,0,0,0,1,0,35,LOW
TXN002651,2024-07-30,20,CASH_OUT,7891.62,UK,40523.71,32632.09,0,0,0,0,0,4,LOW
TXN002652,2024-02-04,14,PAYMENT,4681.38,NG,167619.1,162937.72,0,0,0,1,0,34,LOW
TXN002653,2024-06-26,12,CASH_OUT,1896.84,NG,282273.96,280377.12,0,0,0,1,0,32,LOW
TXN002654,2024-04-05,13,CASH_IN,10471.08,DE,339879.46,350350.54,0,0,0,0,0,5,LOW
TXN002655,2024-12-03,21,CASH_OUT,2342.16,US,123124.23,120782.07,0,0,0,0,0,1,LOW
TXN002656,2024-01-18,9,CASH_IN,3818.56,UK,219699.59,223518.15,0,0,0,0,0,1,LOW
TXN002657,2024-03-16,19,CASH_IN,6189.41,US,387650.75,393840.16,0,0,0,0,0,0,LOW
TXN002658,2024-01-16,10,PAYMENT,5122.34,UK,476911.08,471788.74,0,0,0,0,0,5,LOW
TXN002659,2024-05-31,19,PAYMENT,234.85,IR,330409.36,330174.51,0,0,0,1,0,32,LOW
TXN002660,2024-03-08,3,TRANSFER,38050.88,NG,483534.63,445483.75,0,1,0,1,1,95,HIGH
TXN002661,2024-05-31,17,DEBIT,613.21,US,114614.03,114000.82,0,0,0,0,0,3,LOW
TXN002662,2024-06-18,21,TRANSFER,2746.78,US,145957.58,143210.8,0,0,0,0,0,0,LOW
TXN002663,2024-09-11,14,CASH_IN,3198.67,US,183401.15,186599.82,0,0,0,0,0,5,LOW
TXN002664,2024-01-22,21,PAYMENT,992.75,UK,275457.86,274465.11,0,0,0,0,0,5,LOW
TXN002665,2024-06-01,13,CASH_OUT,1973.46,IR,273616.11,271642.65,0,0,0,1,0,32,LOW
TXN002666,2024-11-05,17,PAYMENT,2783.82,US,277692.45,274908.63,0,0,0,0,0,2,LOW
TXN002667,2024-05-13,16,TRANSFER,279.92,US,497459.71,497179.79,0,0,0,0,0,4,LOW
TXN002668,2024-08-25,16,TRANSFER,78.3,RU,162756.51,162678.21,0,0,0,1,0,30,LOW
TXN002669,2024-05-27,17,DEBIT,3799.78,IR,497071.75,493271.97,0,0,0,1,0,35,LOW
TXN002670,2024-08-08,17,TRANSFER,7099.77,NG,261069.91,253970.14,0,0,0,1,0,32,LOW
TXN002671,2024-07-09,20,TRANSFER,312.45,DE,34579.39,34266.94,0,0,0,0,0,2,LOW
TXN002672,2024-08-29,12,DEBIT,3467.81,US,175033.77,171565.96,0,0,0,0,0,2,LOW
TXN002673,2024-02-18,14,TRANSFER,9115.73,DE,158085.09,148969.36,0,0,0,0,0,0,LOW
TXN002674,2024-11-06,11,DEBIT,3748.7,US,293098.57,289349.87,0,0,0,0,0,0,LOW
TXN002675,2024-10-28,7,DEBIT,1223.11,US,465990.5,464767.39,0,0,0,0,0,3,LOW
TXN002676,2024-12-14,12,TRANSFER,1892.49,CN,146894.87,145002.38,0,0,0,0,0,3,LOW
TXN002677,2024-12-30,10,CASH_OUT,4034.36,US,250574.56,246540.2,0,0,0,0,0,2,LOW
TXN002678,2024-02-18,10,DEBIT,2392.42,DE,48555.71,46163.29,0,0,0,0,0,3,LOW
TXN002679,2024-06-18,17,CASH_IN,2269.59,US,194556.64,196826.23,0,0,0,0,0,2,LOW
TXN002680,2024-07-29,14,DEBIT,1048.16,RU,130162.84,129114.68,0,0,0,1,0,33,LOW
TXN002681,2024-05-25,12,PAYMENT,1343.99,US,82879.71,81535.72,0,0,0,0,0,2,LOW
TXN002682,2024-01-05,13,DEBIT,3676.25,US,118855.76,115179.51,0,0,0,0,0,4,LOW
TXN002683,2024-05-07,23,TRANSFER,89747.54,RU,17185.73,0.0,0,1,0,1,1,100,HIGH
TXN002684,2024-03-03,18,TRANSFER,448.05,MX,105889.74,105441.69,0,0,0,0,0,1,LOW
TXN002685,2024-07-16,21,PAYMENT,15300.46,US,325639.01,310338.55,0,0,0,0,0,3,LOW
TXN002686,2024-06-17,12,CASH_OUT,1844.77,US,844.9,0.0,0,0,0,0,0,1,LOW
TXN002687,2024-04-01,11,TRANSFER,8873.75,US,267023.27,258149.52,0,0,0,0,0,3,LOW
TXN002688,2024-12-12,18,PAYMENT,488.79,US,169275.36,168786.57,0,0,0,0,0,0,LOW
TXN002689,2024-04-21,20,TRANSFER,1094.3,US,349509.1,348414.8,0,0,0,0,0,2,LOW
TXN002690,2024-12-13,17,CASH_IN,6522.25,US,99075.28,105597.53,0,0,0,0,0,1,LOW
TXN002691,2024-07-06,18,PAYMENT,248.17,IR,133273.88,133025.71,0,0,0,1,0,31,LOW
TXN002692,2024-09-27,8,PAYMENT,1711.19,MX,377513.42,375802.23,0,0,0,0,0,1,LOW
TXN002693,2024-06-02,18,PAYMENT,2296.33,MX,486283.69,483987.36,0,0,0,0,0,2,LOW
TXN002694,2024-07-16,20,PAYMENT,6699.66,MX,134087.93,127388.27,0,0,0,0,0,5,LOW
TXN002695,2024-11-08,2,TRANSFER,139188.28,MX,340596.9,201408.62,0,0,0,0,1,65,MEDIUM
TXN002696,2024-10-09,12,TRANSFER,4076.97,UK,150504.44,146427.47,0,0,0,0,0,5,LOW
TXN002697,2024-05-14,17,DEBIT,520.69,MX,39858.0,39337.31,0,0,0,0,0,3,LOW
TXN002698,2024-03-11,17,CASH_IN,2624.6,DE,76178.66,78803.26,0,0,0,0,0,1,LOW
TXN002699,2024-04-05,9,DEBIT,3593.51,MX,60063.15,56469.64,0,0,0,0,0,2,LOW
TXN002700,2024-04-07,19,CASH_OUT,1156.95,UK,278294.9,277137.95,0,0,0,0,0,0,LOW
TXN002701,2024-02-06,13,CASH_OUT,646.88,CN,235867.27,235220.39,0,0,0,0,0,5,LOW
TXN002702,2024-07-21,8,TRANSFER,243.6,CN,220326.74,220083.14,0,0,0,0,0,4,LOW
TXN002703,2024-08-23,18,TRANSFER,96.4,US,129046.26,128949.86,0,0,0,0,0,3,LOW
TXN002704,2024-05-14,13,CASH_IN,350.77,NG,110379.51,110730.28,0,0,0,1,0,34,LOW
TXN002705,2024-03-21,16,TRANSFER,2890.53,IR,289037.92,286147.39,0,0,0,1,0,33,LOW
TXN002706,2024-08-20,20,CASH_IN,638.94,US,147541.3,148180.24,0,0,0,0,0,0,LOW
TXN002707,2024-06-04,3,CASH_OUT,6702.27,NG,127582.86,120880.59,0,0,0,1,1,51,MEDIUM
TXN002708,2024-09-10,17,CASH_OUT,3852.34,US,157008.0,153155.66,0,0,0,0,0,4,LOW
TXN002709,2024-12-11,19,PAYMENT,1333.19,US,203252.68,201919.49,0,0,0,0,0,4,LOW
TXN002710,2024-03-27,20,PAYMENT,444.0,NG,348218.15,347774.15,0,0,0,1,0,35,LOW
TXN002711,2024-07-16,10,TRANSFER,250.26,IR,283739.71,283489.45,0,0,0,1,0,31,LOW
TXN002712,2024-12-10,7,DEBIT,2071.95,US,483492.87,481420.92,0,0,0,0,0,3,LOW
TXN002713,2024-02-19,8,CASH_OUT,1881.4,MX,261743.35,259861.95,0,0,0,0,0,0,LOW
TXN002714,2024-02-15,12,CASH_IN,8388.4,US,323192.02,331580.42,0,0,0,0,0,0,LOW
TXN002715,2024-02-26,10,PAYMENT,2131.64,US,248440.6,246308.96,0,0,0,0,0,4,LOW
TXN002716,2024-07-15,19,CASH_OUT,4062.7,US,27373.82,23311.12,0,0,0,0,0,4,LOW
TXN002717,2024-02-06,20,DEBIT,5229.01,NG,373470.72,368241.71,0,0,0,1,0,31,LOW
TXN002718,2024-06-19,19,DEBIT,5011.3,US,76435.85,71424.55,0,0,0,0,0,5,LOW
TXN002719,2024-12-02,14,CASH_OUT,471.8,US,113258.82,112787.02,0,0,0,0,0,2,LOW
TXN002720,2024-08-25,7,TRANSFER,1137.28,NG,314662.74,313525.46,0,0,0,1,0,31,LOW
TXN002721,2024-01-27,12,PAYMENT,6351.59,UK,408717.1,402365.51,0,0,0,0,0,4,LOW
TXN002722,2024-12-25,11,CASH_OUT,6252.5,NG,468333.63,462081.13,0,0,0,1,0,35,LOW
TXN002723,2024-02-01,11,DEBIT,4317.44,US,159236.39,154918.95,0,0,0,0,0,4,LOW
TXN002724,2024-01-23,16,PAYMENT,5343.4,CN,413050.28,407706.88,0,0,0,0,0,0,LOW
TXN002725,2024-04-12,7,DEBIT,3543.77,US,323469.34,319925.57,0,0,0,0,0,1,LOW
TXN002726,2024-12-06,15,PAYMENT,4758.01,RU,81387.15,76629.14,0,0,0,1,0,33,LOW
TXN002727,2024-09-17,12,DEBIT,1238.64,US,235306.11,234067.47,0,0,0,0,0,1,LOW
TXN002728,2024-03-21,8,PAYMENT,144.09,MX,320512.72,320368.63,0,0,0,0,0,5,LOW
TXN002729,2024-10-09,11,TRANSFER,924.9,UK,202133.74,201208.84,0,0,0,0,0,4,LOW
TXN002730,2024-03-08,12,TRANSFER,888.82,RU,45157.67,44268.85,0,0,0,1,0,32,LOW
TXN002731,2024-08-06,7,CASH_OUT,1994.56,UK,314093.55,312098.99,0,0,0,0,0,3,LOW
TXN002732,2024-05-12,20,CASH_IN,1045.05,US,81507.33,82552.38,0,0,0,0,0,0,LOW
TXN002733,2024-01-01,9,PAYMENT,2824.48,NG,30181.5,27357.02,0,0,0,1,0,33,LOW
TXN002734,2024-02-10,9,CASH_OUT,2744.88,UK,122598.4,119853.52,0,0,0,0,0,0,LOW
TXN002735,2024-09-17,9,PAYMENT,1636.31,NG,258984.0,257347.69,0,0,0,1,0,32,LOW
TXN002736,2024-06-07,9,CASH_IN,3150.57,MX,188815.52,191966.09,0,0,0,0,0,3,LOW
TXN002737,2024-07-23,12,DEBIT,2014.42,DE,427901.0,425886.58,0,0,0,0,0,3,LOW
TXN002738,2024-01-22,8,TRANSFER,2907.81,US,278849.03,275941.22,0,0,0,0,0,4,LOW
TXN002739,2024-01-08,9,TRANSFER,8009.03,US,71562.94,63553.91,0,0,0,0,0,0,LOW
TXN002740,2024-05-03,14,DEBIT,3469.9,CN,107650.7,104180.8,0,0,0,0,0,2,LOW
TXN002741,2024-07-30,13,CASH_OUT,7446.41,RU,22841.55,15395.14,0,0,0,1,0,32,LOW
TXN002742,2024-05-21,15,PAYMENT,8451.44,UK,246067.36,237615.92,0,0,0,0,0,1,LOW
TXN002743,2024-04-24,9,CASH_IN,1040.0,IR,360492.93,361532.93,0,0,0,1,0,32,LOW
TXN002744,2024-03-07,20,DEBIT,1843.23,US,381333.87,379490.64,0,0,0,0,0,3,LOW
TXN002745,2024-01-28,8,CASH_IN,1917.59,CN,173383.06,175300.65,0,0,0,0,0,3,LOW
TXN002746,2024-01-14,17,CASH_OUT,2033.14,UK,320995.12,318961.98,0,0,0,0,0,0,LOW
TXN002747,2024-02-02,20,DEBIT,3165.38,DE,235076.1,231910.72,0,0,0,0,0,5,LOW
TXN002748,2024-05-12,2,CASH_OUT,75176.01,RU,26227.87,0.0,0,1,0,1,1,100,HIGH
TXN002749,2024-10-01,9,TRANSFER,25.83,MX,70445.23,70419.4,0,0,0,0,0,3,LOW
TXN002750,2024-02-05,12,CASH_OUT,68.31,CN,163797.78,163729.47,0,0,0,0,0,2,LOW
TXN002751,2024-04-22,12,CASH_IN,667.25,UK,12878.32,13545.57,0,0,0,0,0,1,LOW
TXN002752,2024-09-21,10,CASH_OUT,1551.97,IR,87309.17,85757.2,0,0,0,1,0,31,LOW
TXN002753,2024-12-18,9,CASH_OUT,1175.16,US,4137.81,2962.65,0,0,0,0,0,0,LOW
TXN002754,2024-04-02,21,CASH_IN,473.55,RU,125722.48,126196.03,0,0,0,1,0,32,LOW
TXN002755,2024-12-25,13,TRANSFER,6577.41,US,207479.09,200901.68,0,0,0,0,0,2,LOW
TXN002756,2024-12-19,8,TRANSFER,3012.31,US,248241.36,245229.05,0,0,0,0,0,0,LOW
TXN002757,2024-07-10,15,TRANSFER,1782.3,US,350589.47,348807.17,0,0,0,0,0,2,LOW
TXN002758,2024-08-13,11,DEBIT,2927.99,US,364247.13,361319.14,0,0,0,0,0,2,LOW
TXN002759,2024-08-14,4,TRANSFER,88367.7,NG,139613.71,51246.01,0,0,0,1,1,95,HIGH
TXN002760,2024-11-29,11,DEBIT,2548.17,IR,345471.36,342923.19,0,0,0,1,0,30,LOW
TXN002761,2024-05-26,4,CASH_OUT,53487.25,MX,28096.69,0.0,0,0,0,0,1,64,MEDIUM
TXN002762,2024-08-31,19,CASH_IN,5556.5,DE,24481.45,30037.95,0,0,0,0,0,1,LOW
TXN002763,2024-12-15,11,CASH_IN,6394.4,US,28839.17,35233.57,0,0,0,0,0,0,LOW
TXN002764,2024-12-03,14,TRANSFER,1656.53,US,182311.22,180654.69,0,0,0,0,0,5,LOW
TXN002765,2024-09-03,10,CASH_OUT,280.36,US,243175.1,242894.74,0,0,0,0,0,0,LOW
TXN002766,2024-11-05,17,PAYMENT,236.6,NG,275483.81,275247.21,0,0,0,1,0,33,LOW
TXN002767,2024-03-02,7,DEBIT,2827.81,UK,58402.15,55574.34,0,0,0,0,0,0,LOW
TXN002768,2024-12-18,21,PAYMENT,820.86,US,23133.99,22313.13,0,0,0,0,0,3,LOW
TXN002769,2024-01-26,16,TRANSFER,2968.14,US,428597.27,425629.13,0,0,0,0,0,2,LOW
TXN002770,2024-03-08,19,CASH_IN,6572.0,UK,164039.21,170611.21,0,0,0,0,0,2,LOW
TXN002771,2024-12-02,20,CASH_IN,1398.42,IR,216115.27,217513.69,0,0,0,1,0,34,LOW
TXN002772,2024-03-11,20,CASH_OUT,2847.35,CN,218351.74,215504.39,0,0,0,0,0,2,LOW
TXN002773,2024-06-27,2,TRANSFER,81144.02,RU,123456.52,42312.5,0,1,0,1,1,100,HIGH
TXN002774,2024-06-18,10,CASH_IN,768.96,US,433903.92,434672.88,0,0,0,0,0,3,LOW
TXN002775,2024-11-26,21,PAYMENT,681.36,RU,191311.82,190630.46,0,0,0,1,0,31,LOW
TXN002776,2024-07-24,21,CASH_OUT,10827.97,MX,86031.59,75203.62,0,0,0,0,0,16,LOW
TXN002777,2024-04-18,15,DEBIT,4140.96,DE,331277.53,327136.57,0,0,0,0,0,3,LOW
TXN002778,2024-05-11,10,DEBIT,630.36,UK,332999.75,332369.39,0,0,0,0,0,5,LOW
TXN002779,2024-06-26,10,DEBIT,108.0,DE,397846.31,397738.31,0,0,0,0,0,5,LOW
TXN002780,2024-02-10,13,PAYMENT,1037.65,MX,453613.13,452575.48,0,0,0,0,0,3,LOW
TXN002781,2024-03-23,10,TRANSFER,3299.01,MX,254665.89,251366.88,0,0,0,0,0,3,LOW
TXN002782,2024-01-10,12,TRANSFER,262.85,US,348636.33,348373.48,0,0,0,0,0,2,LOW
TXN002783,2024-08-29,15,CASH_OUT,2182.26,DE,328655.63,326473.37,0,0,0,0,0,0,LOW
TXN002784,2024-12-10,16,TRANSFER,5074.01,US,171176.23,166102.22,0,0,0,0,0,3,LOW
TXN002785,2024-01-27,11,DEBIT,1520.19,MX,485673.41,484153.22,0,0,0,0,0,5,LOW
TXN002786,2024-07-25,11,DEBIT,7504.65,UK,184901.09,177396.44,0,0,0,0,0,3,LOW
TXN002787,2024-03-12,13,DEBIT,1017.36,IR,12937.65,11920.29,0,0,0,1,0,30,LOW
TXN002788,2024-05-30,2,TRANSFER,11140.12,US,499771.32,488631.2,0,0,0,0,1,39,LOW
TXN002789,2024-12-26,11,CASH_OUT,3151.4,NG,348469.3,345317.9,0,0,0,1,0,30,LOW
TXN002790,2024-04-05,12,DEBIT,1631.09,US,490508.21,488877.12,0,0,0,0,0,0,LOW
TXN002791,2024-04-25,15,DEBIT,4369.13,MX,415597.8,411228.67,0,0,0,0,0,3,LOW
TXN002792,2024-03-21,2,CASH_OUT,48965.0,US,223809.8,174844.8,0,0,0,0,1,40,MEDIUM
TXN002793,2024-02-08,20,CASH_IN,3072.39,US,472599.54,475671.93,0,0,0,0,0,5,LOW
TXN002794,2024-03-11,18,DEBIT,6200.61,NG,247936.73,241736.12,0,0,0,1,0,30,LOW
TXN002795,2024-07-29,3,TRANSFER,37219.95,UK,89051.87,51831.92,0,1,0,0,1,60,MEDIUM
TXN002796,2024-12-19,10,TRANSFER,6932.12,IR,211967.75,205035.63,0,0,0,1,0,30,LOW
TXN002797,2024-10-01,18,PAYMENT,657.74,US,440300.79,439643.05,0,0,0,0,0,0,LOW
TXN002798,2024-12-16,9,PAYMENT,11532.02,US,451461.52,439929.5,0,0,0,0,0,1,LOW
TXN002799,2024-06-09,9,TRANSFER,1808.27,NG,59019.04,57210.77,0,0,0,1,0,32,LOW
TXN002800,2024-03-20,7,CASH_OUT,3794.77,UK,114267.61,110472.84,0,0,0,0,0,2,LOW
TXN002801,2024-01-16,11,CASH_IN,4146.1,US,390468.14,394614.24,0,0,0,0,0,4,LOW
TXN002802,2024-12-26,21,TRANSFER,10584.7,DE,148893.99,138309.29,0,0,0,0,0,19,LOW
TXN002803,2024-09-23,1,TRANSFER,13727.91,US,347492.39,333764.48,0,1,0,0,1,64,MEDIUM
TXN002804,2024-09-18,13,TRANSFER,195.52,UK,314671.17,314475.65,0,0,0,0,0,3,LOW
TXN002805,2024-10-03,18,TRANSFER,604.98,US,455133.89,454528.91,0,0,0,0,0,5,LOW
TXN002806,2024-10-25,16,PAYMENT,11925.14,US,455253.17,443328.03,0,0,0,0,0,2,LOW
TXN002807,2024-04-21,7,TRANSFER,110.11,IR,427586.98,427476.87,0,0,0,1,0,31,LOW
TXN002808,2024-08-23,11,CASH_OUT,3390.91,US,30731.45,27340.54,0,0,0,0,0,3,LOW
TXN002809,2024-05-12,21,PAYMENT,3110.45,RU,336698.73,333588.28,0,0,0,1,0,30,LOW
TXN002810,2024-11-21,18,DEBIT,608.12,IR,133626.21,133018.09,0,0,0,1,0,31,LOW
TXN002811,2024-08-04,8,CASH_IN,2606.75,DE,405516.08,408122.83,0,0,0,0,0,4,LOW
TXN002812,2024-01-13,13,CASH_OUT,313.2,UK,17592.41,17279.21,0,0,0,0,0,5,LOW
TXN002813,2024-08-23,8,CASH_IN,726.36,US,463606.79,464333.15,0,0,0,0,0,0,LOW
TXN002814,2024-11-26,9,DEBIT,5629.24,UK,433083.17,427453.93,0,0,0,0,0,2,LOW
TXN002815,2024-11-16,18,DEBIT,17131.81,RU,64015.99,46884.18,0,0,0,1,0,31,LOW
TXN002816,2024-10-06,7,PAYMENT,797.52,MX,77954.98,77157.46,0,0,0,0,0,3,LOW
TXN002817,2024-02-05,21,CASH_OUT,1107.96,UK,439647.19,438539.23,0,0,0,0,0,2,LOW
TXN002818,2024-02-21,12,CASH_IN,4266.73,UK,98152.63,102419.36,0,0,0,0,0,1,LOW
TXN002819,2024-01-31,20,PAYMENT,3631.89,UK,56849.7,53217.81,0,0,0,0,0,5,LOW
TXN002820,2024-01-15,20,PAYMENT,5408.07,US,243788.1,238380.03,0,0,0,0,0,0,LOW
TXN002821,2024-07-21,16,CASH_IN,5695.57,US,498766.37,504461.94,0,0,0,0,0,1,LOW
TXN002822,2024-08-17,10,CASH_IN,1753.55,MX,72047.12,73800.67,0,0,0,0,0,1,LOW
TXN002823,2024-02-27,8,TRANSFER,7988.53,DE,251616.13,243627.6,0,0,0,0,0,1,LOW
TXN002824,2024-03-04,7,CASH_IN,5087.19,US,50927.51,56014.7,0,0,0,0,0,1,LOW
TXN002825,2024-06-03,7,PAYMENT,530.78,UK,448337.79,447807.01,0,0,0,0,0,4,LOW
TXN002826,2024-03-24,19,CASH_OUT,688.27,DE,370902.75,370214.48,0,0,0,0,0,3,LOW
TXN002827,2024-10-20,16,CASH_IN,1892.74,DE,489114.62,491007.36,0,0,0,0,0,3,LOW
TXN002828,2024-11-05,9,CASH_IN,110.06,UK,269929.68,270039.74,0,0,0,0,0,5,LOW
TXN002829,2024-03-01,4,TRANSFER,4191.08,US,161050.92,156859.84,0,1,0,0,1,49,MEDIUM
TXN002830,2024-03-10,15,CASH_OUT,9051.67,RU,432027.06,422975.39,0,0,0,1,0,32,LOW
TXN002831,2024-11-06,13,CASH_IN,10981.71,DE,135819.95,146801.66,0,0,0,0,0,1,LOW
TXN002832,2024-12-22,15,DEBIT,15854.14,RU,449195.87,433341.73,0,0,0,1,0,32,LOW
TXN002833,2024-08-06,8,CASH_OUT,12031.79,CN,362522.05,350490.26,0,0,0,0,0,17,LOW
TXN002834,2024-02-15,17,CASH_IN,871.88,IR,58055.35,58927.23,0,0,0,1,0,33,LOW
TXN002835,2024-08-15,13,DEBIT,4751.38,UK,368880.85,364129.47,0,0,0,0,0,0,LOW
TXN002836,2024-03-07,10,CASH_IN,693.72,UK,322642.49,323336.21,0,0,0,0,0,0,LOW
TXN002837,2024-10-08,13,DEBIT,2270.95,UK,320793.11,318522.16,0,0,0,0,0,1,LOW
TXN002838,2024-06-22,16,DEBIT,10135.61,US,64710.23,54574.62,0,0,0,0,0,4,LOW
TXN002839,2024-06-29,13,PAYMENT,6693.15,US,330160.63,323467.48,0,0,0,0,0,0,LOW
TXN002840,2024-12-16,8,TRANSFER,5695.5,IR,197419.91,191724.41,0,0,0,1,0,31,LOW
TXN002841,2024-02-11,12,PAYMENT,4179.36,IR,392889.23,388709.87,0,0,0,1,0,33,LOW
TXN002842,2024-07-02,20,CASH_OUT,1651.69,RU,488375.26,486723.57,0,0,0,1,0,34,LOW
TXN002843,2024-10-23,11,TRANSFER,2456.82,IR,80549.7,78092.88,0,0,0,1,0,31,LOW
TXN002844,2024-01-06,8,TRANSFER,2840.74,MX,429142.96,426302.22,0,0,0,0,0,1,LOW
TXN002845,2024-08-03,12,TRANSFER,130.94,US,130514.46,130383.52,0,0,0,0,0,2,LOW
TXN002846,2024-03-31,17,CASH_OUT,3235.25,US,23691.05,20455.8,0,0,0,0,0,3,LOW
TXN002847,2024-09-03,20,DEBIT,4155.84,IR,60689.7,56533.86,0,0,0,1,0,34,LOW
TXN002848,2024-05-28,20,TRANSFER,264.92,UK,81182.75,80917.83,0,0,0,0,0,0,LOW
TXN002849,2024-06-07,10,CASH_OUT,1105.48,CN,482801.76,481696.28,0,0,0,0,0,3,LOW
TXN002850,2024-11-20,19,CASH_OUT,316.49,MX,287420.47,287103.98,0,0,0,0,0,0,LOW
TXN002851,2024-09-15,18,TRANSFER,993.4,MX,16906.92,15913.52,0,0,0,0,0,4,LOW
TXN002852,2024-01-24,12,CASH_OUT,2555.83,RU,385816.99,383261.16,0,0,0,1,0,30,LOW
TXN002853,2024-03-25,15,CASH_OUT,1372.09,RU,289512.17,288140.08,0,0,0,1,0,31,LOW
TXN002854,2024-01-28,12,CASH_IN,2728.03,US,50663.84,53391.87,0,0,0,0,0,2,LOW
TXN002855,2024-02-03,14,PAYMENT,5899.68,US,29552.84,23653.16,0,0,0,0,0,2,LOW
TXN002856,2024-06-15,13,CASH_OUT,12398.64,NG,7632.35,0.0,0,0,0,1,0,35,LOW
TXN002857,2024-02-12,18,DEBIT,1352.72,UK,128536.6,127183.88,0,0,0,0,0,2,LOW
TXN002858,2024-05-26,2,CASH_OUT,56953.12,NG,222417.44,165464.32,0,0,0,1,1,91,HIGH
TXN002859,2024-03-15,9,TRANSFER,3493.33,US,171116.38,167623.05,0,0,0,0,0,4,LOW
TXN002860,2024-04-20,10,DEBIT,4885.92,MX,352457.45,347571.53,0,0,0,0,0,4,LOW
TXN002861,2024-06-10,11,CASH_IN,9750.04,US,240672.3,250422.34,0,0,0,0,0,5,LOW
TXN002862,2024-08-10,8,TRANSFER,7238.47,US,58081.69,50843.22,0,0,0,0,0,4,LOW
TXN002863,2024-10-22,15,DEBIT,4030.57,NG,279578.0,275547.43,0,0,0,1,0,31,LOW
TXN002864,2024-12-02,20,CASH_OUT,264.31,MX,278789.37,278525.06,0,0,0,0,0,0,LOW
TXN002865,2024-02-02,20,PAYMENT,1027.86,CN,90021.37,88993.51,0,0,0,0,0,2,LOW
TXN002866,2024-07-29,12,CASH_IN,3050.63,UK,339669.53,342720.16,0,0,0,0,0,2,LOW
TXN002867,2024-06-13,16,PAYMENT,5760.55,UK,14336.24,8575.69,0,0,0,0,0,0,LOW
TXN002868,2024-09-04,17,DEBIT,242.69,US,198710.67,198467.98,0,0,0,0,0,1,LOW
TXN002869,2024-02-12,1,CASH_OUT,27760.57,US,170229.8,142469.23,0,0,0,0,1,40,MEDIUM
TXN002870,2024-02-22,20,DEBIT,9515.1,MX,183572.83,174057.73,0,0,0,0,0,0,LOW
TXN002871,2024-04-05,9,DEBIT,1183.21,NG,168575.59,167392.38,0,0,0,1,0,34,LOW
TXN002872,2024-04-10,8,PAYMENT,4259.2,NG,239201.69,234942.49,0,0,0,1,0,33,LOW
TXN002873,2024-09-09,12,DEBIT,2039.05,UK,296354.44,294315.39,0,0,0,0,0,5,LOW
TXN002874,2024-09-10,11,TRANSFER,7347.96,US,298799.63,291451.67,0,0,0,0,0,5,LOW
TXN002875,2024-02-04,12,TRANSFER,2828.81,CN,476706.5,473877.69,0,0,0,0,0,4,LOW
TXN002876,2024-05-26,7,TRANSFER,3365.37,US,489988.74,486623.37,0,0,0,0,0,4,LOW
TXN002877,2024-01-23,12,TRANSFER,34.57,NG,2280.96,2246.39,0,0,0,1,0,34,LOW
TXN002878,2024-07-30,21,CASH_OUT,4569.82,US,12490.7,7920.88,0,0,0,0,0,5,LOW
TXN002879,2024-06-25,19,TRANSFER,10038.51,RU,97706.02,87667.51,0,0,0,1,0,35,LOW
TXN002880,2024-01-06,12,CASH_OUT,2377.56,DE,21448.76,19071.2,0,0,0,0,0,1,LOW
TXN002881,2024-02-13,21,TRANSFER,1511.56,UK,348734.05,347222.49,0,0,0,0,0,1,LOW
TXN002882,2024-09-07,19,PAYMENT,4164.65,UK,483257.48,479092.83,0,0,0,0,0,5,LOW
TXN002883,2024-12-03,9,TRANSFER,1725.5,UK,235518.61,233793.11,0,0,0,0,0,3,LOW
TXN002884,2024-08-04,14,CASH_OUT,2016.26,IR,276907.99,274891.73,0,0,0,1,0,33,LOW
TXN002885,2024-11-13,17,CASH_OUT,2914.12,US,249150.86,246236.74,0,0,0,0,0,4,LOW
TXN002886,2024-03-24,11,CASH_IN,5399.59,MX,293281.52,298681.11,0,0,0,0,0,2,LOW
TXN002887,2024-05-11,21,CASH_IN,2400.67,CN,172135.72,174536.39,0,0,0,0,0,3,LOW
TXN002888,2024-07-12,16,PAYMENT,2295.09,UK,202490.17,200195.08,0,0,0,0,0,0,LOW
TXN002889,2024-01-15,7,PAYMENT,251.59,RU,40703.31,40451.72,0,0,0,1,0,35,LOW
TXN002890,2024-01-13,20,PAYMENT,1533.86,DE,53624.76,52090.9,0,0,0,0,0,0,LOW
TXN002891,2024-10-16,9,CASH_IN,2561.15,UK,10720.94,13282.09,0,0,0,0,0,5,LOW
TXN002892,2024-05-27,7,DEBIT,650.02,IR,300245.0,299594.98,0,0,0,1,0,32,LOW
TXN002893,2024-03-24,3,TRANSFER,70444.82,DE,362844.44,292399.62,0,0,0,0,1,63,MEDIUM
TXN002894,2024-01-19,9,CASH_OUT,8200.21,UK,421192.46,412992.25,0,0,0,0,0,4,LOW
TXN002895,2024-12-07,17,CASH_IN,4201.66,NG,365302.83,369504.49,0,0,0,1,0,33,LOW
TXN002896,2024-09-04,12,TRANSFER,4068.05,DE,275762.88,271694.83,0,0,0,0,0,1,LOW
TXN002897,2024-12-23,23,TRANSFER,70519.96,CN,96006.5,25486.54,0,1,0,0,1,89,HIGH
TXN002898,2024-12-02,18,DEBIT,2653.43,MX,237026.82,234373.39,0,0,0,0,0,3,LOW
TXN002899,2024-03-24,9,DEBIT,2890.89,UK,70542.55,67651.66,0,0,0,0,0,3,LOW
TXN002900,2024-12-09,9,CASH_OUT,8068.3,DE,370456.76,362388.46,0,0,0,0,0,0,LOW
TXN002901,2024-05-24,20,PAYMENT,4837.54,US,298647.97,293810.43,0,0,0,0,0,5,LOW
TXN002902,2024-12-15,18,CASH_OUT,2323.2,US,254891.26,252568.06,0,0,0,0,0,3,LOW
TXN002903,2024-06-24,7,PAYMENT,1256.68,UK,162172.65,160915.97,0,0,0,0,0,5,LOW
TXN002904,2024-07-21,9,CASH_OUT,174.72,CN,66706.81,66532.09,0,0,0,0,0,2,LOW
TXN002905,2024-06-17,11,TRANSFER,893.06,CN,157360.32,156467.26,0,0,0,0,0,3,LOW
TXN002906,2024-04-12,13,CASH_OUT,1451.39,IR,187828.64,186377.25,0,0,0,1,0,31,LOW
TXN002907,2024-03-31,10,PAYMENT,141.49,NG,277282.29,277140.8,0,0,0,1,0,33,LOW
TXN002908,2024-02-27,9,PAYMENT,4997.25,MX,426738.94,421741.69,0,0,0,0,0,1,LOW
TXN002909,2024-06-08,13,PAYMENT,1042.99,MX,178604.54,177561.55,0,0,0,0,0,2,LOW
TXN002910,2024-03-06,17,TRANSFER,2705.58,US,286982.87,284277.29,0,0,0,0,0,1,LOW
TXN002911,2024-02-02,10,CASH_OUT,1214.27,MX,132252.12,131037.85,0,0,0,0,0,1,LOW
TXN002912,2024-11-21,21,PAYMENT,1069.26,US,180845.31,179776.05,0,0,0,0,0,0,LOW
TXN002913,2024-03-20,19,CASH_IN,1230.2,CN,442411.13,443641.33,0,0,0,0,0,5,LOW
TXN002914,2024-02-19,15,CASH_OUT,7546.98,DE,285441.73,277894.75,0,0,0,0,0,1,LOW
TXN002915,2024-06-09,16,PAYMENT,3058.95,US,94814.3,91755.35,0,0,0,0,0,5,LOW
TXN002916,2024-10-28,7,DEBIT,161.14,US,369583.48,369422.34,0,0,0,0,0,2,LOW
TXN002917,2024-01-04,18,TRANSFER,79.54,IR,289035.77,288956.23,0,0,0,1,0,30,LOW
TXN002918,2024-12-26,18,CASH_IN,18994.87,US,60107.1,79101.97,0,0,0,0,0,3,LOW
TXN002919,2024-03-23,7,CASH_OUT,3032.39,DE,232107.99,229075.6,0,0,0,0,0,3,LOW
TXN002920,2024-01-05,15,DEBIT,4649.03,UK,423601.47,418952.44,0,0,0,0,0,3,LOW
TXN002921,2024-03-28,12,CASH_OUT,2705.18,US,383198.18,380493.0,0,0,0,0,0,4,LOW
TXN002922,2024-11-30,8,TRANSFER,2747.48,CN,233729.95,230982.47,0,0,0,0,0,0,LOW
TXN002923,2024-09-09,21,PAYMENT,798.52,UK,392145.5,391346.98,0,0,0,0,0,4,LOW
TXN002924,2024-05-13,19,TRANSFER,3762.41,UK,352048.5,348286.09,0,0,0,0,0,1,LOW
TXN002925,2024-05-26,19,PAYMENT,2243.36,MX,419512.82,417269.46,0,0,0,0,0,1,LOW
TXN002926,2024-10-03,17,CASH_OUT,1497.5,UK,182854.81,181357.31,0,0,0,0,0,4,LOW
TXN002927,2024-10-14,8,CASH_IN,1735.24,US,112125.41,113860.65,0,0,0,0,0,2,LOW
TXN002928,2024-11-28,7,CASH_OUT,1809.23,UK,412633.44,410824.21,0,0,0,0,0,5,LOW
TXN002929,2024-07-10,19,TRANSFER,1572.15,MX,303306.0,301733.85,0,0,0,0,0,0,LOW
TXN002930,2024-09-17,16,CASH_OUT,792.54,MX,444383.2,443590.66,0,0,0,0,0,5,LOW
TXN002931,2024-02-29,16,CASH_IN,2815.54,MX,90312.19,93127.73,0,0,0,0,0,3,LOW
TXN002932,2024-12-04,18,PAYMENT,1890.79,DE,74709.94,72819.15,0,0,0,0,0,1,LOW
TXN002933,2024-07-25,9,PAYMENT,6026.33,US,9660.45,3634.12,0,0,0,0,0,1,LOW
TXN002934,2024-06-09,14,PAYMENT,6795.88,UK,302425.04,295629.16,0,0,0,0,0,4,LOW
TXN002935,2024-02-15,20,TRANSFER,596.98,DE,479672.15,479075.17,0,0,0,0,0,5,LOW
TXN002936,2024-04-15,8,PAYMENT,3216.43,US,276126.51,272910.08,0,0,0,0,0,4,LOW
TXN002937,2024-10-22,8,DEBIT,3282.44,US,213783.83,210501.39,0,0,0,0,0,5,LOW
TXN002938,2024-03-01,13,DEBIT,1943.68,US,44320.98,42377.3,0,0,0,0,0,1,LOW
TXN002939,2024-03-01,17,PAYMENT,1464.25,MX,136399.84,134935.59,0,0,0,0,0,1,LOW
TXN002940,2024-01-04,15,CASH_OUT,2912.15,CN,313503.84,310591.69,0,0,0,0,0,1,LOW
TXN002941,2024-05-17,21,TRANSFER,2428.15,US,36680.08,34251.93,0,0,0,0,0,1,LOW
TXN002942,2024-05-30,21,CASH_OUT,3649.66,NG,206200.71,202551.05,0,0,0,1,0,35,LOW
TXN002943,2024-10-31,12,TRANSFER,352.29,IR,173404.74,173052.45,0,0,0,1,0,33,LOW
TXN002944,2024-09-15,10,PAYMENT,2539.45,DE,54919.36,52379.91,0,0,0,0,0,2,LOW
TXN002945,2024-04-30,13,TRANSFER,1836.27,DE,384324.86,382488.59,0,0,0,0,0,3,LOW
TXN002946,2024-12-20,19,TRANSFER,6048.4,US,214110.83,208062.43,0,0,0,0,0,2,LOW
TXN002947,2024-03-10,7,CASH_IN,624.29,CN,245258.44,245882.73,0,0,0,0,0,1,LOW
TXN002948,2024-09-11,13,PAYMENT,2028.46,US,380298.66,378270.2,0,0,0,0,0,1,LOW
TXN002949,2024-06-21,17,CASH_OUT,273.39,US,210966.06,210692.67,0,0,0,0,0,4,LOW
TXN002950,2024-12-13,10,DEBIT,717.4,UK,318558.62,317841.22,0,0,0,0,0,3,LOW
TXN002951,2024-03-22,16,TRANSFER,5114.91,US,92087.39,86972.48,0,0,0,0,0,1,LOW
TXN002952,2024-04-01,16,PAYMENT,1636.39,US,421935.87,420299.48,0,0,0,0,0,0,LOW
TXN002953,2024-02-04,11,DEBIT,674.88,US,191398.36,190723.48,0,0,0,0,0,1,LOW
TXN002954,2024-08-20,19,PAYMENT,11745.32,US,54107.53,42362.21,0,0,0,0,0,2,LOW
TXN002955,2024-06-28,8,CASH_OUT,5696.67,MX,483811.29,478114.62,0,0,0,0,0,3,LOW
TXN002956,2024-10-05,11,TRANSFER,9277.71,US,45661.33,36383.62,0,0,0,0,0,3,LOW
TXN002957,2024-04-11,19,CASH_IN,1604.83,NG,212626.97,214231.8,0,0,0,1,0,34,LOW
TXN002958,2024-06-04,9,DEBIT,378.56,DE,414906.1,414527.54,0,0,0,0,0,4,LOW
TXN002959,2024-06-06,16,TRANSFER,6841.94,DE,398397.73,391555.79,0,0,0,0,0,5,LOW
TXN002960,2024-01-01,13,TRANSFER,1544.39,US,274791.19,273246.8,0,0,0,0,0,2,LOW
TXN002961,2024-10-30,16,CASH_OUT,245.87,IR,314772.4,314526.53,0,0,0,1,0,35,LOW
TXN002962,2024-02-06,21,TRANSFER,149.87,US,17857.28,17707.41,0,0,0,0,0,2,LOW
TXN002963,2024-06-18,13,CASH_OUT,3697.26,CN,180566.87,176869.61,0,0,0,0,0,4,LOW
TXN002964,2024-12-21,12,CASH_OUT,1264.81,CN,351665.85,350401.04,0,0,0,0,0,4,LOW
TXN002965,2024-06-11,15,CASH_OUT,2537.53,RU,441977.41,439439.88,0,0,0,1,0,32,LOW
TXN002966,2024-02-18,8,CASH_IN,3276.88,UK,278544.29,281821.17,0,0,0,0,0,0,LOW
TXN002967,2024-04-25,21,CASH_OUT,610.54,IR,350233.67,349623.13,0,0,0,1,0,30,LOW
TXN002968,2024-08-12,17,PAYMENT,5203.41,RU,429671.01,424467.6,0,0,0,1,0,34,LOW
TXN002969,2024-01-20,12,CASH_OUT,189.52,US,76855.01,76665.49,0,0,0,0,0,5,LOW
TXN002970,2024-05-29,16,DEBIT,6423.73,DE,338609.59,332185.86,0,0,0,0,0,1,LOW
TXN002971,2024-09-16,11,CASH_OUT,1296.03,UK,250246.8,248950.77,0,0,0,0,0,1,LOW
TXN002972,2024-05-09,19,CASH_OUT,4581.23,UK,88868.04,84286.81,0,0,0,0,0,0,LOW
TXN002973,2024-06-23,8,CASH_OUT,1055.22,MX,104409.86,103354.64,0,0,0,0,0,4,LOW
TXN002974,2024-02-03,10,CASH_IN,107.88,RU,276566.87,276674.75,0,0,0,1,0,34,LOW
TXN002975,2024-06-09,2,TRANSFER,3667.85,CN,259936.76,256268.91,0,1,0,0,1,50,MEDIUM
TXN002976,2024-04-07,3,CASH_OUT,9058.63,NG,10626.5,1567.87,1,1,0,1,1,100,HIGH
TXN002977,2024-06-26,17,PAYMENT,2920.28,US,70057.56,67137.28,0,0,0,0,0,2,LOW
TXN002978,2024-11-30,12,CASH_OUT,2394.6,UK,145749.04,143354.44,0,0,0,0,0,2,LOW
TXN002979,2024-11-07,11,TRANSFER,13538.85,CN,473140.9,459602.05,0,0,0,0,0,20,LOW
TXN002980,2024-10-23,11,CASH_OUT,2252.79,IR,173983.49,171730.7,0,0,0,1,0,31,LOW
TXN002981,2024-08-02,12,TRANSFER,1376.63,UK,318159.94,316783.31,0,0,0,0,0,2,LOW
TXN002982,2024-09-28,14,CASH_IN,70.61,DE,299465.99,299536.6,0,0,0,0,0,1,LOW
TXN002983,2024-12-30,21,PAYMENT,1045.67,MX,297888.8,296843.13,0,0,0,0,0,5,LOW
TXN002984,2024-04-10,10,DEBIT,2171.99,CN,211470.05,209298.06,0,0,0,0,0,3,LOW
TXN002985,2024-11-17,12,PAYMENT,186.78,DE,50730.73,50543.95,0,0,0,0,0,1,LOW
TXN002986,2024-02-12,19,TRANSFER,777.04,CN,70251.23,69474.19,0,0,0,0,0,1,LOW
TXN002987,2024-07-13,12,DEBIT,722.73,UK,139200.48,138477.75,0,0,0,0,0,3,LOW
TXN002988,2024-09-26,7,DEBIT,588.16,US,342983.22,342395.06,0,0,0,0,0,3,LOW
TXN002989,2024-03-25,17,TRANSFER,426.94,DE,303698.08,303271.14,0,0,0,0,0,3,LOW
TXN002990,2024-02-11,15,TRANSFER,3925.01,US,220730.02,216805.01,0,0,0,0,0,4,LOW
TXN002991,2024-10-07,10,CASH_OUT,13136.74,UK,483450.88,470314.14,0,0,0,0,0,18,LOW
TXN002992,2024-03-26,11,CASH_IN,4377.02,US,181118.79,185495.81,0,0,0,0,0,2,LOW
TXN002993,2024-11-18,17,TRANSFER,2206.79,MX,217427.43,215220.64,0,0,0,0,0,5,LOW
TXN002994,2024-05-22,7,DEBIT,1601.44,US,366654.5,365053.06,0,0,0,0,0,0,LOW
TXN002995,2024-11-26,14,CASH_IN,2801.45,US,225903.87,228705.32,0,0,0,0,0,5,LOW
TXN002996,2024-10-28,12,TRANSFER,534.44,US,6246.41,5711.97,0,0,0,0,0,2,LOW
TXN002997,2024-05-20,4,CASH_OUT,30772.17,CN,209650.29,178878.12,0,0,0,0,1,37,LOW
TXN002998,2024-03-09,21,CASH_IN,3967.54,DE,278540.26,282507.8,0,0,0,0,0,0,LOW
TXN002999,2024-07-05,13,CASH_IN,6206.38,US,251133.42,257339.8,0,0,0,0,0,5,LOW
TXN003000,2024-03-28,18,CASH_OUT,739.31,DE,26726.32,25987.01,0,0,0,0,0,4,LOW
TXN003001,2024-01-12,12,PAYMENT,1501.46,NG,421936.87,420435.41,0,0,0,1,0,35,LOW
TXN003002,2024-06-18,15,CASH_IN,1194.71,CN,315799.11,316993.82,0,0,0,0,0,2,LOW
TXN003003,2024-05-19,20,DEBIT,444.96,US,168384.02,167939.06,0,0,0,0,0,1,LOW
TXN003004,2024-02-19,1,CASH_OUT,14149.41,IR,196236.52,182087.11,0,0,0,1,1,66,MEDIUM
TXN003005,2024-05-15,4,TRANSFER,20624.62,US,331263.91,310639.29,0,0,0,0,1,37,LOW
TXN003006,2024-12-09,10,CASH_IN,8367.57,UK,426243.35,434610.92,0,0,0,0,0,2,LOW
TXN003007,2024-04-08,13,CASH_IN,2100.67,NG,412530.19,414630.86,0,0,0,1,0,32,LOW
TXN003008,2024-07-26,10,DEBIT,651.14,US,140973.77,140322.63,0,0,0,0,0,3,LOW
TXN003009,2024-03-23,16,CASH_IN,2739.82,IR,19026.74,21766.56,0,0,0,1,0,35,LOW
TXN003010,2024-07-13,16,PAYMENT,1392.17,IR,218823.68,217431.51,0,0,0,1,0,30,LOW
TXN003011,2024-01-18,19,TRANSFER,15949.11,US,15995.59,46.48,0,0,0,0,0,17,LOW
TXN003012,2024-09-01,8,PAYMENT,13064.26,US,334360.73,321296.47,0,0,0,0,0,3,LOW
TXN003013,2024-10-06,4,CASH_OUT,44286.94,IR,345752.16,301465.22,0,0,0,1,1,66,MEDIUM
TXN003014,2024-05-07,15,DEBIT,2147.09,US,470012.9,467865.81,0,0,0,0,0,0,LOW
TXN003015,2024-06-30,7,TRANSFER,476.1,UK,402498.92,402022.82,0,0,0,0,0,3,LOW
TXN003016,2024-06-11,19,PAYMENT,1646.81,DE,267302.41,265655.6,0,0,0,0,0,0,LOW
TXN003017,2024-05-14,8,CASH_OUT,6691.2,MX,335383.64,328692.44,0,0,0,0,0,3,LOW
TXN003018,2024-03-14,12,DEBIT,1927.36,RU,441800.24,439872.88,0,0,0,1,0,32,LOW
TXN003019,2024-04-17,9,PAYMENT,4180.97,UK,181437.78,177256.81,0,0,0,0,0,5,LOW
TXN003020,2024-04-02,13,CASH_IN,2947.64,NG,231557.12,234504.76,0,0,0,1,0,35,LOW
TXN003021,2024-10-30,11,PAYMENT,3084.74,CN,440587.99,437503.25,0,0,0,0,0,3,LOW
TXN003022,2024-10-18,11,CASH_IN,2312.69,DE,23959.36,26272.05,0,0,0,0,0,0,LOW
TXN003023,2024-03-22,7,CASH_IN,6611.28,CN,342108.33,348719.61,0,0,0,0,0,0,LOW
TXN003024,2024-02-19,2,TRANSFER,678.34,US,396696.13,396017.79,0,1,0,0,1,47,MEDIUM
TXN003025,2024-05-28,15,DEBIT,9617.62,NG,452310.59,442692.97,0,0,0,1,0,31,LOW
TXN003026,2024-11-26,17,DEBIT,304.71,US,182081.63,181776.92,0,0,0,0,0,5,LOW
TXN003027,2024-06-22,18,TRANSFER,3815.06,CN,426374.83,422559.77,0,0,0,0,0,0,LOW
TXN003028,2024-02-07,19,CASH_IN,587.23,NG,353434.22,354021.45,0,0,0,1,0,32,LOW
TXN003029,2024-09-15,14,PAYMENT,2009.28,NG,325855.16,323845.88,0,0,0,1,0,34,LOW
TXN003030,2024-07-14,20,CASH_IN,4616.17,DE,98112.0,102728.17,0,0,0,0,0,5,LOW
TXN003031,2024-01-22,11,DEBIT,2515.83,US,52120.2,49604.37,0,0,0,0,0,3,LOW
TXN003032,2024-04-23,11,DEBIT,3128.04,RU,167536.53,164408.49,0,0,0,1,0,35,LOW
TXN003033,2024-10-02,4,TRANSFER,9301.31,NG,76972.79,67671.48,1,0,0,1,1,94,HIGH
TXN003034,2024-10-30,20,TRANSFER,8406.24,NG,111383.35,102977.11,0,0,0,1,0,34,LOW
TXN003035,2024-06-27,7,TRANSFER,931.82,US,468129.47,467197.65,0,0,0,0,0,5,LOW
TXN003036,2024-08-06,9,CASH_IN,6169.85,RU,468175.91,474345.76,0,0,0,1,0,34,LOW
TXN003037,2024-09-07,9,TRANSFER,2870.64,IR,326950.38,324079.74,0,0,0,1,0,33,LOW
TXN003038,2024-09-02,7,CASH_IN,2444.48,MX,33971.05,36415.53,0,0,0,0,0,2,LOW
TXN003039,2024-09-01,21,TRANSFER,2684.96,US,21358.17,18673.21,0,0,0,0,0,2,LOW
TXN003040,2024-02-08,16,PAYMENT,4390.4,CN,224694.62,220304.22,0,0,0,0,0,5,LOW
TXN003041,2024-03-21,20,PAYMENT,94.04,UK,355933.37,355839.33,0,0,0,0,0,5,LOW
TXN003042,2024-03-19,17,CASH_OUT,28603.56,UK,357646.67,329043.11,0,0,0,0,0,18,LOW
TXN003043,2024-10-02,21,CASH_IN,3013.0,US,122547.47,125560.47,0,0,0,0,0,3,LOW
TXN003044,2024-05-22,12,CASH_OUT,3181.88,US,413636.64,410454.76,0,0,0,0,0,4,LOW
TXN003045,2024-06-25,21,CASH_OUT,2953.0,IR,156114.92,153161.92,0,0,0,1,0,30,LOW
TXN003046,2024-10-15,7,CASH_OUT,383.47,US,253553.61,253170.14,0,0,0,0,0,5,LOW
TXN003047,2024-12-25,15,CASH_IN,247.81,DE,244314.96,244562.77,0,0,0,0,0,1,LOW
TXN003048,2024-03-04,12,PAYMENT,2040.84,US,18832.96,16792.12,0,0,0,0,0,5,LOW
TXN003049,2024-03-11,10,CASH_IN,4443.19,MX,274294.1,278737.29,0,0,0,0,0,4,LOW
TXN003050,2024-03-04,21,PAYMENT,2878.83,UK,91391.22,88512.39,0,0,0,0,0,1,LOW
TXN003051,2024-11-04,12,CASH_IN,6952.03,NG,426741.55,433693.58,0,0,0,1,0,35,LOW
TXN003052,2024-10-24,20,CASH_IN,7377.89,NG,474842.28,482220.17,0,0,0,1,0,34,LOW
TXN003053,2024-05-15,14,PAYMENT,5061.57,IR,46296.79,41235.22,0,0,0,1,0,32,LOW
TXN003054,2024-09-18,12,PAYMENT,1661.99,US,116223.1,114561.11,0,0,0,0,0,2,LOW
TXN003055,2024-08-30,20,TRANSFER,4126.75,US,170725.9,166599.15,0,0,0,0,0,4,LOW
TXN003056,2024-04-29,7,CASH_OUT,1151.98,US,404975.56,403823.58,0,0,0,0,0,5,LOW
TXN003057,2024-03-18,14,CASH_OUT,342.75,DE,363438.94,363096.19,0,0,0,0,0,0,LOW
TXN003058,2024-02-24,17,CASH_IN,1403.16,US,377215.22,378618.38,0,0,0,0,0,2,LOW
TXN003059,2024-05-24,12,CASH_OUT,2625.5,CN,190392.81,187767.31,0,0,0,0,0,4,LOW
TXN003060,2024-03-16,3,TRANSFER,50689.38,RU,308033.57,257344.19,0,0,0,1,1,90,HIGH
TXN003061,2024-04-07,13,CASH_OUT,939.33,UK,100865.72,99926.39,0,0,0,0,0,2,LOW
TXN003062,2024-07-30,20,PAYMENT,2697.97,IR,460913.78,458215.81,0,0,0,1,0,35,LOW
TXN003063,2024-11-27,11,CASH_OUT,1945.42,UK,318062.15,316116.73,0,0,0,0,0,4,LOW
TXN003064,2024-06-08,20,DEBIT,5248.88,US,76867.07,71618.19,0,0,0,0,0,1,LOW
TXN003065,2024-10-29,13,PAYMENT,709.3,US,205830.35,205121.05,0,0,0,0,0,4,LOW
TXN003066,2024-04-19,17,DEBIT,8765.81,CN,101848.31,93082.5,0,0,0,0,0,5,LOW
TXN003067,2024-11-19,13,CASH_OUT,1223.99,DE,412022.48,410798.49,0,0,0,0,0,2,LOW
TXN003068,2024-12-05,14,DEBIT,472.5,CN,44247.21,43774.71,0,0,0,0,0,2,LOW
TXN003069,2024-05-10,11,CASH_IN,302.94,US,373600.9,373903.84,0,0,0,0,0,3,LOW
TXN003070,2024-03-23,8,CASH_OUT,513.68,US,83772.83,83259.15,0,0,0,0,0,1,LOW
TXN003071,2024-07-22,18,PAYMENT,1493.17,DE,271420.1,269926.93,0,0,0,0,0,0,LOW
TXN003072,2024-04-06,7,TRANSFER,7606.46,US,70919.5,63313.04,0,0,0,0,0,1,LOW
TXN003073,2024-01-24,12,CASH_IN,9535.2,US,492453.95,501989.15,0,0,0,0,0,2,LOW
TXN003074,2024-05-09,14,DEBIT,3467.93,IR,439100.99,435633.06,0,0,0,1,0,30,LOW
TXN003075,2024-02-21,3,CASH_OUT,9274.31,IR,100234.14,90959.83,1,0,0,1,1,93,HIGH
TXN003076,2024-06-20,19,CASH_IN,297.92,RU,305900.86,306198.78,0,0,0,1,0,32,LOW
TXN003077,2024-08-07,11,CASH_OUT,52.89,IR,108420.89,108368.0,0,0,0,1,0,33,LOW
TXN003078,2024-09-26,18,TRANSFER,1109.73,IR,318260.47,317150.74,0,0,0,1,0,31,LOW
TXN003079,2024-05-04,15,TRANSFER,5084.49,UK,329774.44,324689.95,0,0,0,0,0,5,LOW
TXN003080,2024-03-23,19,CASH_IN,1066.35,US,104912.67,105979.02,0,0,0,0,0,0,LOW
TXN003081,2024-12-01,17,PAYMENT,1738.39,IR,236752.35,235013.96,0,0,0,1,0,35,LOW
TXN003082,2024-07-04,11,CASH_OUT,2107.25,US,162671.2,160563.95,0,0,0,0,0,4,LOW
TXN003083,2024-02-17,11,PAYMENT,1899.13,US,199525.43,197626.3,0,0,0,0,0,5,LOW
TXN003084,2024-10-10,10,TRANSFER,6071.56,IR,144752.56,138681.0,0,0,0,1,0,32,LOW
TXN003085,2024-09-23,13,PAYMENT,6101.38,UK,470844.34,464742.96,0,0,0,0,0,1,LOW
TXN003086,2024-01-13,14,PAYMENT,2767.34,MX,347482.03,344714.69,0,0,0,0,0,1,LOW
TXN003087,2024-11-03,17,CASH_IN,2324.13,UK,145629.22,147953.35,0,0,0,0,0,1,LOW
TXN003088,2024-08-29,20,TRANSFER,1589.92,UK,41821.86,40231.94,0,0,0,0,0,4,LOW
TXN003089,2024-07-22,16,PAYMENT,17276.06,US,239402.81,222126.75,0,0,0,0,0,0,LOW
TXN003090,2024-11-22,11,DEBIT,10.59,US,157934.16,157923.57,0,0,0,0,0,0,LOW
TXN003091,2024-03-17,17,TRANSFER,4024.25,US,226541.91,222517.66,0,0,0,0,0,2,LOW
TXN003092,2024-06-23,8,PAYMENT,2970.18,CN,92763.85,89793.67,0,0,0,0,0,3,LOW
TXN003093,2024-10-29,18,TRANSFER,1530.82,MX,273606.88,272076.06,0,0,0,0,0,4,LOW
TXN003094,2024-01-22,20,CASH_OUT,603.09,NG,442039.49,441436.4,0,0,0,1,0,30,LOW
TXN003095,2024-12-13,21,DEBIT,3128.42,CN,279916.13,276787.71,0,0,0,0,0,5,LOW
TXN003096,2024-11-05,23,TRANSFER,54135.76,IR,67688.77,13553.01,0,1,0,1,1,100,HIGH
TXN003097,2024-05-17,18,DEBIT,2374.15,RU,360900.67,358526.52,0,0,0,1,0,35,LOW
TXN003098,2024-11-13,16,CASH_OUT,16764.41,UK,214664.32,197899.91,0,0,0,0,0,15,LOW
TXN003099,2024-11-22,2,CASH_OUT,54350.27,NG,204029.99,149679.72,0,0,0,1,1,91,HIGH
TXN003100,2024-07-28,23,CASH_OUT,7082.53,US,108408.35,101325.82,0,0,0,0,1,21,LOW
TXN003101,2024-07-06,7,CASH_IN,5594.78,NG,277054.86,282649.64,0,0,0,1,0,30,LOW
TXN003102,2024-12-18,8,CASH_IN,280.33,US,95291.97,95572.3,0,0,0,0,0,0,LOW
TXN003103,2024-02-15,13,DEBIT,64.97,RU,32133.82,32068.85,0,0,0,1,0,31,LOW
TXN003104,2024-12-07,20,PAYMENT,9037.87,US,108972.35,99934.48,0,0,0,0,0,0,LOW
TXN003105,2024-09-10,19,DEBIT,595.11,NG,127930.51,127335.4,0,0,0,1,0,35,LOW
TXN003106,2024-12-05,18,TRANSFER,5528.81,UK,265809.34,260280.53,0,0,0,0,0,4,LOW
TXN003107,2024-05-13,4,CASH_OUT,15816.22,US,151427.16,135610.94,0,1,0,0,1,64,MEDIUM
TXN003108,2024-08-30,18,TRANSFER,2639.98,UK,352643.42,350003.44,0,0,0,0,0,3,LOW
TXN003109,2024-03-31,2,CASH_OUT,29488.53,UK,310435.2,280946.67,0,1,0,0,1,64,MEDIUM
TXN003110,2024-10-13,12,CASH_IN,2768.55,US,212630.15,215398.7,0,0,0,0,0,1,LOW
TXN003111,2024-04-08,14,PAYMENT,831.37,US,147666.49,146835.12,0,0,0,0,0,0,LOW
TXN003112,2024-03-16,18,CASH_OUT,34.86,US,391426.72,391391.86,0,0,0,0,0,5,LOW
TXN003113,2024-10-30,3,CASH_OUT,21504.39,RU,227221.18,205716.79,0,0,0,1,1,66,MEDIUM
TXN003114,2024-01-14,9,TRANSFER,1624.19,US,386658.72,385034.53,0,0,0,0,0,4,LOW
TXN003115,2024-12-16,18,PAYMENT,4116.18,UK,273744.12,269627.94,0,0,0,0,0,3,LOW
TXN003116,2024-05-05,18,DEBIT,1554.99,US,77153.55,75598.56,0,0,0,0,0,4,LOW
TXN003117,2024-08-01,18,PAYMENT,2990.5,UK,302529.07,299538.57,0,0,0,0,0,0,LOW
TXN003118,2024-11-10,10,CASH_IN,40.91,DE,321704.75,321745.66,0,0,0,0,0,3,LOW
TXN003119,2024-12-28,11,PAYMENT,270.7,CN,224198.9,223928.2,0,0,0,0,0,4,LOW
TXN003120,2024-07-04,3,TRANSFER,32232.85,MX,48391.66,16158.81,0,0,0,0,1,38,LOW
TXN003121,2024-05-02,13,CASH_IN,7057.11,DE,221227.42,228284.53,0,0,0,0,0,5,LOW
TXN003122,2024-06-02,13,CASH_OUT,2948.24,DE,258840.84,255892.6,0,0,0,0,0,1,LOW
TXN003123,2024-02-21,17,PAYMENT,5647.38,US,214779.07,209131.69,0,0,0,0,0,2,LOW
TXN003124,2024-09-10,11,CASH_OUT,90.92,UK,191098.55,191007.63,0,0,0,0,0,3,LOW
TXN003125,2024-03-24,12,PAYMENT,9382.73,RU,480864.07,471481.34,0,0,0,1,0,30,LOW
TXN003126,2024-09-08,18,CASH_IN,2732.34,US,473484.06,476216.4,0,0,0,0,0,3,LOW
TXN003127,2024-07-14,17,DEBIT,2554.9,RU,275787.87,273232.97,0,0,0,1,0,33,LOW
TXN003128,2024-03-16,15,PAYMENT,1402.49,CN,59516.33,58113.84,0,0,0,0,0,5,LOW
TXN003129,2024-08-06,9,PAYMENT,2723.68,MX,130787.86,128064.18,0,0,0,0,0,1,LOW
TXN003130,2024-11-13,19,PAYMENT,6390.01,CN,300015.58,293625.57,0,0,0,0,0,5,LOW
TXN003131,2024-08-08,12,CASH_IN,8575.86,US,348351.54,356927.4,0,0,0,0,0,2,LOW
TXN003132,2024-06-13,12,CASH_IN,358.58,US,63158.98,63517.56,0,0,0,0,0,5,LOW
TXN003133,2024-06-02,8,TRANSFER,6744.11,MX,257021.64,250277.53,0,0,0,0,0,2,LOW
TXN003134,2024-09-05,16,TRANSFER,5902.59,MX,27264.24,21361.65,0,0,0,0,0,3,LOW
TXN003135,2024-04-19,13,DEBIT,48.07,IR,447706.01,447657.94,0,0,0,1,0,33,LOW
TXN003136,2024-12-23,20,CASH_IN,3329.07,RU,273126.76,276455.83,0,0,0,1,0,33,LOW
TXN003137,2024-04-13,8,PAYMENT,4425.48,US,219610.32,215184.84,0,0,0,0,0,3,LOW
TXN003138,2024-10-12,18,CASH_OUT,75.25,CN,207650.78,207575.53,0,0,0,0,0,0,LOW
TXN003139,2024-04-25,20,TRANSFER,85.04,US,379812.18,379727.14,0,0,0,0,0,2,LOW
TXN003140,2024-02-25,7,CASH_OUT,4312.86,RU,285726.4,281413.54,0,0,0,1,0,35,LOW
TXN003141,2024-02-22,17,DEBIT,5088.78,MX,362293.12,357204.34,0,0,0,0,0,0,LOW
TXN003142,2024-01-23,20,CASH_OUT,2315.7,DE,102559.18,100243.48,0,0,0,0,0,3,LOW
TXN003143,2024-08-26,20,CASH_IN,3849.03,US,337996.09,341845.12,0,0,0,0,0,1,LOW
TXN003144,2024-11-27,10,PAYMENT,344.25,RU,31702.2,31357.95,0,0,0,1,0,33,LOW
TXN003145,2024-12-02,16,TRANSFER,855.35,MX,201429.59,200574.24,0,0,0,0,0,2,LOW
TXN003146,2024-09-19,4,TRANSFER,17695.78,DE,108171.53,90475.75,0,0,0,0,1,37,LOW
TXN003147,2024-05-31,15,DEBIT,3369.11,US,68949.6,65580.49,0,0,0,0,0,3,LOW
TXN003148,2024-04-30,9,DEBIT,1995.75,MX,420876.23,418880.48,0,0,0,0,0,4,LOW
TXN003149,2024-09-28,16,CASH_OUT,2699.18,NG,67063.79,64364.61,0,0,0,1,0,32,LOW
TXN003150,2024-11-01,3,CASH_OUT,102509.04,NG,378716.06,276207.02,0,1,0,1,1,100,HIGH
TXN003151,2024-05-29,17,PAYMENT,1960.94,US,335938.25,333977.31,0,0,0,0,0,3,LOW
TXN003152,2024-07-17,7,CASH_IN,5143.46,UK,337777.41,342920.87,0,0,0,0,0,0,LOW
TXN003153,2024-05-09,16,PAYMENT,2973.55,US,159610.66,156637.11,0,0,0,0,0,5,LOW
TXN003154,2024-03-13,14,CASH_IN,5092.44,DE,90365.91,95458.35,0,0,0,0,0,4,LOW
TXN003155,2024-09-06,9,TRANSFER,713.66,UK,209907.24,209193.58,0,0,0,0,0,3,LOW
TXN003156,2024-10-21,15,PAYMENT,16906.09,UK,496227.44,479321.35,0,0,0,0,0,0,LOW
TXN003157,2024-04-22,18,CASH_OUT,1755.03,US,288163.28,286408.25,0,0,0,0,0,4,LOW
TXN003158,2024-10-03,8,PAYMENT,2659.78,UK,306496.78,303837.0,0,0,0,0,0,2,LOW
TXN003159,2024-06-20,17,DEBIT,1414.37,RU,178071.91,176657.54,0,0,0,1,0,31,LOW
TXN003160,2024-09-28,11,TRANSFER,5197.12,UK,319509.37,314312.25,0,0,0,0,0,0,LOW
TXN003161,2024-04-29,23,CASH_OUT,8690.92,IR,135782.54,127091.62,0,0,0,1,1,52,MEDIUM
TXN003162,2024-10-19,18,PAYMENT,10522.56,NG,174329.89,163807.33,0,0,0,1,0,34,LOW
TXN003163,2024-11-03,11,DEBIT,125.27,US,82520.35,82395.08,0,0,0,0,0,0,LOW
TXN003164,2024-02-09,8,PAYMENT,2514.65,US,181414.54,178899.89,0,0,0,0,0,2,LOW
TXN003165,2024-04-09,12,TRANSFER,140.66,US,20810.27,20669.61,0,0,0,0,0,1,LOW
TXN003166,2024-01-12,18,DEBIT,3669.47,RU,495012.32,491342.85,0,0,0,1,0,33,LOW
TXN003167,2024-02-05,16,CASH_IN,1503.49,US,117461.64,118965.13,0,0,0,0,0,5,LOW
TXN003168,2024-10-25,8,PAYMENT,6120.01,DE,396597.3,390477.29,0,0,0,0,0,4,LOW
TXN003169,2024-10-07,19,CASH_OUT,3983.87,CN,324178.63,320194.76,0,0,0,0,0,5,LOW
TXN003170,2024-11-27,17,PAYMENT,4744.51,CN,363730.79,358986.28,0,0,0,0,0,5,LOW
TXN003171,2024-11-16,3,CASH_OUT,32976.97,NG,51741.4,18764.43,0,1,0,1,1,95,HIGH
TXN003172,2024-11-25,11,CASH_IN,562.0,RU,471618.21,472180.21,0,0,0,1,0,32,LOW
TXN003173,2024-08-28,18,TRANSFER,63.68,RU,55126.59,55062.91,0,0,0,1,0,35,LOW
TXN003174,2024-11-08,21,CASH_OUT,292.27,US,227549.94,227257.67,0,0,0,0,0,3,LOW
TXN003175,2024-12-06,11,TRANSFER,1587.07,US,131273.45,129686.38,0,0,0,0,0,0,LOW
TXN003176,2024-12-22,16,DEBIT,7873.39,UK,288102.8,280229.41,0,0,0,0,0,3,LOW
TXN003177,2024-06-12,12,TRANSFER,1738.87,MX,1414.13,0.0,0,0,0,0,0,2,LOW
TXN003178,2024-06-08,7,DEBIT,7182.64,RU,363483.39,356300.75,0,0,0,1,0,31,LOW
TXN003179,2024-09-20,7,CASH_IN,10027.74,NG,159729.75,169757.49,0,0,0,1,0,30,LOW
TXN003180,2024-08-10,21,PAYMENT,4459.55,UK,400729.92,396270.37,0,0,0,0,0,0,LOW
TXN003181,2024-12-16,20,PAYMENT,2332.12,IR,461659.3,459327.18,0,0,0,1,0,34,LOW
TXN003182,2024-06-29,16,CASH_OUT,866.57,US,318091.88,317225.31,0,0,0,0,0,5,LOW
TXN003183,2024-07-07,17,PAYMENT,3490.67,US,272278.48,268787.81,0,0,0,0,0,5,LOW
TXN003184,2024-12-08,11,TRANSFER,7238.38,UK,447057.66,439819.28,0,0,0,0,0,4,LOW
TXN003185,2024-11-14,19,PAYMENT,3275.61,NG,285480.62,282205.01,0,0,0,1,0,34,LOW
TXN003186,2024-11-19,14,CASH_OUT,2862.65,RU,440732.48,437869.83,0,0,0,1,0,31,LOW
TXN003187,2024-07-10,14,TRANSFER,2751.96,MX,3164.36,412.4,0,0,0,0,0,4,LOW
TXN003188,2024-03-12,17,PAYMENT,236.0,MX,469920.75,469684.75,0,0,0,0,0,4,LOW
TXN003189,2024-04-04,11,DEBIT,1028.99,UK,16904.78,15875.79,0,0,0,0,0,2,LOW
TXN003190,2024-11-29,21,CASH_IN,1495.75,MX,8928.99,10424.74,0,0,0,0,0,1,LOW
TXN003191,2024-04-02,13,TRANSFER,180.36,RU,339136.3,338955.94,0,0,0,1,0,32,LOW
TXN003192,2024-08-02,3,TRANSFER,92252.36,UK,78766.81,0.0,0,1,0,0,1,90,HIGH
TXN003193,2024-11-10,18,PAYMENT,1568.66,DE,311757.82,310189.16,0,0,0,0,0,1,LOW
TXN003194,2024-11-06,16,CASH_OUT,5162.83,US,6591.73,1428.9,0,0,0,0,0,3,LOW
TXN003195,2024-07-21,19,TRANSFER,4668.42,UK,13929.85,9261.43,0,0,0,0,0,5,LOW
TXN003196,2024-01-23,13,DEBIT,8938.7,UK,87849.35,78910.65,0,0,0,0,0,1,LOW
TXN003197,2024-07-08,10,DEBIT,714.41,US,129118.46,128404.05,0,0,0,0,0,3,LOW
TXN003198,2024-12-10,4,TRANSFER,30653.7,NG,476709.83,446056.13,0,1,0,1,1,90,HIGH
TXN003199,2024-08-13,7,PAYMENT,8210.81,NG,482659.63,474448.82,0,0,0,1,0,33,LOW
TXN003200,2024-05-28,11,DEBIT,294.18,US,423717.95,423423.77,0,0,0,0,0,4,LOW
TXN003201,2024-05-03,17,TRANSFER,988.07,US,133336.85,132348.78,0,0,0,0,0,5,LOW
TXN003202,2024-02-29,7,DEBIT,946.15,DE,83136.14,82189.99,0,0,0,0,0,1,LOW
TXN003203,2024-02-21,23,CASH_OUT,1080.1,NG,294063.16,292983.06,0,0,0,1,1,50,MEDIUM
TXN003204,2024-03-24,11,DEBIT,1296.33,US,282022.7,280726.37,0,0,0,0,0,4,LOW
TXN003205,2024-09-08,18,CASH_IN,622.49,UK,100169.15,100791.64,0,0,0,0,0,1,LOW
TXN003206,2024-05-05,7,TRANSFER,5140.01,MX,204163.81,199023.8,0,0,0,0,0,0,LOW
TXN003207,2024-08-21,15,CASH_IN,59.9,IR,183482.52,183542.42,0,0,0,1,0,32,LOW
TXN003208,2024-12-25,19,PAYMENT,269.25,US,54137.0,53867.75,0,0,0,0,0,0,LOW
TXN003209,2024-01-24,11,CASH_IN,3291.72,US,487150.04,490441.76,0,0,0,0,0,4,LOW
TXN003210,2024-08-03,12,CASH_IN,399.72,UK,276006.47,276406.19,0,0,0,0,0,0,LOW
TXN003211,2024-05-10,12,TRANSFER,646.25,IR,486120.6,485474.35,0,0,0,1,0,34,LOW
TXN003212,2024-07-04,20,PAYMENT,4089.1,NG,226396.39,222307.29,0,0,0,1,0,31,LOW
TXN003213,2024-01-21,20,PAYMENT,2269.34,US,96996.11,94726.77,0,0,0,0,0,2,LOW
TXN003214,2024-02-26,13,CASH_IN,4388.47,CN,388108.7,392497.17,0,0,0,0,0,1,LOW
TXN003215,2024-02-19,21,TRANSFER,569.51,US,398482.39,397912.88,0,0,0,0,0,5,LOW
TXN003216,2024-08-01,21,CASH_OUT,1427.25,MX,355509.87,354082.62,0,0,0,0,0,1,LOW
TXN003217,2024-03-28,10,PAYMENT,6840.18,MX,392885.25,386045.07,0,0,0,0,0,2,LOW
TXN003218,2024-05-31,4,CASH_OUT,34780.37,RU,168624.17,133843.8,0,1,0,1,1,92,HIGH
TXN003219,2024-09-02,3,CASH_OUT,537.41,IR,105169.34,104631.93,0,0,0,1,1,52,MEDIUM
TXN003220,2024-09-18,20,CASH_OUT,1770.33,RU,140727.51,138957.18,0,0,0,1,0,31,LOW
TXN003221,2024-08-08,15,PAYMENT,7416.19,RU,214756.44,207340.25,0,0,0,1,0,32,LOW
TXN003222,2024-12-21,11,TRANSFER,1229.3,US,117769.29,116539.99,0,0,0,0,0,2,LOW
TXN003223,2024-06-15,3,CASH_OUT,99451.31,IR,360243.63,260792.32,0,1,0,1,1,100,HIGH
TXN003224,2024-03-04,18,CASH_OUT,4498.39,IR,45686.5,41188.11,0,0,0,1,0,35,LOW
TXN003225,2024-10-08,17,CASH_IN,3400.45,NG,210108.49,213508.94,0,0,0,1,0,30,LOW
TXN003226,2024-11-05,18,DEBIT,7762.02,US,351913.91,344151.89,0,0,0,0,0,3,LOW
TXN003227,2024-05-28,18,TRANSFER,621.89,US,136872.69,136250.8,0,0,0,0,0,4,LOW
TXN003228,2024-09-04,10,CASH_OUT,143.28,UK,186013.97,185870.69,0,0,0,0,0,2,LOW
TXN003229,2024-07-14,18,CASH_OUT,208.54,US,260406.85,260198.31,0,0,0,0,0,5,LOW
TXN003230,2024-07-09,7,CASH_IN,239.18,US,181791.86,182031.04,0,0,0,0,0,1,LOW
TXN003231,2024-03-29,8,TRANSFER,961.91,MX,87833.89,86871.98,0,0,0,0,0,3,LOW
TXN003232,2024-10-18,4,TRANSFER,12479.87,RU,484285.14,471805.27,0,1,0,1,1,93,HIGH
TXN003233,2024-03-26,20,TRANSFER,446.46,RU,74733.26,74286.8,0,0,0,1,0,32,LOW
TXN003234,2024-01-18,12,TRANSFER,13245.77,CN,234824.26,221578.49,0,0,0,0,0,15,LOW
TXN003235,2024-02-20,14,CASH_IN,3505.63,MX,268513.13,272018.76,0,0,0,0,0,0,LOW
TXN003236,2024-03-07,10,PAYMENT,2601.94,RU,170445.45,167843.51,0,0,0,1,0,31,LOW
TXN003237,2024-09-14,11,CASH_OUT,2755.19,CN,443880.7,441125.51,0,0,0,0,0,0,LOW
TXN003238,2024-02-09,14,CASH_IN,7304.27,MX,153105.36,160409.63,0,0,0,0,0,5,LOW
TXN003239,2024-08-05,13,PAYMENT,848.15,US,342912.83,342064.68,0,0,0,0,0,3,LOW
TXN003240,2024-12-16,11,TRANSFER,625.81,DE,41108.84,40483.03,0,0,0,0,0,4,LOW
TXN003241,2024-09-23,7,DEBIT,12.82,US,160582.44,160569.62,0,0,0,0,0,4,LOW
TXN003242,2024-08-05,11,CASH_OUT,6499.94,MX,296110.85,289610.91,0,0,0,0,0,1,LOW
TXN003243,2024-06-13,17,TRANSFER,6594.53,NG,455942.33,449347.8,0,0,0,1,0,34,LOW
TXN003244,2024-02-16,11,PAYMENT,6185.04,IR,451164.04,444979.0,0,0,0,1,0,32,LOW
TXN003245,2024-05-23,14,PAYMENT,3417.21,US,184599.38,181182.17,0,0,0,0,0,5,LOW
TXN003246,2024-02-29,13,CASH_IN,74.05,MX,230376.09,230450.14,0,0,0,0,0,4,LOW
TXN003247,2024-11-13,12,TRANSFER,13443.11,UK,241328.31,227885.2,0,0,0,0,0,16,LOW
TXN003248,2024-04-11,19,TRANSFER,5366.7,MX,79007.15,73640.45,0,0,0,0,0,3,LOW
TXN003249,2024-05-01,23,TRANSFER,30458.78,UK,364397.94,333939.16,0,1,0,0,1,64,MEDIUM
TXN003250,2024-02-18,9,CASH_OUT,3557.74,DE,328367.83,324810.09,0,0,0,0,0,0,LOW
TXN003251,2024-07-28,18,CASH_OUT,4144.01,UK,147746.07,143602.06,0,0,0,0,0,0,LOW
TXN003252,2024-07-22,15,PAYMENT,628.06,MX,317741.36,317113.3,0,0,0,0,0,0,LOW
TXN003253,2024-09-07,16,PAYMENT,1260.72,US,132461.02,131200.3,0,0,0,0,0,5,LOW
TXN003254,2024-09-17,7,TRANSFER,5829.83,US,240893.49,235063.66,0,0,0,0,0,3,LOW
TXN003255,2024-11-12,3,TRANSFER,28663.9,CN,289516.83,260852.93,0,0,0,0,1,38,LOW
TXN003256,2024-05-21,20,CASH_IN,1047.78,RU,255608.09,256655.87,0,0,0,1,0,33,LOW
TXN003257,2024-02-08,8,CASH_IN,5178.19,US,472530.96,477709.15,0,0,0,0,0,5,LOW
TXN003258,2024-11-13,18,CASH_IN,4916.22,NG,387325.6,392241.82,0,0,0,1,0,33,LOW
TXN003259,2024-01-22,8,CASH_OUT,598.89,US,193787.29,193188.4,0,0,0,0,0,0,LOW
TXN003260,2024-04-29,18,DEBIT,45.17,US,269826.99,269781.82,0,0,0,0,0,4,LOW
TXN003261,2024-05-16,16,TRANSFER,5921.7,RU,302841.7,296920.0,0,0,0,1,0,34,LOW
TXN003262,2024-04-27,16,CASH_IN,2386.83,CN,476140.76,478527.59,0,0,0,0,0,2,LOW
TXN003263,2024-07-04,21,DEBIT,3056.5,US,315513.26,312456.76,0,0,0,0,0,5,LOW
TXN003264,2024-05-01,9,DEBIT,3029.01,US,130481.34,127452.33,0,0,0,0,0,3,LOW
TXN003265,2024-11-28,19,TRANSFER,2898.39,RU,188977.95,186079.56,0,0,0,1,0,32,LOW
TXN003266,2024-09-13,7,CASH_IN,1331.21,UK,174585.03,175916.24,0,0,0,0,0,4,LOW
TXN003267,2024-05-17,20,DEBIT,1923.9,CN,427120.35,425196.45,0,0,0,0,0,1,LOW
TXN003268,2024-12-17,19,TRANSFER,702.82,UK,150745.22,150042.4,0,0,0,0,0,0,LOW
TXN003269,2024-10-29,7,TRANSFER,1996.26,DE,340084.25,338087.99,0,0,0,0,0,5,LOW
TXN003270,2024-06-06,10,TRANSFER,160.72,US,412431.23,412270.51,0,0,0,0,0,4,LOW
TXN003271,2024-04-07,9,CASH_OUT,4376.37,US,206788.65,202412.28,0,0,0,0,0,0,LOW
TXN003272,2024-03-11,10,DEBIT,3312.3,UK,254812.19,251499.89,0,0,0,0,0,0,LOW
TXN003273,2024-04-12,13,CASH_OUT,4623.88,CN,2271.71,0.0,0,0,0,0,0,0,LOW
TXN003274,2024-06-10,9,DEBIT,915.16,DE,136133.79,135218.63,0,0,0,0,0,3,LOW
TXN003275,2024-12-11,19,DEBIT,3355.83,MX,374570.55,371214.72,0,0,0,0,0,5,LOW
TXN003276,2024-03-30,21,DEBIT,10392.09,NG,189064.73,178672.64,0,0,0,1,0,32,LOW
TXN003277,2024-07-09,13,CASH_OUT,5218.98,UK,248669.08,243450.1,0,0,0,0,0,5,LOW
TXN003278,2024-04-24,12,DEBIT,796.5,US,336938.03,336141.53,0,0,0,0,0,4,LOW
TXN003279,2024-03-05,13,DEBIT,14682.47,IR,384371.61,369689.14,0,0,0,1,0,31,LOW
TXN003280,2024-03-17,15,TRANSFER,3387.77,US,120560.32,117172.55,0,0,0,0,0,4,LOW
TXN003281,2024-08-03,3,TRANSFER,5401.33,IR,260453.1,255051.77,0,1,0,1,1,80,HIGH
TXN003282,2024-06-17,9,CASH_OUT,8962.81,US,155471.85,146509.04,0,0,0,0,0,5,LOW
TXN003283,2024-11-10,21,CASH_OUT,1041.97,DE,186318.83,185276.86,0,0,0,0,0,0,LOW
TXN003284,2024-09-17,12,TRANSFER,3758.45,UK,268743.72,264985.27,0,0,0,0,0,0,LOW
TXN003285,2024-12-27,9,DEBIT,8116.61,US,65355.11,57238.5,0,0,0,0,0,5,LOW
TXN003286,2024-12-08,19,CASH_OUT,59.83,IR,90889.18,90829.35,0,0,0,1,0,30,LOW
TXN003287,2024-11-14,1,TRANSFER,31292.51,IR,488701.54,457409.03,0,1,0,1,1,94,HIGH
TXN003288,2024-11-09,19,DEBIT,389.8,UK,230199.46,229809.66,0,0,0,0,0,4,LOW
TXN003289,2024-09-03,17,TRANSFER,7010.53,UK,146276.12,139265.59,0,0,0,0,0,1,LOW
TXN003290,2024-07-28,21,CASH_OUT,2080.75,US,62774.57,60693.82,0,0,0,0,0,3,LOW
TXN003291,2024-09-14,12,PAYMENT,5150.53,US,410833.37,405682.84,0,0,0,0,0,0,LOW
TXN003292,2024-08-18,16,PAYMENT,2780.38,UK,142615.93,139835.55,0,0,0,0,0,4,LOW
TXN003293,2024-08-08,12,CASH_IN,2768.8,US,106111.81,108880.61,0,0,0,0,0,3,LOW
TXN003294,2024-01-03,8,DEBIT,3462.96,UK,416744.49,413281.53,0,0,0,0,0,0,LOW
TXN003295,2024-12-05,17,CASH_OUT,1121.76,MX,480209.48,479087.72,0,0,0,0,0,0,LOW
TXN003296,2024-08-31,20,CASH_IN,1065.31,CN,449531.49,450596.8,0,0,0,0,0,3,LOW
TXN003297,2024-10-29,9,DEBIT,2552.25,RU,32072.41,29520.16,0,0,0,1,0,30,LOW
TXN003298,2024-08-23,10,DEBIT,592.67,US,20253.36,19660.69,0,0,0,0,0,2,LOW
TXN003299,2024-11-23,2,CASH_OUT,6572.28,US,316916.22,310343.94,0,0,0,0,1,21,LOW
TXN003300,2024-01-15,1,TRANSFER,16092.54,IR,373209.43,357116.89,0,0,0,1,1,65,MEDIUM
TXN003301,2024-11-01,21,CASH_IN,1265.93,UK,144586.28,145852.21,0,0,0,0,0,1,LOW
TXN003302,2024-02-16,13,CASH_OUT,1612.33,UK,222401.98,220789.65,0,0,0,0,0,3,LOW
TXN003303,2024-03-12,15,PAYMENT,799.67,UK,44761.47,43961.8,0,0,0,0,0,1,LOW
TXN003304,2024-08-19,12,TRANSFER,5943.44,UK,313070.32,307126.88,0,0,0,0,0,4,LOW
TXN003305,2024-07-01,19,PAYMENT,3336.24,NG,351645.16,348308.92,0,0,0,1,0,34,LOW
TXN003306,2024-09-02,13,TRANSFER,1719.55,UK,262895.26,261175.71,0,0,0,0,0,3,LOW
TXN003307,2024-12-14,18,CASH_IN,1354.95,RU,188876.07,190231.02,0,0,0,1,0,31,LOW
TXN003308,2024-07-15,13,DEBIT,4944.79,US,53127.27,48182.48,0,0,0,0,0,2,LOW
TXN003309,2024-06-24,15,CASH_IN,2536.93,UK,404759.85,407296.78,0,0,0,0,0,4,LOW
TXN003310,2024-03-18,14,DEBIT,5263.49,MX,216973.67,211710.18,0,0,0,0,0,4,LOW
TXN003311,2024-04-14,14,TRANSFER,186.86,US,341056.17,340869.31,0,0,0,0,0,0,LOW
TXN003312,2024-07-22,23,TRANSFER,9507.84,UK,433771.6,424263.76,1,1,0,0,1,90,HIGH
TXN003313,2024-03-25,10,DEBIT,2898.69,RU,18388.57,15489.88,0,0,0,1,0,35,LOW
TXN003314,2024-06-03,16,CASH_IN,4144.02,IR,468724.36,472868.38,0,0,0,1,0,31,LOW
TXN003315,2024-02-12,21,CASH_OUT,6089.84,US,333464.01,327374.17,0,0,0,0,0,1,LOW
TXN003316,2024-04-05,10,PAYMENT,2559.43,US,413845.54,411286.11,0,0,0,0,0,5,LOW
TXN003317,2024-07-12,13,DEBIT,1101.77,US,8135.75,7033.98,0,0,0,0,0,4,LOW
TXN003318,2024-10-08,19,PAYMENT,6674.73,US,497085.6,490410.87,0,0,0,0,0,0,LOW
TXN003319,2024-01-03,8,CASH_OUT,1867.64,UK,345944.93,344077.29,0,0,0,0,0,3,LOW
TXN003320,2024-09-26,20,CASH_IN,3166.16,NG,92464.74,95630.9,0,0,0,1,0,30,LOW
TXN003321,2024-08-27,13,PAYMENT,6111.11,RU,149325.45,143214.34,0,0,0,1,0,34,LOW
TXN003322,2024-10-26,19,CASH_IN,45.43,US,390992.36,391037.79,0,0,0,0,0,2,LOW
TXN003323,2024-12-04,2,TRANSFER,77239.23,NG,72769.03,0.0,0,0,0,1,1,94,HIGH
TXN003324,2024-05-20,15,TRANSFER,2964.66,MX,357519.85,354555.19,0,0,0,0,0,3,LOW
TXN003325,2024-06-20,13,CASH_IN,2986.19,US,443179.31,446165.5,0,0,0,0,0,3,LOW
TXN003326,2024-08-15,14,PAYMENT,1077.76,MX,143845.51,142767.75,0,0,0,0,0,5,LOW
TXN003327,2024-11-11,12,PAYMENT,8633.58,US,483906.04,475272.46,0,0,0,0,0,3,LOW
TXN003328,2024-02-29,7,CASH_IN,3417.05,UK,438531.5,441948.55,0,0,0,0,0,2,LOW
TXN003329,2024-01-23,19,DEBIT,1775.04,RU,209252.7,207477.66,0,0,0,1,0,33,LOW
TXN003330,2024-12-25,7,TRANSFER,3066.85,NG,85774.65,82707.8,0,0,0,1,0,33,LOW
TXN003331,2024-11-04,8,PAYMENT,1130.0,US,45938.59,44808.59,0,0,0,0,0,3,LOW
TXN003332,2024-04-13,8,CASH_IN,2350.18,RU,275601.96,277952.14,0,0,0,1,0,31,LOW
TXN003333,2024-09-16,12,DEBIT,8293.23,NG,150167.39,141874.16,0,0,0,1,0,31,LOW
TXN003334,2024-05-24,18,CASH_OUT,949.67,UK,351523.48,350573.81,0,0,0,0,0,3,LOW
TXN003335,2024-03-06,11,TRANSFER,707.08,US,100318.91,99611.83,0,0,0,0,0,5,LOW
TXN003336,2024-05-29,10,PAYMENT,2778.94,US,329818.99,327040.05,0,0,0,0,0,0,LOW
TXN003337,2024-06-30,15,CASH_OUT,2972.79,US,348606.31,345633.52,0,0,0,0,0,1,LOW
TXN003338,2024-02-12,16,CASH_OUT,6305.78,NG,371845.27,365539.49,0,0,0,1,0,35,LOW
TXN003339,2024-07-07,13,CASH_OUT,3861.42,US,91026.44,87165.02,0,0,0,0,0,3,LOW
TXN003340,2024-02-09,20,CASH_IN,3684.13,RU,408297.76,411981.89,0,0,0,1,0,33,LOW
TXN003341,2024-02-05,12,TRANSFER,2014.78,DE,246278.61,244263.83,0,0,0,0,0,4,LOW
TXN003342,2024-05-28,16,CASH_OUT,1550.07,US,89393.36,87843.29,0,0,0,0,0,1,LOW
TXN003343,2024-08-16,13,TRANSFER,4698.35,UK,382382.34,377683.99,0,0,0,0,0,4,LOW
TXN003344,2024-12-13,10,PAYMENT,14369.94,US,288460.53,274090.59,0,0,0,0,0,0,LOW
TXN003345,2024-03-23,3,CASH_OUT,31285.99,IR,92843.91,61557.92,0,0,0,1,1,67,MEDIUM
TXN003346,2024-01-11,14,PAYMENT,2226.71,DE,64737.28,62510.57,0,0,0,0,0,5,LOW
TXN003347,2024-12-20,11,CASH_OUT,5769.1,NG,468503.42,462734.32,0,0,0,1,0,34,LOW
TXN003348,2024-07-27,14,CASH_OUT,10002.58,US,350108.68,340106.1,0,0,0,0,0,16,LOW
TXN003349,2024-04-09,14,CASH_OUT,18451.76,UK,315704.16,297252.4,0,0,0,0,0,17,LOW
TXN003350,2024-05-16,17,TRANSFER,2821.54,CN,43987.85,41166.31,0,0,0,0,0,0,LOW
TXN003351,2024-04-23,18,PAYMENT,7237.83,DE,170703.02,163465.19,0,0,0,0,0,5,LOW
TXN003352,2024-11-01,20,CASH_IN,4826.7,US,261982.49,266809.19,0,0,0,0,0,0,LOW
TXN003353,2024-01-24,9,DEBIT,1.44,NG,263244.81,263243.37,0,0,0,1,0,31,LOW
TXN003354,2024-02-21,18,TRANSFER,701.4,IR,452399.21,451697.81,0,0,0,1,0,35,LOW
TXN003355,2024-09-05,21,TRANSFER,7668.38,RU,496663.76,488995.38,0,0,0,1,0,33,LOW
TXN003356,2024-10-27,9,TRANSFER,3378.46,US,169434.12,166055.66,0,0,0,0,0,3,LOW
TXN003357,2024-07-21,17,CASH_IN,2120.19,MX,275202.84,277323.03,0,0,0,0,0,5,LOW
TXN003358,2024-09-07,18,CASH_OUT,8252.68,IR,158588.67,150335.99,0,0,0,1,0,32,LOW
TXN003359,2024-07-18,17,CASH_OUT,3234.69,MX,337507.55,334272.86,0,0,0,0,0,0,LOW
TXN003360,2024-05-04,20,DEBIT,3447.8,MX,126362.13,122914.33,0,0,0,0,0,2,LOW
TXN003361,2024-10-05,11,TRANSFER,493.41,US,103009.89,102516.48,0,0,0,0,0,5,LOW
TXN003362,2024-11-27,10,CASH_OUT,2052.88,US,156118.55,154065.67,0,0,0,0,0,0,LOW
TXN003363,2024-02-14,12,DEBIT,1185.94,US,216397.0,215211.06,0,0,0,0,0,2,LOW
TXN003364,2024-09-08,13,CASH_OUT,384.19,CN,459966.77,459582.58,0,0,0,0,0,5,LOW
TXN003365,2024-11-11,12,PAYMENT,10482.35,US,410809.87,400327.52,0,0,0,0,0,3,LOW
TXN003366,2024-12-01,11,PAYMENT,4818.72,UK,355575.78,350757.06,0,0,0,0,0,5,LOW
TXN003367,2024-12-25,19,PAYMENT,8715.36,NG,255562.22,246846.86,0,0,0,1,0,35,LOW
TXN003368,2024-04-17,1,TRANSFER,85081.68,NG,33049.19,0.0,0,1,0,1,1,100,HIGH
TXN003369,2024-11-12,10,CASH_OUT,2726.34,UK,30270.79,27544.45,0,0,0,0,0,0,LOW
TXN003370,2024-03-12,18,TRANSFER,3612.63,UK,481031.89,477419.26,0,0,0,0,0,2,LOW
TXN003371,2024-06-03,11,PAYMENT,1298.9,US,299917.76,298618.86,0,0,0,0,0,3,LOW
TXN003372,2024-12-11,19,TRANSFER,3586.35,IR,250562.81,246976.46,0,0,0,1,0,33,LOW
TXN003373,2024-03-12,18,TRANSFER,656.81,MX,300340.64,299683.83,0,0,0,0,0,1,LOW
TXN003374,2024-01-20,18,DEBIT,143.13,DE,123895.25,123752.12,0,0,0,0,0,1,LOW
TXN003375,2024-01-03,8,CASH_IN,540.36,NG,204185.99,204726.35,0,0,0,1,0,33,LOW
TXN003376,2024-01-22,12,CASH_OUT,3872.57,CN,85439.18,81566.61,0,0,0,0,0,0,LOW
TXN003377,2024-09-06,14,PAYMENT,3394.99,UK,15229.04,11834.05,0,0,0,0,0,3,LOW
TXN003378,2024-03-19,18,PAYMENT,4687.28,UK,259096.93,254409.65,0,0,0,0,0,3,LOW
TXN003379,2024-04-02,11,CASH_IN,565.73,US,192464.5,193030.23,0,0,0,0,0,2,LOW
TXN003380,2024-11-01,7,CASH_IN,3436.95,MX,84176.98,87613.93,0,0,0,0,0,5,LOW
TXN003381,2024-04-29,19,DEBIT,2137.42,MX,318880.07,316742.65,0,0,0,0,0,1,LOW
TXN003382,2024-09-11,10,CASH_IN,307.62,NG,456423.23,456730.85,0,0,0,1,0,31,LOW
TXN003383,2024-01-22,14,TRANSFER,7645.84,DE,252844.0,245198.16,0,0,0,0,0,4,LOW
TXN003384,2024-12-20,12,CASH_OUT,946.39,UK,179609.24,178662.85,0,0,0,0,0,4,LOW
TXN003385,2024-05-11,3,TRANSFER,79386.62,RU,398282.49,318895.87,0,1,0,1,1,100,HIGH
TXN003386,2024-07-16,17,CASH_OUT,3175.6,MX,382540.61,379365.01,0,0,0,0,0,2,LOW
TXN003387,2024-09-20,8,CASH_OUT,779.13,IR,136170.33,135391.2,0,0,0,1,0,33,LOW
TXN003388,2024-02-23,12,CASH_IN,3270.01,US,293919.7,297189.71,0,0,0,0,0,4,LOW
TXN003389,2024-07-05,18,DEBIT,1118.19,NG,98218.7,97100.51,0,0,0,1,0,33,LOW
TXN003390,2024-06-17,11,CASH_OUT,2182.55,US,357407.62,355225.07,0,0,0,0,0,1,LOW
TXN003391,2024-10-26,20,DEBIT,9395.53,CN,393640.27,384244.74,0,0,0,0,0,0,LOW
TXN003392,2024-01-14,20,CASH_IN,3135.28,US,324463.12,327598.4,0,0,0,0,0,3,LOW
TXN003393,2024-08-17,16,CASH_IN,12877.65,IR,7886.2,20763.85,0,0,0,1,0,32,LOW
TXN003394,2024-01-17,16,PAYMENT,655.59,UK,253689.69,253034.1,0,0,0,0,0,5,LOW
TXN003395,2024-12-23,8,CASH_OUT,1538.42,MX,259150.75,257612.33,0,0,0,0,0,2,LOW
TXN003396,2024-10-25,12,DEBIT,1826.55,US,168757.17,166930.62,0,0,0,0,0,5,LOW
TXN003397,2024-03-01,23,TRANSFER,173537.99,NG,19773.56,0.0,0,1,0,1,1,100,HIGH
TXN003398,2024-03-10,13,CASH_OUT,2851.64,IR,192862.13,190010.49,0,0,0,1,0,32,LOW
TXN003399,2024-06-28,15,DEBIT,3829.75,RU,172190.08,168360.33,0,0,0,1,0,32,LOW
TXN003400,2024-12-06,11,CASH_IN,5124.85,DE,318497.27,323622.12,0,0,0,0,0,1,LOW
TXN003401,2024-12-28,14,TRANSFER,1579.85,NG,148825.84,147245.99,0,0,0,1,0,30,LOW
TXN003402,2024-05-05,12,DEBIT,945.46,US,292926.7,291981.24,0,0,0,0,0,3,LOW
TXN003403,2024-06-10,19,CASH_OUT,1269.64,US,200642.28,199372.64,0,0,0,0,0,0,LOW
TXN003404,2024-09-17,11,DEBIT,1459.96,IR,352735.27,351275.31,0,0,0,1,0,33,LOW
TXN003405,2024-01-31,15,CASH_IN,3581.77,US,341386.77,344968.54,0,0,0,0,0,0,LOW
TXN003406,2024-05-04,14,DEBIT,1020.15,UK,106685.69,105665.54,0,0,0,0,0,4,LOW
TXN003407,2024-09-01,10,CASH_IN,614.82,CN,421151.13,421765.95,0,0,0,0,0,2,LOW
TXN003408,2024-09-19,12,CASH_OUT,8397.61,MX,422433.34,414035.73,0,0,0,0,0,2,LOW
TXN003409,2024-09-05,19,PAYMENT,2451.95,MX,300041.53,297589.58,0,0,0,0,0,1,LOW
TXN003410,2024-10-08,7,CASH_OUT,1335.72,US,359077.65,357741.93,0,0,0,0,0,0,LOW
TXN003411,2024-12-05,18,PAYMENT,312.24,NG,196039.8,195727.56,0,0,0,1,0,34,LOW
TXN003412,2024-06-25,17,TRANSFER,16104.2,US,404109.26,388005.06,0,0,0,0,0,18,LOW
TXN003413,2024-01-11,18,DEBIT,280.36,RU,428380.34,428099.98,0,0,0,1,0,34,LOW
TXN003414,2024-12-05,9,CASH_IN,4091.01,IR,76356.45,80447.46,0,0,0,1,0,33,LOW
TXN003415,2024-04-09,13,TRANSFER,493.73,CN,245283.63,244789.9,0,0,0,0,0,4,LOW
TXN003416,2024-06-23,14,CASH_OUT,6049.22,UK,24239.14,18189.92,0,0,0,0,0,4,LOW
TXN003417,2024-08-01,14,PAYMENT,475.5,US,101680.59,101205.09,0,0,0,0,0,4,LOW
TXN003418,2024-06-24,15,DEBIT,7237.24,CN,213604.25,206367.01,0,0,0,0,0,5,LOW
TXN003419,2024-12-22,18,PAYMENT,141.26,UK,413915.04,413773.78,0,0,0,0,0,3,LOW
TXN003420,2024-06-08,18,DEBIT,9654.33,RU,343554.57,333900.24,0,0,0,1,0,33,LOW
TXN003421,2024-09-18,17,PAYMENT,5157.77,UK,243798.12,238640.35,0,0,0,0,0,5,LOW
TXN003422,2024-06-24,18,DEBIT,11923.02,DE,66256.83,54333.81,0,0,0,0,0,2,LOW
TXN003423,2024-11-14,16,CASH_IN,815.4,DE,320786.46,321601.86,0,0,0,0,0,1,LOW
TXN003424,2024-03-20,21,DEBIT,668.97,IR,136595.84,135926.87,0,0,0,1,0,33,LOW
TXN003425,2024-05-07,16,CASH_OUT,2699.49,US,318844.39,316144.9,0,0,0,0,0,3,LOW
TXN003426,2024-03-17,9,TRANSFER,1704.61,US,453185.26,451480.65,0,0,0,0,0,4,LOW
TXN003427,2024-11-23,12,CASH_OUT,1898.15,UK,114863.74,112965.59,0,0,0,0,0,5,LOW
TXN003428,2024-05-23,16,DEBIT,832.77,IR,82956.6,82123.83,0,0,0,1,0,33,LOW
TXN003429,2024-05-20,9,DEBIT,5826.04,DE,454795.9,448969.86,0,0,0,0,0,4,LOW
TXN003430,2024-02-14,7,PAYMENT,6202.52,NG,309424.5,303221.98,0,0,0,1,0,33,LOW
TXN003431,2024-03-17,15,CASH_IN,3540.71,UK,202651.16,206191.87,0,0,0,0,0,4,LOW
TXN003432,2024-11-28,4,TRANSFER,290300.03,IR,65833.47,0.0,0,0,0,1,1,95,HIGH
TXN003433,2024-04-24,11,TRANSFER,566.27,DE,155150.99,154584.72,0,0,0,0,0,5,LOW
TXN003434,2024-10-10,20,TRANSFER,841.62,DE,430947.2,430105.58,0,0,0,0,0,0,LOW
TXN003435,2024-02-18,7,CASH_OUT,290.75,NG,480444.06,480153.31,0,0,0,1,0,35,LOW
TXN003436,2024-07-13,13,DEBIT,2920.59,MX,457549.34,454628.75,0,0,0,0,0,5,LOW
TXN003437,2024-06-01,21,TRANSFER,5847.11,DE,411743.37,405896.26,0,0,0,0,0,3,LOW
TXN003438,2024-06-06,20,CASH_IN,139.08,DE,305411.91,305550.99,0,0,0,0,0,1,LOW
TXN003439,2024-08-18,19,TRANSFER,5085.25,RU,251080.59,245995.34,0,0,0,1,0,33,LOW
TXN003440,2024-06-19,8,DEBIT,1268.13,NG,275681.93,274413.8,0,0,0,1,0,31,LOW
TXN003441,2024-06-21,15,PAYMENT,1649.61,MX,200705.3,199055.69,0,0,0,0,0,0,LOW
TXN003442,2024-03-13,8,PAYMENT,4012.07,CN,404779.65,400767.58,0,0,0,0,0,1,LOW
TXN003443,2024-04-06,13,CASH_IN,5007.34,US,264207.82,269215.16,0,0,0,0,0,0,LOW
TXN003444,2024-05-04,20,CASH_IN,2430.39,CN,347159.14,349589.53,0,0,0,0,0,0,LOW
TXN003445,2024-02-28,8,TRANSFER,2309.44,US,213599.34,211289.9,0,0,0,0,0,4,LOW
TXN003446,2024-02-18,10,PAYMENT,3175.19,UK,157044.24,153869.05,0,0,0,0,0,1,LOW
TXN003447,2024-06-15,15,TRANSFER,956.23,UK,352868.35,351912.12,0,0,0,0,0,5,LOW
TXN003448,2024-02-21,9,CASH_OUT,584.43,US,184213.65,183629.22,0,0,0,0,0,0,LOW
TXN003449,2024-10-17,16,DEBIT,214.79,DE,384529.27,384314.48,0,0,0,0,0,2,LOW
TXN003450,2024-08-04,13,TRANSFER,2447.56,US,405497.13,403049.57,0,0,0,0,0,4,LOW
TXN003451,2024-11-02,7,DEBIT,742.89,CN,68251.79,67508.9,0,0,0,0,0,1,LOW
TXN003452,2024-08-03,20,CASH_IN,435.02,NG,243292.27,243727.29,0,0,0,1,0,33,LOW
TXN003453,2024-12-17,16,CASH_IN,6340.87,US,441271.58,447612.45,0,0,0,0,0,5,LOW
TXN003454,2024-07-10,9,DEBIT,1177.87,CN,329334.81,328156.94,0,0,0,0,0,2,LOW
TXN003455,2024-08-07,19,DEBIT,91.53,MX,439981.09,439889.56,0,0,0,0,0,4,LOW
TXN003456,2024-02-03,13,PAYMENT,2145.8,IR,405251.26,403105.46,0,0,0,1,0,35,LOW
TXN003457,2024-08-25,18,CASH_IN,1533.93,CN,473043.51,474577.44,0,0,0,0,0,0,LOW
TXN003458,2024-07-29,11,DEBIT,12055.01,RU,373090.61,361035.6,0,0,0,1,0,33,LOW
TXN003459,2024-12-16,21,CASH_OUT,4863.11,DE,409808.53,404945.42,0,0,0,0,0,5,LOW
TXN003460,2024-06-05,11,CASH_IN,123.5,US,42890.4,43013.9,0,0,0,0,0,4,LOW
TXN003461,2024-09-14,9,CASH_IN,1280.83,UK,64535.53,65816.36,0,0,0,0,0,4,LOW
TXN003462,2024-05-06,11,CASH_OUT,5675.22,US,197117.71,191442.49,0,0,0,0,0,1,LOW
TXN003463,2024-11-23,16,CASH_OUT,2258.42,US,52623.23,50364.81,0,0,0,0,0,1,LOW
TXN003464,2024-11-29,16,TRANSFER,1708.51,US,138523.8,136815.29,0,0,0,0,0,5,LOW
TXN003465,2024-11-27,18,TRANSFER,2010.87,UK,295185.46,293174.59,0,0,0,0,0,4,LOW
TXN003466,2024-04-05,9,CASH_IN,10150.51,US,407006.47,417156.98,0,0,0,0,0,0,LOW
TXN003467,2024-05-13,16,CASH_IN,777.59,US,279393.79,280171.38,0,0,0,0,0,4,LOW
TXN003468,2024-09-26,7,CASH_IN,1726.0,US,399655.03,401381.03,0,0,0,0,0,3,LOW
TXN003469,2024-04-03,15,TRANSFER,7399.97,US,176399.11,168999.14,0,0,0,0,0,5,LOW
TXN003470,2024-11-14,7,TRANSFER,2856.56,RU,456580.84,453724.28,0,0,0,1,0,32,LOW
TXN003471,2024-10-11,15,PAYMENT,3568.03,UK,168232.24,164664.21,0,0,0,0,0,4,LOW
TXN003472,2024-06-22,9,TRANSFER,449.33,DE,12346.36,11897.03,0,0,0,0,0,5,LOW
TXN003473,2024-06-24,20,DEBIT,10045.56,US,77342.09,67296.53,0,0,0,0,0,4,LOW
TXN003474,2024-04-25,19,CASH_IN,991.33,US,419883.34,420874.67,0,0,0,0,0,4,LOW
TXN003475,2024-06-10,8,CASH_OUT,3411.88,DE,59659.36,56247.48,0,0,0,0,0,3,LOW
TXN003476,2024-01-04,9,CASH_IN,2658.35,US,466205.53,468863.88,0,0,0,0,0,0,LOW
TXN003477,2024-01-30,17,PAYMENT,7337.08,UK,485573.23,478236.15,0,0,0,0,0,0,LOW
TXN003478,2024-11-02,11,CASH_IN,14075.92,UK,272277.84,286353.76,0,0,0,0,0,1,LOW
TXN003479,2024-09-13,10,DEBIT,4118.62,US,360085.51,355966.89,0,0,0,0,0,0,LOW
TXN003480,2024-03-07,12,TRANSFER,142.69,US,40488.17,40345.48,0,0,0,0,0,5,LOW
TXN003481,2024-02-25,15,DEBIT,112.9,MX,463849.21,463736.31,0,0,0,0,0,3,LOW
TXN003482,2024-03-08,3,CASH_OUT,53507.08,UK,294084.34,240577.26,0,0,0,0,1,63,MEDIUM
TXN003483,2024-12-25,12,CASH_IN,1015.21,UK,226927.26,227942.47,0,0,0,0,0,2,LOW
TXN003484,2024-08-31,2,CASH_OUT,31658.8,US,370694.53,339035.73,0,0,0,0,1,38,LOW
TXN003485,2024-02-10,17,PAYMENT,280.66,US,38438.94,38158.28,0,0,0,0,0,1,LOW
TXN003486,2024-08-22,13,CASH_IN,113.81,UK,396575.38,396689.19,0,0,0,0,0,5,LOW
TXN003487,2024-11-16,7,PAYMENT,5421.66,RU,346292.32,340870.66,0,0,0,1,0,30,LOW
TXN003488,2024-09-23,14,PAYMENT,7327.84,UK,298225.32,290897.48,0,0,0,0,0,2,LOW
TXN003489,2024-11-09,21,PAYMENT,9668.04,US,121414.98,111746.94,0,0,0,0,0,4,LOW
TXN003490,2024-06-12,13,CASH_IN,6214.69,CN,137233.09,143447.78,0,0,0,0,0,1,LOW
TXN003491,2024-01-03,23,TRANSFER,73407.43,NG,144577.32,71169.89,0,0,0,1,1,91,HIGH
TXN003492,2024-05-06,11,PAYMENT,609.74,US,397721.8,397112.06,0,0,0,0,0,2,LOW
TXN003493,2024-01-08,19,CASH_IN,3959.62,MX,33591.1,37550.72,0,0,0,0,0,2,LOW
TXN003494,2024-03-07,3,CASH_OUT,16813.95,US,367550.28,350736.33,0,0,0,0,1,37,LOW
TXN003495,2024-03-24,11,TRANSFER,5746.93,US,270829.8,265082.87,0,0,0,0,0,0,LOW
TXN003496,2024-06-09,19,DEBIT,1100.29,US,61895.34,60795.05,0,0,0,0,0,0,LOW
TXN003497,2024-03-14,15,CASH_IN,7338.13,RU,458850.88,466189.01,0,0,0,1,0,31,LOW
TXN003498,2024-12-03,19,CASH_OUT,2340.73,UK,151534.65,149193.92,0,0,0,0,0,3,LOW
TXN003499,2024-10-23,7,CASH_IN,6479.07,UK,11744.56,18223.63,0,0,0,0,0,0,LOW
TXN003500,2024-02-29,18,PAYMENT,1792.86,DE,47589.74,45796.88,0,0,0,0,0,0,LOW
TXN003501,2024-05-27,9,CASH_OUT,5609.59,RU,270960.47,265350.88,0,0,0,1,0,32,LOW
TXN003502,2024-09-16,19,CASH_IN,813.01,NG,228212.08,229025.09,0,0,0,1,0,33,LOW
TXN003503,2024-08-15,13,CASH_IN,5249.24,RU,200961.94,206211.18,0,0,0,1,0,31,LOW
TXN003504,2024-04-21,11,CASH_OUT,5222.86,US,484357.81,479134.95,0,0,0,0,0,4,LOW
TXN003505,2024-04-03,17,CASH_OUT,2932.72,MX,197181.12,194248.4,0,0,0,0,0,0,LOW
TXN003506,2024-02-04,7,PAYMENT,2956.44,US,7919.18,4962.74,0,0,0,0,0,1,LOW
TXN003507,2024-12-08,21,CASH_OUT,1885.88,US,98646.2,96760.32,0,0,0,0,0,5,LOW
TXN003508,2024-08-28,17,CASH_IN,2017.1,UK,210510.47,212527.57,0,0,0,0,0,1,LOW
TXN003509,2024-06-24,2,TRANSFER,21368.93,MX,200597.53,179228.6,0,0,0,0,1,39,LOW
TXN003510,2024-09-10,8,DEBIT,217.56,DE,20491.78,20274.22,0,0,0,0,0,2,LOW
TXN003511,2024-04-25,21,PAYMENT,188.18,UK,362796.19,362608.01,0,0,0,0,0,2,LOW
TXN003512,2024-06-29,10,CASH_OUT,511.87,MX,210045.48,209533.61,0,0,0,0,0,0,LOW
TXN003513,2024-09-12,7,PAYMENT,2682.35,IR,405219.65,402537.3,0,0,0,1,0,32,LOW
TXN003514,2024-09-13,14,TRANSFER,243.79,UK,169858.14,169614.35,0,0,0,0,0,2,LOW
TXN003515,2024-04-29,7,CASH_IN,292.52,NG,57311.84,57604.36,0,0,0,1,0,30,LOW
TXN003516,2024-03-12,9,PAYMENT,3789.68,NG,114761.3,110971.62,0,0,0,1,0,34,LOW
TXN003517,2024-04-05,7,CASH_IN,406.83,MX,99579.47,99986.3,0,0,0,0,0,3,LOW
TXN003518,2024-04-28,7,CASH_OUT,1717.59,IR,499072.67,497355.08,0,0,0,1,0,35,LOW
TXN003519,2024-10-27,7,TRANSFER,532.76,UK,122990.39,122457.63,0,0,0,0,0,0,LOW
TXN003520,2024-04-20,8,CASH_IN,2948.83,US,140064.77,143013.6,0,0,0,0,0,2,LOW
TXN003521,2024-09-04,4,TRANSFER,19279.98,IR,63522.53,44242.55,0,1,0,1,1,93,HIGH
TXN003522,2024-10-13,18,TRANSFER,2101.27,US,410394.57,408293.3,0,0,0,0,0,2,LOW
TXN003523,2024-01-13,1,TRANSFER,37505.65,IR,149280.54,111774.89,0,1,0,1,1,92,HIGH
TXN003524,2024-02-22,16,TRANSFER,513.42,RU,411822.75,411309.33,0,0,0,1,0,30,LOW
TXN003525,2024-12-29,12,TRANSFER,11899.53,DE,304995.96,293096.43,0,0,0,0,0,17,LOW
TXN003526,2024-05-17,15,CASH_OUT,1981.78,IR,205477.82,203496.04,0,0,0,1,0,34,LOW
TXN003527,2024-02-13,17,CASH_IN,5128.49,RU,54773.78,59902.27,0,0,0,1,0,31,LOW
TXN003528,2024-07-30,2,CASH_OUT,9373.75,CN,246708.54,237334.79,1,1,0,0,1,85,HIGH
TXN003529,2024-03-01,9,DEBIT,277.03,IR,155378.29,155101.26,0,0,0,1,0,33,LOW
TXN003530,2024-04-10,9,DEBIT,2591.55,UK,164999.66,162408.11,0,0,0,0,0,3,LOW
TXN003531,2024-01-12,12,TRANSFER,4303.96,UK,329001.02,324697.06,0,0,0,0,0,4,LOW
TXN003532,2024-10-29,17,CASH_OUT,359.51,UK,27666.19,27306.68,0,0,0,0,0,3,LOW
TXN003533,2024-03-03,23,CASH_OUT,55445.03,US,430563.86,375118.83,0,0,0,0,1,64,MEDIUM
TXN003534,2024-07-15,16,CASH_IN,535.91,US,214713.56,215249.47,0,0,0,0,0,4,LOW
TXN003535,2024-12-07,8,CASH_IN,6192.92,NG,55007.66,61200.58,0,0,0,1,0,35,LOW
TXN003536,2024-09-09,15,CASH_IN,694.58,US,180499.02,181193.6,0,0,0,0,0,0,LOW
TXN003537,2024-05-13,8,CASH_IN,1209.82,US,310650.62,311860.44,0,0,0,0,0,0,LOW
TXN003538,2024-09-30,13,CASH_IN,3240.36,MX,57694.62,60934.98,0,0,0,0,0,5,LOW
TXN003539,2024-12-05,13,DEBIT,1333.97,UK,326493.82,325159.85,0,0,0,0,0,1,LOW
TXN003540,2024-10-09,21,TRANSFER,189.96,NG,140355.93,140165.97,0,0,0,1,0,33,LOW
TXN003541,2024-01-12,19,CASH_OUT,2860.76,US,489247.49,486386.73,0,0,0,0,0,3,LOW
TXN003542,2024-02-16,18,DEBIT,3025.9,UK,59095.86,56069.96,0,0,0,0,0,5,LOW
TXN003543,2024-12-26,7,CASH_OUT,809.21,CN,34401.72,33592.51,0,0,0,0,0,0,LOW
TXN003544,2024-08-29,2,TRANSFER,11612.53,IR,255671.2,244058.67,0,1,0,1,1,95,HIGH
TXN003545,2024-11-15,17,CASH_IN,3021.95,NG,161671.8,164693.75,0,0,0,1,0,35,LOW
TXN003546,2024-10-13,17,CASH_OUT,1195.95,CN,316096.79,314900.84,0,0,0,0,0,1,LOW
TXN003547,2024-09-06,17,TRANSFER,1110.87,NG,219133.27,218022.4,0,0,0,1,0,32,LOW
TXN003548,2024-11-13,21,TRANSFER,1415.75,US,6111.12,4695.37,0,0,0,0,0,3,LOW
TXN003549,2024-03-22,8,CASH_IN,5363.21,NG,299897.14,305260.35,0,0,0,1,0,31,LOW
TXN003550,2024-12-13,21,CASH_IN,2139.3,US,112709.62,114848.92,0,0,0,0,0,5,LOW
TXN003551,2024-08-24,8,PAYMENT,110.76,UK,436734.75,436623.99,0,0,0,0,0,3,LOW
TXN003552,2024-05-24,18,TRANSFER,1422.89,UK,359463.53,358040.64,0,0,0,0,0,1,LOW
TXN003553,2024-08-08,13,CASH_IN,8395.88,RU,248801.97,257197.85,0,0,0,1,0,30,LOW
TXN003554,2024-03-17,23,CASH_OUT,18437.5,US,146778.88,128341.38,0,1,0,0,1,62,MEDIUM
TXN003555,2024-08-04,8,CASH_IN,1935.94,MX,360487.83,362423.77,0,0,0,0,0,4,LOW
TXN003556,2024-09-24,13,TRANSFER,480.79,NG,60867.09,60386.3,0,0,0,1,0,35,LOW
TXN003557,2024-03-06,19,CASH_IN,288.98,US,68808.7,69097.68,0,0,0,0,0,1,LOW
TXN003558,2024-08-07,19,PAYMENT,3916.78,US,243454.84,239538.06,0,0,0,0,0,1,LOW
TXN003559,2024-12-08,11,CASH_OUT,7176.86,CN,68130.98,60954.12,0,0,0,0,0,3,LOW
TXN003560,2024-10-10,8,CASH_IN,748.31,IR,309943.55,310691.86,0,0,0,1,0,35,LOW
TXN003561,2024-05-12,21,DEBIT,1658.19,US,148603.78,146945.59,0,0,0,0,0,5,LOW
TXN003562,2024-10-01,18,CASH_OUT,1292.95,UK,404883.37,403590.42,0,0,0,0,0,2,LOW
TXN003563,2024-10-02,10,CASH_IN,790.88,US,276183.42,276974.3,0,0,0,0,0,2,LOW
TXN003564,2024-06-05,16,TRANSFER,174.98,DE,304440.33,304265.35,0,0,0,0,0,1,LOW
TXN003565,2024-03-22,20,DEBIT,2488.81,DE,243722.34,241233.53,0,0,0,0,0,5,LOW
TXN003566,2024-10-11,11,CASH_IN,2815.9,UK,187212.86,190028.76,0,0,0,0,0,3,LOW
TXN003567,2024-07-18,20,DEBIT,2461.39,UK,318384.78,315923.39,0,0,0,0,0,0,LOW
TXN003568,2024-10-04,8,CASH_OUT,6759.3,MX,326153.5,319394.2,0,0,0,0,0,2,LOW
TXN003569,2024-10-29,13,CASH_IN,9552.28,DE,494232.53,503784.81,0,0,0,0,0,2,LOW
TXN003570,2024-07-24,12,TRANSFER,303.42,US,112406.53,112103.11,0,0,0,0,0,1,LOW
TXN003571,2024-11-19,11,TRANSFER,4173.39,MX,462521.16,458347.77,0,0,0,0,0,2,LOW
TXN003572,2024-01-18,21,TRANSFER,4068.6,IR,353546.23,349477.63,0,0,0,1,0,34,LOW
TXN003573,2024-06-30,18,CASH_IN,1722.74,UK,89183.58,90906.32,0,0,0,0,0,2,LOW
TXN003574,2024-01-14,17,TRANSFER,4247.51,CN,446225.94,441978.43,0,0,0,0,0,0,LOW
TXN003575,2024-01-06,19,CASH_OUT,1023.93,US,461658.32,460634.39,0,0,0,0,0,0,LOW
TXN003576,2024-05-24,13,TRANSFER,1247.37,IR,443470.27,442222.9,0,0,0,1,0,30,LOW
TXN003577,2024-10-22,21,TRANSFER,1303.71,DE,95120.38,93816.67,0,0,0,0,0,0,LOW
TXN003578,2024-02-14,17,PAYMENT,2268.55,MX,474472.6,472204.05,0,0,0,0,0,1,LOW
TXN003579,2024-10-01,18,CASH_IN,3025.23,US,142694.77,145720.0,0,0,0,0,0,1,LOW
TXN003580,2024-12-03,10,PAYMENT,2212.56,UK,143380.94,141168.38,0,0,0,0,0,4,LOW
TXN003581,2024-08-27,19,DEBIT,1095.73,US,299412.28,298316.55,0,0,0,0,0,0,LOW
TXN003582,2024-05-14,20,DEBIT,1779.5,CN,138911.9,137132.4,0,0,0,0,0,3,LOW
TXN003583,2024-12-04,19,TRANSFER,412.58,US,209678.38,209265.8,0,0,0,0,0,0,LOW
TXN003584,2024-12-24,18,CASH_IN,4179.23,RU,341998.19,346177.42,0,0,0,1,0,34,LOW
TXN003585,2024-05-17,12,PAYMENT,2124.12,CN,471642.34,469518.22,0,0,0,0,0,5,LOW
TXN003586,2024-01-28,14,TRANSFER,1000.38,US,468464.18,467463.8,0,0,0,0,0,1,LOW
TXN003587,2024-03-14,11,PAYMENT,5102.02,US,332611.28,327509.26,0,0,0,0,0,5,LOW
TXN003588,2024-08-19,11,PAYMENT,592.34,CN,379270.0,378677.66,0,0,0,0,0,0,LOW
TXN003589,2024-07-01,15,PAYMENT,9166.48,NG,92409.64,83243.16,0,0,0,1,0,35,LOW
TXN003590,2024-04-18,19,CASH_IN,183.77,UK,463289.85,463473.62,0,0,0,0,0,4,LOW
TXN003591,2024-05-30,15,DEBIT,976.42,CN,385684.93,384708.51,0,0,0,0,0,3,LOW
TXN003592,2024-03-28,13,DEBIT,1339.74,CN,315690.54,314350.8,0,0,0,0,0,0,LOW
TXN003593,2024-11-27,19,CASH_IN,1689.16,NG,204240.5,205929.66,0,0,0,1,0,33,LOW
TXN003594,2024-05-14,9,TRANSFER,2620.37,US,332426.7,329806.33,0,0,0,0,0,1,LOW
TXN003595,2024-06-11,21,CASH_OUT,7477.61,DE,258686.81,251209.2,0,0,0,0,0,3,LOW
TXN003596,2024-02-27,9,TRANSFER,622.35,CN,245083.18,244460.83,0,0,0,0,0,3,LOW
TXN003597,2024-12-22,20,CASH_OUT,2377.24,NG,34168.58,31791.34,0,0,0,1,0,32,LOW
TXN003598,2024-08-04,13,CASH_OUT,10196.19,US,339983.78,329787.59,0,0,0,0,0,18,LOW
TXN003599,2024-12-03,17,DEBIT,3006.43,MX,435161.97,432155.54,0,0,0,0,0,0,LOW
TXN003600,2024-08-09,16,DEBIT,3240.45,NG,103067.13,99826.68,0,0,0,1,0,32,LOW
TXN003601,2024-12-09,9,TRANSFER,6981.2,US,387126.7,380145.5,0,0,0,0,0,2,LOW
TXN003602,2024-02-16,14,CASH_OUT,736.98,US,228824.82,228087.84,0,0,0,0,0,0,LOW
TXN003603,2024-03-10,8,PAYMENT,1849.71,US,483809.37,481959.66,0,0,0,0,0,1,LOW
TXN003604,2024-04-05,21,PAYMENT,1262.97,UK,127716.68,126453.71,0,0,0,0,0,3,LOW
TXN003605,2024-02-14,1,CASH_OUT,68285.87,DE,425442.84,357156.97,0,1,0,0,1,87,HIGH
TXN003606,2024-08-06,18,TRANSFER,2831.42,US,21227.04,18395.62,0,0,0,0,0,0,LOW
TXN003607,2024-06-06,21,DEBIT,4176.04,MX,248735.4,244559.36,0,0,0,0,0,0,LOW
TXN003608,2024-09-20,18,CASH_OUT,11360.99,US,59764.97,48403.98,0,0,0,0,0,15,LOW
TXN003609,2024-03-25,11,CASH_IN,5026.1,US,350721.68,355747.78,0,0,0,0,0,5,LOW
TXN003610,2024-08-15,8,PAYMENT,3411.4,US,5906.46,2495.06,0,0,0,0,0,4,LOW
TXN003611,2024-11-06,8,PAYMENT,811.04,RU,278369.27,277558.23,0,0,0,1,0,33,LOW
TXN003612,2024-05-06,17,CASH_IN,4604.84,US,79266.86,83871.7,0,0,0,0,0,2,LOW
TXN003613,2024-01-26,8,TRANSFER,20.26,MX,215972.17,215951.91,0,0,0,0,0,0,LOW
TXN003614,2024-10-28,17,CASH_IN,7825.19,DE,450647.32,458472.51,0,0,0,0,0,2,LOW
TXN003615,2024-11-10,8,CASH_OUT,140.91,US,73331.18,73190.27,0,0,0,0,0,1,LOW
TXN003616,2024-02-27,10,DEBIT,706.61,RU,431526.45,430819.84,0,0,0,1,0,33,LOW
TXN003617,2024-04-24,7,PAYMENT,2409.6,DE,259307.86,256898.26,0,0,0,0,0,4,LOW
TXN003618,2024-09-12,14,TRANSFER,2392.2,MX,271796.23,269404.03,0,0,0,0,0,0,LOW
TXN003619,2024-02-29,15,DEBIT,405.34,IR,86733.03,86327.69,0,0,0,1,0,35,LOW
TXN003620,2024-04-13,10,TRANSFER,3422.61,US,226094.83,222672.22,0,0,0,0,0,1,LOW
TXN003621,2024-12-23,7,CASH_OUT,5865.48,UK,300501.39,294635.91,0,0,0,0,0,3,LOW
TXN003622,2024-07-26,12,DEBIT,8175.54,IR,329251.62,321076.08,0,0,0,1,0,34,LOW
TXN003623,2024-11-17,20,DEBIT,2232.5,US,74024.34,71791.84,0,0,0,0,0,4,LOW
TXN003624,2024-02-26,10,TRANSFER,150.27,NG,109867.92,109717.65,0,0,0,1,0,30,LOW
TXN003625,2024-12-09,9,CASH_IN,3815.22,US,175831.68,179646.9,0,0,0,0,0,0,LOW
TXN003626,2024-04-05,19,CASH_IN,3932.61,US,444344.77,448277.38,0,0,0,0,0,2,LOW
TXN003627,2024-08-27,12,TRANSFER,2162.48,US,358234.18,356071.7,0,0,0,0,0,5,LOW
TXN003628,2024-04-12,19,CASH_OUT,2803.81,NG,303520.65,300716.84,0,0,0,1,0,31,LOW
TXN003629,2024-07-08,14,CASH_OUT,978.95,DE,335276.06,334297.11,0,0,0,0,0,5,LOW
TXN003630,2024-09-28,21,PAYMENT,148.64,US,449582.32,449433.68,0,0,0,0,0,4,LOW
TXN003631,2024-04-15,17,DEBIT,2191.41,DE,213340.57,211149.16,0,0,0,0,0,1,LOW
TXN003632,2024-11-20,19,CASH_OUT,488.72,DE,147909.03,147420.31,0,0,0,0,0,2,LOW
TXN003633,2024-09-25,20,DEBIT,2098.71,US,288661.58,286562.87,0,0,0,0,0,2,LOW
TXN003634,2024-08-25,17,PAYMENT,11412.64,CN,28294.92,16882.28,0,0,0,0,0,0,LOW
TXN003635,2024-08-31,20,PAYMENT,1567.33,UK,233650.02,232082.69,0,0,0,0,0,4,LOW
TXN003636,2024-05-15,18,PAYMENT,4813.39,US,169321.88,164508.49,0,0,0,0,0,3,LOW
TXN003637,2024-05-01,12,CASH_OUT,240.71,US,305925.84,305685.13,0,0,0,0,0,0,LOW
TXN003638,2024-12-03,16,TRANSFER,11573.18,MX,335047.23,323474.05,0,0,0,0,0,18,LOW
TXN003639,2024-07-15,2,CASH_OUT,32286.95,NG,391519.09,359232.14,0,1,0,1,1,92,HIGH
TXN003640,2024-01-25,20,DEBIT,638.89,IR,224301.75,223662.86,0,0,0,1,0,31,LOW
TXN003641,2024-03-28,8,CASH_IN,3012.89,US,318374.68,321387.57,0,0,0,0,0,1,LOW
TXN003642,2024-07-12,14,PAYMENT,3211.54,IR,281627.99,278416.45,0,0,0,1,0,31,LOW
TXN003643,2024-05-23,21,CASH_OUT,26.22,US,72377.3,72351.08,0,0,0,0,0,4,LOW
TXN003644,2024-05-28,11,PAYMENT,6940.99,IR,286410.52,279469.53,0,0,0,1,0,34,LOW
TXN003645,2024-09-04,15,PAYMENT,484.93,IR,66832.59,66347.66,0,0,0,1,0,32,LOW
TXN003646,2024-12-18,10,CASH_OUT,5700.43,MX,431937.52,426237.09,0,0,0,0,0,3,LOW
TXN003647,2024-02-15,13,PAYMENT,1078.41,IR,98401.25,97322.84,0,0,0,1,0,30,LOW
TXN003648,2024-06-06,16,PAYMENT,12286.62,US,309268.82,296982.2,0,0,0,0,0,1,LOW
TXN003649,2024-10-05,13,DEBIT,1735.31,US,263029.71,261294.4,0,0,0,0,0,5,LOW
TXN003650,2024-12-15,12,DEBIT,1347.71,US,123606.86,122259.15,0,0,0,0,0,1,LOW
TXN003651,2024-06-15,19,DEBIT,825.5,DE,112271.74,111446.24,0,0,0,0,0,5,LOW
TXN003652,2024-10-02,14,DEBIT,417.73,UK,191836.59,191418.86,0,0,0,0,0,4,LOW
TXN003653,2024-03-24,9,DEBIT,3145.78,MX,96710.59,93564.81,0,0,0,0,0,0,LOW
TXN003654,2024-11-25,10,TRANSFER,13035.17,UK,155762.77,142727.6,0,0,0,0,0,18,LOW
TXN003655,2024-01-02,16,PAYMENT,3207.2,DE,257739.96,254532.76,0,0,0,0,0,3,LOW
TXN003656,2024-03-11,13,CASH_IN,786.14,CN,77652.14,78438.28,0,0,0,0,0,5,LOW
TXN003657,2024-03-17,12,PAYMENT,2756.74,IR,393609.02,390852.28,0,0,0,1,0,34,LOW
TXN003658,2024-08-22,17,CASH_IN,7269.7,UK,351304.95,358574.65,0,0,0,0,0,3,LOW
TXN003659,2024-03-16,13,DEBIT,533.52,UK,25897.59,25364.07,0,0,0,0,0,1,LOW
TXN003660,2024-12-22,14,CASH_OUT,1898.68,MX,83551.89,81653.21,0,0,0,0,0,0,LOW
TXN003661,2024-07-04,7,CASH_IN,1230.04,NG,154326.06,155556.1,0,0,0,1,0,30,LOW
TXN003662,2024-10-24,18,PAYMENT,5470.84,MX,333926.16,328455.32,0,0,0,0,0,2,LOW
TXN003663,2024-02-04,19,CASH_IN,2086.32,US,397572.19,399658.51,0,0,0,0,0,0,LOW
TXN003664,2024-07-22,12,DEBIT,742.3,UK,216155.98,215413.68,0,0,0,0,0,4,LOW
TXN003665,2024-10-22,19,DEBIT,1751.65,US,499378.05,497626.4,0,0,0,0,0,1,LOW
TXN003666,2024-09-17,17,DEBIT,18.35,NG,112545.03,112526.68,0,0,0,1,0,34,LOW
TXN003667,2024-09-26,8,PAYMENT,15931.08,US,109297.48,93366.4,0,0,0,0,0,1,LOW
TXN003668,2024-10-10,7,CASH_OUT,335.44,US,292101.59,291766.15,0,0,0,0,0,1,LOW
TXN003669,2024-06-26,17,TRANSFER,9715.54,US,360582.32,350866.78,0,0,0,0,0,4,LOW
TXN003670,2024-01-14,7,DEBIT,5622.83,CN,385489.76,379866.93,0,0,0,0,0,4,LOW
TXN003671,2024-09-10,13,PAYMENT,1392.24,US,189609.47,188217.23,0,0,0,0,0,2,LOW
TXN003672,2024-10-15,15,CASH_OUT,1764.95,US,124715.84,122950.89,0,0,0,0,0,5,LOW
TXN003673,2024-04-09,13,CASH_OUT,4869.98,US,222879.55,218009.57,0,0,0,0,0,0,LOW
TXN003674,2024-03-08,20,TRANSFER,2262.3,UK,236593.46,234331.16,0,0,0,0,0,5,LOW
TXN003675,2024-09-16,15,DEBIT,1484.02,US,329919.56,328435.54,0,0,0,0,0,2,LOW
TXN003676,2024-08-08,19,DEBIT,4481.3,NG,131070.36,126589.06,0,0,0,1,0,32,LOW
TXN003677,2024-09-25,8,DEBIT,5536.11,MX,109595.66,104059.55,0,0,0,0,0,0,LOW
TXN003678,2024-11-29,19,DEBIT,969.07,NG,490410.99,489441.92,0,0,0,1,0,33,LOW
TXN003679,2024-07-17,9,CASH_OUT,7037.2,US,276560.97,269523.77,0,0,0,0,0,5,LOW
TXN003680,2024-02-29,17,CASH_OUT,5187.35,UK,222522.65,217335.3,0,0,0,0,0,4,LOW
TXN003681,2024-02-04,19,CASH_IN,3010.16,US,303409.59,306419.75,0,0,0,0,0,3,LOW
TXN003682,2024-04-26,15,TRANSFER,2266.07,NG,92691.65,90425.58,0,0,0,1,0,30,LOW
TXN003683,2024-02-17,12,CASH_OUT,1516.49,US,101946.48,100429.99,0,0,0,0,0,2,LOW
TXN003684,2024-09-04,11,TRANSFER,324.71,UK,146843.17,146518.46,0,0,0,0,0,1,LOW
TXN003685,2024-12-21,16,DEBIT,6654.32,CN,405664.91,399010.59,0,0,0,0,0,1,LOW
TXN003686,2024-07-28,3,TRANSFER,25194.82,US,202809.3,177614.48,0,1,0,0,1,60,MEDIUM
TXN003687,2024-09-21,12,CASH_OUT,911.9,US,288444.46,287532.56,0,0,0,0,0,3,LOW
TXN003688,2024-03-14,10,PAYMENT,231.84,UK,247804.08,247572.24,0,0,0,0,0,0,LOW
TXN003689,2024-09-04,17,PAYMENT,827.37,US,239619.52,238792.15,0,0,0,0,0,5,LOW
TXN003690,2024-06-23,13,CASH_OUT,593.59,IR,139007.88,138414.29,0,0,0,1,0,31,LOW
TXN003691,2024-02-12,21,CASH_OUT,158.02,NG,102966.92,102808.9,0,0,0,1,0,35,LOW
TXN003692,2024-03-09,21,CASH_OUT,992.82,UK,135290.38,134297.56,0,0,0,0,0,0,LOW
TXN003693,2024-01-11,13,PAYMENT,3815.08,DE,3552.92,0.0,0,0,0,0,0,4,LOW
TXN003694,2024-06-21,8,DEBIT,415.9,RU,150952.4,150536.5,0,0,0,1,0,31,LOW
TXN003695,2024-03-16,17,PAYMENT,3140.71,RU,399808.13,396667.42,0,0,0,1,0,35,LOW
TXN003696,2024-02-20,18,CASH_OUT,2033.52,US,194605.8,192572.28,0,0,0,0,0,2,LOW
TXN003697,2024-12-19,11,CASH_IN,5446.31,US,67253.29,72699.6,0,0,0,0,0,2,LOW
TXN003698,2024-01-09,16,DEBIT,2541.9,US,265692.73,263150.83,0,0,0,0,0,1,LOW
TXN003699,2024-05-06,12,TRANSFER,2982.43,US,468653.14,465670.71,0,0,0,0,0,2,LOW
TXN003700,2024-07-28,19,TRANSFER,3221.81,US,96791.28,93569.47,0,0,0,0,0,5,LOW
TXN003701,2024-06-11,1,CASH_OUT,41755.03,RU,34789.16,0.0,0,0,0,1,1,66,MEDIUM
TXN003702,2024-06-05,19,PAYMENT,1299.92,US,159631.72,158331.8,0,0,0,0,0,0,LOW
TXN003703,2024-07-27,11,CASH_OUT,2207.3,UK,40698.78,38491.48,0,0,0,0,0,3,LOW
TXN003704,2024-10-22,17,CASH_OUT,3966.39,US,419023.42,415057.03,0,0,0,0,0,2,LOW
TXN003705,2024-02-07,20,CASH_IN,3742.84,DE,111603.34,115346.18,0,0,0,0,0,3,LOW
TXN003706,2024-07-07,7,DEBIT,3736.38,UK,201041.37,197304.99,0,0,0,0,0,4,LOW
TXN003707,2024-12-14,9,DEBIT,321.53,UK,328971.83,328650.3,0,0,0,0,0,0,LOW
TXN003708,2024-09-28,4,CASH_OUT,9423.03,CN,460573.17,451150.14,1,0,0,0,1,64,MEDIUM
TXN003709,2024-02-22,13,DEBIT,3656.76,NG,296127.72,292470.96,0,0,0,1,0,34,LOW
TXN003710,2024-10-22,11,CASH_OUT,5174.63,US,181727.8,176553.17,0,0,0,0,0,0,LOW
TXN003711,2024-04-01,16,CASH_OUT,2579.55,US,417886.13,415306.58,0,0,0,0,0,0,LOW
TXN003712,2024-04-28,19,CASH_OUT,3616.35,US,106686.9,103070.55,0,0,0,0,0,4,LOW
TXN003713,2024-10-31,21,DEBIT,140.75,RU,63410.25,63269.5,0,0,0,1,0,30,LOW
TXN003714,2024-07-08,16,DEBIT,7697.91,US,473506.27,465808.36,0,0,0,0,0,5,LOW
TXN003715,2024-08-05,12,CASH_IN,9898.66,US,342810.98,352709.64,0,0,0,0,0,1,LOW
TXN003716,2024-03-29,13,DEBIT,389.83,US,9092.93,8703.1,0,0,0,0,0,4,LOW
TXN003717,2024-09-05,19,CASH_OUT,3550.88,UK,96083.42,92532.54,0,0,0,0,0,1,LOW
TXN003718,2024-03-26,21,PAYMENT,2452.15,NG,90848.88,88396.73,0,0,0,1,0,31,LOW
TXN003719,2024-06-12,17,CASH_IN,924.85,DE,340409.8,341334.65,0,0,0,0,0,5,LOW
TXN003720,2024-04-18,17,TRANSFER,970.01,US,132396.6,131426.59,0,0,0,0,0,0,LOW
TXN003721,2024-10-28,8,CASH_OUT,6015.36,NG,255216.34,249200.98,0,0,0,1,0,30,LOW
TXN003722,2024-04-02,20,PAYMENT,810.96,US,238480.75,237669.79,0,0,0,0,0,3,LOW
TXN003723,2024-05-04,18,PAYMENT,4158.69,US,4963.36,804.67,0,0,0,0,0,5,LOW
TXN003724,2024-10-06,16,CASH_IN,12055.43,CN,315280.41,327335.84,0,0,0,0,0,4,LOW
TXN003725,2024-03-03,14,PAYMENT,82.41,US,133809.09,133726.68,0,0,0,0,0,1,LOW
TXN003726,2024-06-14,2,TRANSFER,5263.96,RU,196905.49,191641.53,0,0,0,1,1,54,MEDIUM
TXN003727,2024-01-24,13,PAYMENT,4745.47,UK,485325.46,480579.99,0,0,0,0,0,2,LOW
TXN003728,2024-08-21,10,DEBIT,421.55,MX,275677.41,275255.86,0,0,0,0,0,3,LOW
TXN003729,2024-04-25,19,CASH_IN,139.16,US,365416.96,365556.12,0,0,0,0,0,2,LOW
TXN003730,2024-01-28,3,CASH_OUT,18815.07,IR,397355.14,378540.07,0,0,0,1,1,65,MEDIUM
TXN003731,2024-11-21,17,DEBIT,3770.59,US,207073.02,203302.43,0,0,0,0,0,2,LOW
TXN003732,2024-09-18,17,TRANSFER,399.86,IR,47480.74,47080.88,0,0,0,1,0,30,LOW
TXN003733,2024-10-12,8,DEBIT,5881.83,UK,130603.51,124721.68,0,0,0,0,0,4,LOW
TXN003734,2024-12-13,11,PAYMENT,881.52,US,493985.12,493103.6,0,0,0,0,0,3,LOW
TXN003735,2024-08-23,15,DEBIT,1236.13,US,158031.52,156795.39,0,0,0,0,0,2,LOW
TXN003736,2024-05-09,7,PAYMENT,78.34,NG,236671.72,236593.38,0,0,0,1,0,33,LOW
TXN003737,2024-11-29,15,CASH_OUT,2124.08,MX,213297.02,211172.94,0,0,0,0,0,0,LOW
TXN003738,2024-04-15,18,TRANSFER,521.36,US,390882.61,390361.25,0,0,0,0,0,0,LOW
TXN003739,2024-10-11,23,TRANSFER,35847.33,UK,18195.04,0.0,0,1,0,0,1,65,MEDIUM
TXN003740,2024-04-29,18,CASH_OUT,36.99,US,41513.61,41476.62,0,0,0,0,0,3,LOW
TXN003741,2024-04-23,20,PAYMENT,475.11,MX,424200.16,423725.05,0,0,0,0,0,1,LOW
TXN003742,2024-07-13,21,PAYMENT,3759.93,UK,410150.34,406390.41,0,0,0,0,0,3,LOW
TXN003743,2024-11-02,15,TRANSFER,5778.77,MX,423930.08,418151.31,0,0,0,0,0,0,LOW
TXN003744,2024-10-28,18,PAYMENT,2113.94,IR,479306.42,477192.48,0,0,0,1,0,33,LOW
TXN003745,2024-11-24,13,TRANSFER,937.46,CN,394885.38,393947.92,0,0,0,0,0,5,LOW
TXN003746,2024-09-30,19,PAYMENT,2374.72,US,198918.16,196543.44,0,0,0,0,0,3,LOW
TXN003747,2024-05-21,21,DEBIT,7606.03,MX,352373.49,344767.46,0,0,0,0,0,3,LOW
TXN003748,2024-03-28,15,CASH_OUT,3122.56,US,14382.79,11260.23,0,0,0,0,0,5,LOW
TXN003749,2024-08-11,21,CASH_IN,2046.9,US,68815.95,70862.85,0,0,0,0,0,2,LOW
TXN003750,2024-05-05,17,PAYMENT,480.96,NG,75890.45,75409.49,0,0,0,1,0,34,LOW
TXN003751,2024-07-13,13,PAYMENT,329.16,IR,6134.6,5805.44,0,0,0,1,0,33,LOW
TXN003752,2024-04-15,11,DEBIT,2878.96,US,372414.09,369535.13,0,0,0,0,0,5,LOW
TXN003753,2024-04-30,11,PAYMENT,722.17,NG,497997.61,497275.44,0,0,0,1,0,34,LOW
TXN003754,2024-01-10,9,DEBIT,871.8,IR,173455.27,172583.47,0,0,0,1,0,32,LOW
TXN003755,2024-07-08,20,TRANSFER,1951.89,MX,325659.29,323707.4,0,0,0,0,0,3,LOW
TXN003756,2024-11-17,14,PAYMENT,205.9,US,25570.03,25364.13,0,0,0,0,0,5,LOW
TXN003757,2024-09-17,12,CASH_OUT,963.81,US,399239.48,398275.67,0,0,0,0,0,4,LOW
TXN003758,2024-11-16,19,CASH_IN,139.22,US,55246.78,55386.0,0,0,0,0,0,4,LOW
TXN003759,2024-07-26,21,CASH_OUT,2314.82,DE,8116.11,5801.29,0,0,0,0,0,1,LOW
TXN003760,2024-01-07,14,TRANSFER,1169.77,US,491992.02,490822.25,0,0,0,0,0,2,LOW
TXN003761,2024-08-05,13,PAYMENT,88.51,DE,50173.57,50085.06,0,0,0,0,0,2,LOW
TXN003762,2024-03-05,13,TRANSFER,2171.56,CN,371593.06,369421.5,0,0,0,0,0,3,LOW
TXN003763,2024-07-07,18,CASH_IN,318.44,UK,415247.44,415565.88,0,0,0,0,0,0,LOW
TXN003764,2024-01-05,17,CASH_OUT,4099.99,NG,462790.84,458690.85,0,0,0,1,0,30,LOW
TXN003765,2024-02-09,19,PAYMENT,3920.39,RU,128917.96,124997.57,0,0,0,1,0,35,LOW
TXN003766,2024-03-20,13,CASH_IN,68.57,UK,358202.37,358270.94,0,0,0,0,0,2,LOW
TXN003767,2024-06-26,20,PAYMENT,38.82,UK,391585.81,391546.99,0,0,0,0,0,3,LOW
TXN003768,2024-10-27,10,CASH_IN,3660.79,US,398162.15,401822.94,0,0,0,0,0,2,LOW
TXN003769,2024-12-03,7,PAYMENT,681.84,IR,437926.01,437244.17,0,0,0,1,0,31,LOW
TXN003770,2024-01-28,20,CASH_IN,3583.82,CN,211088.36,214672.18,0,0,0,0,0,1,LOW
TXN003771,2024-11-12,17,PAYMENT,1975.42,MX,169958.17,167982.75,0,0,0,0,0,3,LOW
TXN003772,2024-02-29,13,PAYMENT,1604.46,NG,69974.53,68370.07,0,0,0,1,0,30,LOW
TXN003773,2024-02-28,14,PAYMENT,466.01,IR,48808.77,48342.76,0,0,0,1,0,35,LOW
TXN003774,2024-04-21,21,PAYMENT,2385.73,US,14845.86,12460.13,0,0,0,0,0,1,LOW
TXN003775,2024-11-01,14,DEBIT,1894.4,MX,187355.16,185460.76,0,0,0,0,0,0,LOW
TXN003776,2024-12-09,11,DEBIT,300.91,US,62862.02,62561.11,0,0,0,0,0,0,LOW
TXN003777,2024-01-03,15,CASH_OUT,425.74,UK,308938.98,308513.24,0,0,0,0,0,2,LOW
TXN003778,2024-02-12,7,CASH_IN,7180.32,NG,321410.55,328590.87,0,0,0,1,0,31,LOW
TXN003779,2024-09-07,19,CASH_OUT,1066.63,US,237410.09,236343.46,0,0,0,0,0,5,LOW
TXN003780,2024-07-30,23,CASH_OUT,61422.24,NG,313664.93,252242.69,0,0,0,1,1,90,HIGH
TXN003781,2024-12-14,4,CASH_OUT,15243.18,UK,228244.76,213001.58,0,1,0,0,1,65,MEDIUM
TXN003782,2024-08-09,8,TRANSFER,1702.02,US,48372.56,46670.54,0,0,0,0,0,5,LOW
TXN003783,2024-07-23,2,CASH_OUT,17897.22,RU,243370.46,225473.24,0,1,0,1,1,94,HIGH
TXN003784,2024-05-10,12,DEBIT,2799.92,DE,162615.54,159815.62,0,0,0,0,0,1,LOW
TXN003785,2024-07-11,20,CASH_OUT,1697.8,UK,275108.55,273410.75,0,0,0,0,0,5,LOW
TXN003786,2024-10-26,10,CASH_IN,1097.47,US,428253.3,429350.77,0,0,0,0,0,1,LOW
TXN003787,2024-01-02,15,CASH_OUT,9415.77,IR,182346.7,172930.93,0,0,0,1,0,35,LOW
TXN003788,2024-08-11,12,PAYMENT,1482.11,US,459042.49,457560.38,0,0,0,0,0,1,LOW
TXN003789,2024-07-26,16,DEBIT,15101.63,NG,493762.85,478661.22,0,0,0,1,0,34,LOW
TXN003790,2024-05-15,14,TRANSFER,1625.26,IR,46294.83,44669.57,0,0,0,1,0,30,LOW
TXN003791,2024-11-06,7,CASH_OUT,2487.49,CN,56017.42,53529.93,0,0,0,0,0,3,LOW
TXN003792,2024-03-12,11,PAYMENT,1832.41,US,282563.47,280731.06,0,0,0,0,0,3,LOW
TXN003793,2024-03-28,21,PAYMENT,2346.4,IR,101389.02,99042.62,0,0,0,1,0,33,LOW
TXN003794,2024-05-17,14,TRANSFER,2312.37,NG,370387.77,368075.4,0,0,0,1,0,34,LOW
TXN003795,2024-08-21,11,CASH_OUT,274.43,UK,436115.21,435840.78,0,0,0,0,0,2,LOW
TXN003796,2024-03-26,21,DEBIT,4512.82,IR,390021.37,385508.55,0,0,0,1,0,34,LOW
TXN003797,2024-07-23,16,PAYMENT,5117.69,US,284575.56,279457.87,0,0,0,0,0,1,LOW
TXN003798,2024-12-01,8,CASH_OUT,479.56,UK,180281.65,179802.09,0,0,0,0,0,0,LOW
TXN003799,2024-04-20,14,PAYMENT,5538.35,RU,380383.45,374845.1,0,0,0,1,0,33,LOW
TXN003800,2024-02-16,12,DEBIT,3670.71,CN,395361.92,391691.21,0,0,0,0,0,0,LOW
TXN003801,2024-07-14,21,CASH_OUT,4307.88,UK,403052.05,398744.17,0,0,0,0,0,3,LOW
TXN003802,2024-12-05,8,DEBIT,911.38,NG,260202.59,259291.21,0,0,0,1,0,34,LOW
TXN003803,2024-08-08,14,DEBIT,794.12,US,106574.1,105779.98,0,0,0,0,0,2,LOW
TXN003804,2024-07-08,10,CASH_IN,67.69,US,342204.65,342272.34,0,0,0,0,0,4,LOW
TXN003805,2024-09-24,18,CASH_OUT,6206.03,DE,297596.84,291390.81,0,0,0,0,0,3,LOW
TXN003806,2024-09-02,9,CASH_IN,5378.23,IR,248952.82,254331.05,0,0,0,1,0,35,LOW
TXN003807,2024-05-06,8,TRANSFER,6026.19,UK,127477.99,121451.8,0,0,0,0,0,1,LOW
TXN003808,2024-02-11,7,DEBIT,903.08,DE,343937.12,343034.04,0,0,0,0,0,3,LOW
TXN003809,2024-02-18,12,CASH_OUT,16236.38,UK,34965.03,18728.65,0,0,0,0,0,20,LOW
TXN003810,2024-05-04,2,TRANSFER,32472.45,UK,347213.13,314740.68,0,0,0,0,1,40,MEDIUM
TXN003811,2024-02-13,21,CASH_IN,452.45,RU,295911.22,296363.67,0,0,0,1,0,35,LOW
TXN003812,2024-10-05,19,PAYMENT,9405.99,US,291871.3,282465.31,0,0,0,0,0,0,LOW
TXN003813,2024-05-17,19,TRANSFER,1412.14,IR,126605.35,125193.21,0,0,0,1,0,30,LOW
TXN003814,2024-03-16,8,PAYMENT,800.52,MX,296414.41,295613.89,0,0,0,0,0,5,LOW
TXN003815,2024-08-18,2,CASH_OUT,296267.9,RU,306271.46,10003.56,0,0,0,1,1,91,HIGH
TXN003816,2024-04-08,20,CASH_IN,2448.01,US,394792.39,397240.4,0,0,0,0,0,3,LOW
TXN003817,2024-11-06,9,CASH_IN,156.54,NG,130213.45,130369.99,0,0,0,1,0,32,LOW
TXN003818,2024-10-05,11,CASH_IN,1742.94,US,411659.08,413402.02,0,0,0,0,0,2,LOW
TXN003819,2024-08-26,12,PAYMENT,1874.25,US,354873.68,352999.43,0,0,0,0,0,1,LOW
TXN003820,2024-05-30,9,DEBIT,1127.7,US,290601.65,289473.95,0,0,0,0,0,1,LOW
TXN003821,2024-05-17,20,PAYMENT,656.74,NG,406055.84,405399.1,0,0,0,1,0,33,LOW
TXN003822,2024-04-01,7,CASH_OUT,3892.62,IR,98008.44,94115.82,0,0,0,1,0,31,LOW
TXN003823,2024-08-07,14,TRANSFER,7854.77,US,186623.43,178768.66,0,0,0,0,0,4,LOW
TXN003824,2024-02-04,9,DEBIT,1798.28,RU,175291.35,173493.07,0,0,0,1,0,34,LOW
TXN003825,2024-12-17,11,CASH_OUT,1460.91,UK,494784.59,493323.68,0,0,0,0,0,4,LOW
TXN003826,2024-10-01,12,CASH_OUT,927.99,MX,23804.9,22876.91,0,0,0,0,0,2,LOW
TXN003827,2024-09-19,15,CASH_IN,1549.98,US,380504.39,382054.37,0,0,0,0,0,1,LOW
TXN003828,2024-06-15,11,CASH_IN,6800.58,US,370101.1,376901.68,0,0,0,0,0,0,LOW
TXN003829,2024-11-29,21,CASH_OUT,327.36,IR,428775.55,428448.19,0,0,0,1,0,31,LOW
TXN003830,2024-06-30,13,CASH_OUT,2665.21,IR,456307.65,453642.44,0,0,0,1,0,34,LOW
TXN003831,2024-07-19,23,CASH_OUT,16109.49,RU,301301.59,285192.1,0,1,0,1,1,93,HIGH
TXN003832,2024-05-22,11,CASH_OUT,1828.42,US,329369.49,327541.07,0,0,0,0,0,1,LOW
TXN003833,2024-08-30,10,CASH_IN,120.87,NG,194622.57,194743.44,0,0,0,1,0,32,LOW
TXN003834,2024-12-28,8,CASH_IN,2138.75,UK,496595.93,498734.68,0,0,0,0,0,5,LOW
TXN003835,2024-02-12,12,TRANSFER,4205.9,US,315822.93,311617.03,0,0,0,0,0,0,LOW
TXN003836,2024-11-11,15,CASH_IN,1953.77,US,498539.68,500493.45,0,0,0,0,0,4,LOW
TXN003837,2024-02-22,11,CASH_IN,1816.99,IR,245495.29,247312.28,0,0,0,1,0,34,LOW
TXN003838,2024-10-25,15,TRANSFER,4876.57,US,114741.68,109865.11,0,0,0,0,0,4,LOW
TXN003839,2024-03-09,18,PAYMENT,1280.07,MX,366748.22,365468.15,0,0,0,0,0,5,LOW
TXN003840,2024-10-21,1,CASH_OUT,15298.88,NG,267619.77,252320.89,0,1,0,1,1,90,HIGH
TXN003841,2024-02-21,17,DEBIT,100.61,UK,199028.01,198927.4,0,0,0,0,0,2,LOW
TXN003842,2024-02-05,8,PAYMENT,825.24,DE,263652.31,262827.07,0,0,0,0,0,3,LOW
TXN003843,2024-01-07,20,DEBIT,6864.56,US,234540.03,227675.47,0,0,0,0,0,5,LOW
TXN003844,2024-01-25,19,TRANSFER,1075.86,UK,464076.49,463000.63,0,0,0,0,0,3,LOW
TXN003845,2024-01-02,20,CASH_OUT,4239.03,US,476797.41,472558.38,0,0,0,0,0,0,LOW
TXN003846,2024-03-07,20,PAYMENT,1617.12,US,170003.42,168386.3,0,0,0,0,0,5,LOW
TXN003847,2024-07-13,9,DEBIT,5814.65,US,266337.92,260523.27,0,0,0,0,0,1,LOW
TXN003848,2024-06-10,21,PAYMENT,5160.99,RU,291765.92,286604.93,0,0,0,1,0,33,LOW
TXN003849,2024-10-19,14,TRANSFER,1626.8,MX,98223.92,96597.12,0,0,0,0,0,1,LOW
TXN003850,2024-11-29,14,CASH_OUT,2413.36,US,334994.99,332581.63,0,0,0,0,0,5,LOW
TXN003851,2024-05-23,23,TRANSFER,5088.55,US,168659.83,163571.28,0,0,0,0,1,24,LOW
TXN003852,2024-09-05,9,CASH_OUT,2338.74,RU,415545.9,413207.16,0,0,0,1,0,34,LOW
TXN003853,2024-03-09,12,TRANSFER,2592.0,DE,287809.14,285217.14,0,0,0,0,0,4,LOW
TXN003854,2024-08-03,23,TRANSFER,10076.14,NG,437000.86,426924.72,0,1,0,1,1,93,HIGH
TXN003855,2024-03-26,19,CASH_IN,11092.89,US,284966.72,296059.61,0,0,0,0,0,1,LOW
TXN003856,2024-10-26,13,CASH_IN,1655.92,RU,51245.82,52901.74,0,0,0,1,0,34,LOW
TXN003857,2024-05-02,2,TRANSFER,139000.23,IR,179792.34,40792.11,0,0,0,1,1,94,HIGH
TXN003858,2024-07-07,7,TRANSFER,457.3,US,185965.59,185508.29,0,0,0,0,0,4,LOW
TXN003859,2024-10-22,2,CASH_OUT,128842.82,NG,127911.61,0.0,0,0,0,1,1,92,HIGH
TXN003860,2024-12-17,17,DEBIT,5328.58,UK,269341.19,264012.61,0,0,0,0,0,1,LOW
TXN003861,2024-01-07,15,CASH_OUT,3844.45,US,2430.05,0.0,0,0,0,0,0,3,LOW
TXN003862,2024-02-21,11,CASH_IN,3630.38,IR,282556.57,286186.95,0,0,0,1,0,31,LOW
TXN003863,2024-02-07,7,DEBIT,1372.74,CN,442908.9,441536.16,0,0,0,0,0,4,LOW
TXN003864,2024-10-13,11,CASH_IN,5076.24,IR,487565.57,492641.81,0,0,0,1,0,32,LOW
TXN003865,2024-01-26,2,TRANSFER,60896.62,IR,487958.76,427062.14,0,1,0,1,1,100,HIGH
TXN003866,2024-04-09,9,DEBIT,1212.66,RU,381499.13,380286.47,0,0,0,1,0,32,LOW
TXN003867,2024-01-23,1,CASH_OUT,31621.56,IR,288200.87,256579.31,0,1,0,1,1,91,HIGH
TXN003868,2024-10-25,10,CASH_IN,3494.67,NG,263264.28,266758.95,0,0,0,1,0,32,LOW
TXN003869,2024-01-12,18,CASH_IN,6957.13,MX,246463.76,253420.89,0,0,0,0,0,5,LOW
TXN003870,2024-03-07,20,PAYMENT,2827.36,UK,390595.09,387767.73,0,0,0,0,0,5,LOW
TXN003871,2024-10-07,8,CASH_IN,397.86,RU,445775.15,446173.01,0,0,0,1,0,30,LOW
TXN003872,2024-08-08,18,PAYMENT,2267.94,US,439544.36,437276.42,0,0,0,0,0,3,LOW
TXN003873,2024-03-13,17,CASH_OUT,74.09,US,469143.44,469069.35,0,0,0,0,0,1,LOW
TXN003874,2024-12-10,12,TRANSFER,138.5,CN,302514.62,302376.12,0,0,0,0,0,1,LOW
TXN003875,2024-03-23,8,CASH_OUT,3243.73,US,220673.78,217430.05,0,0,0,0,0,2,LOW
TXN003876,2024-12-21,7,PAYMENT,1607.67,CN,103206.47,101598.8,0,0,0,0,0,5,LOW
TXN003877,2024-10-08,20,CASH_OUT,24.93,US,426264.71,426239.78,0,0,0,0,0,0,LOW
TXN003878,2024-11-11,9,DEBIT,6872.54,DE,362215.91,355343.37,0,0,0,0,0,0,LOW
TXN003879,2024-06-29,19,CASH_OUT,2784.94,RU,109580.37,106795.43,0,0,0,1,0,31,LOW
TXN003880,2024-01-11,1,CASH_OUT,15489.67,RU,409188.01,393698.34,0,0,0,1,1,70,HIGH
TXN003881,2024-02-09,15,TRANSFER,4457.35,US,452925.84,448468.49,0,0,0,0,0,3,LOW
TXN003882,2024-12-14,7,TRANSFER,13919.38,CN,104582.16,90662.78,0,0,0,0,0,18,LOW
TXN003883,2024-11-30,19,DEBIT,275.07,IR,452714.44,452439.37,0,0,0,1,0,33,LOW
TXN003884,2024-08-24,7,CASH_IN,1868.53,IR,406206.24,408074.77,0,0,0,1,0,35,LOW
TXN003885,2024-11-15,14,CASH_IN,7337.93,RU,300173.69,307511.62,0,0,0,1,0,32,LOW
TXN003886,2024-06-15,18,CASH_IN,9224.33,CN,190514.11,199738.44,0,0,0,0,0,4,LOW
TXN003887,2024-08-06,9,PAYMENT,420.65,MX,235498.45,235077.8,0,0,0,0,0,2,LOW
TXN003888,2024-01-16,13,PAYMENT,508.47,DE,223294.2,222785.73,0,0,0,0,0,3,LOW
TXN003889,2024-06-19,18,TRANSFER,1540.05,RU,66791.45,65251.4,0,0,0,1,0,32,LOW
TXN003890,2024-05-11,14,PAYMENT,2004.75,US,499210.04,497205.29,0,0,0,0,0,0,LOW
TXN003891,2024-06-19,21,TRANSFER,1470.48,IR,13289.69,11819.21,0,0,0,1,0,34,LOW
TXN003892,2024-11-07,12,PAYMENT,742.12,DE,215803.55,215061.43,0,0,0,0,0,4,LOW
TXN003893,2024-06-09,10,CASH_OUT,2813.23,CN,3152.71,339.48,0,0,0,0,0,0,LOW
TXN003894,2024-01-03,23,CASH_OUT,7023.91,US,430390.77,423366.86,0,0,0,0,1,23,LOW
TXN003895,2024-10-18,8,DEBIT,5812.17,US,285686.0,279873.83,0,0,0,0,0,3,LOW
TXN003896,2024-02-29,9,CASH_OUT,673.82,IR,103702.09,103028.27,0,0,0,1,0,30,LOW
TXN003897,2024-01-17,16,PAYMENT,10153.01,US,139818.46,129665.45,0,0,0,0,0,4,LOW
TXN003898,2024-02-11,8,DEBIT,196.39,CN,289103.31,288906.92,0,0,0,0,0,4,LOW
TXN003899,2024-01-05,19,CASH_OUT,1744.09,RU,111962.64,110218.55,0,0,0,1,0,34,LOW
TXN003900,2024-03-09,14,CASH_OUT,104.08,US,3391.09,3287.01,0,0,0,0,0,4,LOW
TXN003901,2024-06-15,15,CASH_OUT,1353.01,US,456675.77,455322.76,0,0,0,0,0,5,LOW
TXN003902,2024-01-06,15,CASH_IN,1596.97,UK,340173.68,341770.65,0,0,0,0,0,0,LOW
TXN003903,2024-12-29,12,CASH_IN,5358.05,IR,305169.88,310527.93,0,0,0,1,0,33,LOW
TXN003904,2024-05-10,10,CASH_OUT,3164.21,US,238322.06,235157.85,0,0,0,0,0,5,LOW
TXN003905,2024-11-16,21,TRANSFER,43.69,UK,339432.88,339389.19,0,0,0,0,0,3,LOW
TXN003906,2024-08-10,8,PAYMENT,7545.81,NG,267234.56,259688.75,0,0,0,1,0,30,LOW
TXN003907,2024-04-07,20,CASH_IN,11560.05,IR,25863.16,37423.21,0,0,0,1,0,33,LOW
TXN003908,2024-11-12,8,TRANSFER,4290.28,CN,181014.46,176724.18,0,0,0,0,0,4,LOW
TXN003909,2024-04-23,21,CASH_OUT,12945.48,UK,149155.32,136209.84,0,0,0,0,0,16,LOW
TXN003910,2024-01-02,21,TRANSFER,1877.14,IR,243871.86,241994.72,0,0,0,1,0,34,LOW
TXN003911,2024-04-11,7,TRANSFER,1576.03,US,366694.29,365118.26,0,0,0,0,0,0,LOW
TXN003912,2024-09-19,20,DEBIT,11968.25,US,387198.19,375229.94,0,0,0,0,0,4,LOW
TXN003913,2024-07-05,18,DEBIT,7605.71,MX,381848.97,374243.26,0,0,0,0,0,5,LOW
TXN003914,2024-08-20,8,CASH_OUT,549.63,MX,133014.44,132464.81,0,0,0,0,0,1,LOW
TXN003915,2024-08-01,19,CASH_IN,5321.09,CN,247958.02,253279.11,0,0,0,0,0,1,LOW
TXN003916,2024-07-13,19,DEBIT,3042.66,US,22054.52,19011.86,0,0,0,0,0,4,LOW
TXN003917,2024-06-14,9,DEBIT,2786.48,NG,431032.67,428246.19,0,0,0,1,0,35,LOW
TXN003918,2024-01-12,18,DEBIT,2324.37,DE,108260.43,105936.06,0,0,0,0,0,1,LOW
TXN003919,2024-02-28,8,CASH_OUT,3213.96,UK,130431.11,127217.15,0,0,0,0,0,4,LOW
TXN003920,2024-10-07,13,CASH_OUT,1678.73,DE,101230.82,99552.09,0,0,0,0,0,4,LOW
TXN003921,2024-10-18,21,TRANSFER,457.37,MX,291745.1,291287.73,0,0,0,0,0,1,LOW
TXN003922,2024-10-29,9,PAYMENT,1545.8,NG,259292.58,257746.78,0,0,0,1,0,30,LOW
TXN003923,2024-06-04,19,PAYMENT,7895.18,RU,369814.04,361918.86,0,0,0,1,0,31,LOW
TXN003924,2024-07-01,17,CASH_OUT,5723.39,CN,317182.94,311459.55,0,0,0,0,0,3,LOW
TXN003925,2024-07-02,21,TRANSFER,2722.06,UK,401190.59,398468.53,0,0,0,0,0,4,LOW
TXN003926,2024-12-04,19,TRANSFER,239.6,NG,313922.26,313682.66,0,0,0,1,0,30,LOW
TXN003927,2024-10-17,3,TRANSFER,15430.05,US,315919.93,300489.88,0,1,0,0,1,62,MEDIUM
TXN003928,2024-09-05,17,CASH_OUT,6152.99,CN,374109.32,367956.33,0,0,0,0,0,4,LOW
TXN003929,2024-11-13,4,TRANSFER,95506.37,UK,404994.72,309488.35,0,0,0,0,1,65,MEDIUM
TXN003930,2024-12-02,17,CASH_OUT,3897.04,US,216124.01,212226.97,0,0,0,0,0,0,LOW
TXN003931,2024-11-10,14,TRANSFER,314.86,US,223312.1,222997.24,0,0,0,0,0,3,LOW
TXN003932,2024-11-04,21,PAYMENT,1364.31,US,379267.77,377903.46,0,0,0,0,0,4,LOW
TXN003933,2024-06-30,15,CASH_IN,1520.29,US,254490.85,256011.14,0,0,0,0,0,2,LOW
TXN003934,2024-05-29,18,PAYMENT,1813.17,US,354110.86,352297.69,0,0,0,0,0,4,LOW
TXN003935,2024-03-01,20,PAYMENT,1427.39,MX,235321.23,233893.84,0,0,0,0,0,5,LOW
TXN003936,2024-04-05,19,CASH_IN,2809.03,RU,119189.72,121998.75,0,0,0,1,0,30,LOW
TXN003937,2024-11-04,14,CASH_OUT,4827.46,MX,484724.92,479897.46,0,0,0,0,0,1,LOW
TXN003938,2024-01-24,17,DEBIT,9307.68,MX,62555.5,53247.82,0,0,0,0,0,2,LOW
TXN003939,2024-08-19,10,CASH_OUT,11064.74,NG,286744.37,275679.63,0,0,0,1,0,35,LOW
TXN003940,2024-04-16,9,CASH_IN,698.75,US,151685.25,152384.0,0,0,0,0,0,4,LOW
TXN003941,2024-08-13,9,PAYMENT,2418.29,RU,353213.15,350794.86,0,0,0,1,0,31,LOW
TXN003942,2024-10-11,15,PAYMENT,4976.22,IR,441925.94,436949.72,0,0,0,1,0,34,LOW
TXN003943,2024-11-24,14,DEBIT,558.35,US,420299.76,419741.41,0,0,0,0,0,4,LOW
TXN003944,2024-06-13,8,DEBIT,461.65,UK,442137.52,441675.87,0,0,0,0,0,1,LOW
TXN003945,2024-10-15,9,TRANSFER,958.51,US,474567.91,473609.4,0,0,0,0,0,0,LOW
TXN003946,2024-03-17,13,PAYMENT,3349.76,RU,313523.58,310173.82,0,0,0,1,0,33,LOW
TXN003947,2024-07-06,16,PAYMENT,15085.79,NG,410531.3,395445.51,0,0,0,1,0,31,LOW
TXN003948,2024-12-13,14,CASH_IN,9131.06,UK,200636.44,209767.5,0,0,0,0,0,0,LOW
TXN003949,2024-08-18,11,PAYMENT,3813.83,DE,90026.63,86212.8,0,0,0,0,0,1,LOW
TXN003950,2024-01-11,23,TRANSFER,4151.43,NG,70308.27,66156.84,0,1,0,1,1,75,HIGH
TXN003951,2024-08-16,7,CASH_IN,1485.35,UK,361395.67,362881.02,0,0,0,0,0,3,LOW
TXN003952,2024-03-02,16,CASH_IN,1576.16,US,142326.43,143902.59,0,0,0,0,0,1,LOW
TXN003953,2024-02-17,20,TRANSFER,2579.47,US,310510.23,307930.76,0,0,0,0,0,4,LOW
TXN003954,2024-01-09,19,TRANSFER,6487.56,NG,235210.81,228723.25,0,0,0,1,0,35,LOW
TXN003955,2024-05-13,21,CASH_IN,763.47,UK,102209.17,102972.64,0,0,0,0,0,5,LOW
TXN003956,2024-04-24,21,CASH_OUT,1899.27,US,12098.03,10198.76,0,0,0,0,0,3,LOW
TXN003957,2024-01-20,15,CASH_IN,4885.43,US,456623.54,461508.97,0,0,0,0,0,1,LOW
TXN003958,2024-06-10,21,CASH_IN,2563.24,US,417417.6,419980.84,0,0,0,0,0,1,LOW
TXN003959,2024-06-16,17,CASH_OUT,2024.43,UK,105352.59,103328.16,0,0,0,0,0,3,LOW
TXN003960,2024-04-25,19,TRANSFER,4803.25,US,430084.28,425281.03,0,0,0,0,0,5,LOW
TXN003961,2024-11-15,7,CASH_IN,328.06,MX,383788.11,384116.17,0,0,0,0,0,3,LOW
TXN003962,2024-06-30,18,CASH_OUT,787.7,US,202573.18,201785.48,0,0,0,0,0,3,LOW
TXN003963,2024-07-08,17,TRANSFER,4947.54,US,225821.79,220874.25,0,0,0,0,0,5,LOW
TXN003964,2024-05-02,12,CASH_OUT,241.42,US,100072.85,99831.43,0,0,0,0,0,0,LOW
TXN003965,2024-11-09,9,DEBIT,236.56,CN,141636.23,141399.67,0,0,0,0,0,3,LOW
TXN003966,2024-03-27,17,DEBIT,1103.37,MX,435404.05,434300.68,0,0,0,0,0,3,LOW
TXN003967,2024-08-14,13,PAYMENT,4192.0,UK,421687.87,417495.87,0,0,0,0,0,0,LOW
TXN003968,2024-01-29,14,TRANSFER,1640.93,CN,226770.81,225129.88,0,0,0,0,0,4,LOW
TXN003969,2024-08-10,10,CASH_IN,967.61,RU,384878.95,385846.56,0,0,0,1,0,35,LOW
TXN003970,2024-06-20,9,TRANSFER,286.43,RU,31704.62,31418.19,0,0,0,1,0,32,LOW
TXN003971,2024-07-10,7,DEBIT,516.14,CN,69561.22,69045.08,0,0,0,0,0,1,LOW
TXN003972,2024-01-09,10,DEBIT,3260.05,DE,30925.98,27665.93,0,0,0,0,0,3,LOW
TXN003973,2024-09-20,9,DEBIT,1849.67,US,315938.63,314088.96,0,0,0,0,0,1,LOW
TXN003974,2024-10-15,7,TRANSFER,3758.21,UK,107211.93,103453.72,0,0,0,0,0,0,LOW
TXN003975,2024-08-13,15,CASH_IN,2703.58,US,1481.26,4184.84,0,0,0,0,0,5,LOW
TXN003976,2024-06-20,8,TRANSFER,1384.16,RU,389338.64,387954.48,0,0,0,1,0,30,LOW
TXN003977,2024-02-08,1,TRANSFER,7102.97,UK,432802.66,425699.69,0,0,0,0,1,23,LOW
TXN003978,2024-01-15,8,PAYMENT,3603.91,RU,112084.78,108480.87,0,0,0,1,0,30,LOW
TXN003979,2024-03-24,2,CASH_OUT,1801.99,NG,495699.27,493897.28,0,1,0,1,1,78,HIGH
TXN003980,2024-11-13,19,PAYMENT,6060.69,RU,29037.13,22976.44,0,0,0,1,0,34,LOW
TXN003981,2024-02-02,13,DEBIT,329.61,UK,74276.01,73946.4,0,0,0,0,0,4,LOW
TXN003982,2024-01-20,7,CASH_IN,3152.19,US,381034.86,384187.05,0,0,0,0,0,4,LOW
TXN003983,2024-08-19,10,PAYMENT,52.39,UK,178263.95,178211.56,0,0,0,0,0,1,LOW
TXN003984,2024-08-04,10,PAYMENT,3869.97,IR,465731.97,461862.0,0,0,0,1,0,32,LOW
TXN003985,2024-02-20,12,PAYMENT,6647.34,NG,40476.37,33829.03,0,0,0,1,0,34,LOW
TXN003986,2024-08-31,16,TRANSFER,6013.02,US,494453.13,488440.11,0,0,0,0,0,2,LOW
TXN003987,2024-07-26,16,CASH_IN,1657.65,US,13013.92,14671.57,0,0,0,0,0,4,LOW
TXN003988,2024-07-16,20,PAYMENT,1841.95,NG,387376.48,385534.53,0,0,0,1,0,31,LOW
TXN003989,2024-11-28,23,TRANSFER,24454.51,US,343323.53,318869.02,0,0,0,0,1,40,MEDIUM
TXN003990,2024-05-20,8,DEBIT,4385.92,UK,85252.93,80867.01,0,0,0,0,0,4,LOW
TXN003991,2024-02-09,13,DEBIT,1704.87,UK,481765.47,480060.6,0,0,0,0,0,0,LOW
TXN003992,2024-10-02,16,PAYMENT,1124.11,UK,369955.68,368831.57,0,0,0,0,0,1,LOW
TXN003993,2024-08-12,18,TRANSFER,1563.05,US,495493.91,493930.86,0,0,0,0,0,4,LOW
TXN003994,2024-09-19,7,TRANSFER,2204.86,MX,245351.09,243146.23,0,0,0,0,0,0,LOW
TXN003995,2024-12-21,15,CASH_IN,4969.67,UK,118153.54,123123.21,0,0,0,0,0,5,LOW
TXN003996,2024-04-02,7,PAYMENT,3340.86,UK,434944.37,431603.51,0,0,0,0,0,4,LOW
TXN003997,2024-06-30,9,DEBIT,1158.65,US,375786.98,374628.33,0,0,0,0,0,1,LOW
TXN003998,2024-05-22,9,CASH_OUT,1639.07,IR,374942.84,373303.77,0,0,0,1,0,34,LOW
TXN003999,2024-06-29,13,CASH_OUT,8603.73,UK,258300.46,249696.73,0,0,0,0,0,0,LOW
TXN004000,2024-08-31,21,CASH_OUT,455.82,US,469547.09,469091.27,0,0,0,0,0,2,LOW
TXN004001,2024-08-26,12,TRANSFER,538.3,US,237950.46,237412.16,0,0,0,0,0,2,LOW
TXN004002,2024-10-26,14,PAYMENT,2427.97,UK,66042.65,63614.68,0,0,0,0,0,1,LOW
TXN004003,2024-03-31,7,PAYMENT,1006.7,IR,379725.14,378718.44,0,0,0,1,0,32,LOW
TXN004004,2024-01-21,8,CASH_OUT,2430.07,UK,77066.72,74636.65,0,0,0,0,0,2,LOW
TXN004005,2024-12-14,11,PAYMENT,1276.09,RU,190138.74,188862.65,0,0,0,1,0,32,LOW
TXN004006,2024-08-10,10,CASH_OUT,11513.73,IR,156404.36,144890.63,0,0,0,1,0,35,LOW
TXN004007,2024-11-24,20,DEBIT,1146.25,MX,483579.55,482433.3,0,0,0,0,0,0,LOW
TXN004008,2024-03-22,20,DEBIT,1158.79,US,406757.58,405598.79,0,0,0,0,0,4,LOW
TXN004009,2024-04-19,17,PAYMENT,1104.58,NG,454781.34,453676.76,0,0,0,1,0,31,LOW
TXN004010,2024-02-11,15,DEBIT,818.44,DE,393673.89,392855.45,0,0,0,0,0,5,LOW
TXN004011,2024-06-07,18,CASH_OUT,282.28,IR,305659.06,305376.78,0,0,0,1,0,32,LOW
TXN004012,2024-01-26,16,TRANSFER,150.52,MX,274121.39,273970.87,0,0,0,0,0,2,LOW
TXN004013,2024-06-13,10,PAYMENT,2235.75,NG,256995.96,254760.21,0,0,0,1,0,30,LOW
TXN004014,2024-06-02,8,CASH_IN,2074.67,RU,44948.58,47023.25,0,0,0,1,0,35,LOW
TXN004015,2024-02-04,14,PAYMENT,128.11,US,234513.65,234385.54,0,0,0,0,0,5,LOW
TXN004016,2024-11-06,10,PAYMENT,3146.17,NG,76499.23,73353.06,0,0,0,1,0,34,LOW
TXN004017,2024-12-01,17,PAYMENT,4364.1,MX,178211.32,173847.22,0,0,0,0,0,0,LOW
TXN004018,2024-06-14,12,TRANSFER,1985.72,NG,81909.0,79923.28,0,0,0,1,0,34,LOW
TXN004019,2024-02-20,8,CASH_OUT,2582.5,RU,200994.51,198412.01,0,0,0,1,0,35,LOW
TXN004020,2024-01-19,9,DEBIT,1035.9,MX,179115.71,178079.81,0,0,0,0,0,3,LOW
TXN004021,2024-07-26,20,CASH_OUT,4686.97,RU,144619.0,139932.03,0,0,0,1,0,30,LOW
TXN004022,2024-01-27,19,TRANSFER,4120.25,UK,93704.48,89584.23,0,0,0,0,0,3,LOW
TXN004023,2024-02-20,7,CASH_OUT,2295.3,UK,188640.28,186344.98,0,0,0,0,0,1,LOW
TXN004024,2024-09-28,12,DEBIT,3762.56,IR,16453.82,12691.26,0,0,0,1,0,33,LOW
TXN004025,2024-11-24,3,TRANSFER,11553.24,IR,435412.16,423858.92,0,0,0,1,1,65,MEDIUM
TXN004026,2024-03-30,8,PAYMENT,1218.82,RU,468398.07,467179.25,0,0,0,1,0,35,LOW
TXN004027,2024-11-17,10,DEBIT,5305.44,UK,434775.97,429470.53,0,0,0,0,0,4,LOW
TXN004028,2024-01-14,16,PAYMENT,905.4,US,464450.7,463545.3,0,0,0,0,0,4,LOW
TXN004029,2024-11-12,17,CASH_OUT,720.87,IR,181771.11,181050.24,0,0,0,1,0,33,LOW
TXN004030,2024-02-18,14,TRANSFER,994.5,UK,261981.25,260986.75,0,0,0,0,0,0,LOW
TXN004031,2024-02-12,11,DEBIT,1105.85,MX,382280.66,381174.81,0,0,0,0,0,2,LOW
TXN004032,2024-02-06,7,CASH_IN,359.72,US,353949.69,354309.41,0,0,0,0,0,0,LOW
TXN004033,2024-09-08,19,CASH_OUT,5775.13,US,310258.23,304483.1,0,0,0,0,0,2,LOW
TXN004034,2024-08-02,15,CASH_IN,9283.95,RU,56348.17,65632.12,0,0,0,1,0,31,LOW
TXN004035,2024-08-27,21,PAYMENT,2769.03,IR,291803.97,289034.94,0,0,0,1,0,32,LOW
TXN004036,2024-10-01,9,DEBIT,5633.09,US,3774.24,0.0,0,0,0,0,0,5,LOW
TXN004037,2024-10-25,12,CASH_IN,1104.77,UK,420168.59,421273.36,0,0,0,0,0,5,LOW
TXN004038,2024-08-19,14,CASH_OUT,6850.64,IR,179440.09,172589.45,0,0,0,1,0,34,LOW
TXN004039,2024-01-04,15,DEBIT,5752.17,US,39871.19,34119.02,0,0,0,0,0,1,LOW
TXN004040,2024-06-03,16,DEBIT,629.31,IR,416448.9,415819.59,0,0,0,1,0,32,LOW
TXN004041,2024-11-26,10,DEBIT,3859.38,NG,263140.65,259281.27,0,0,0,1,0,35,LOW
TXN004042,2024-12-19,21,PAYMENT,3292.78,MX,46101.65,42808.87,0,0,0,0,0,5,LOW
TXN004043,2024-06-28,10,CASH_IN,531.15,US,35358.77,35889.92,0,0,0,0,0,2,LOW
TXN004044,2024-03-14,8,TRANSFER,4602.12,UK,313756.26,309154.14,0,0,0,0,0,5,LOW
TXN004045,2024-06-13,13,CASH_IN,1439.52,MX,321299.44,322738.96,0,0,0,0,0,1,LOW
TXN004046,2024-10-17,11,DEBIT,4299.87,RU,387544.68,383244.81,0,0,0,1,0,33,LOW
TXN004047,2024-12-24,21,CASH_OUT,8457.89,CN,311096.96,302639.07,0,0,0,0,0,5,LOW
TXN004048,2024-01-13,13,CASH_OUT,5350.08,IR,456460.66,451110.58,0,0,0,1,0,34,LOW
TXN004049,2024-10-02,13,CASH_OUT,1561.05,CN,82600.02,81038.97,0,0,0,0,0,4,LOW
TXN004050,2024-06-05,18,DEBIT,510.61,US,162835.61,162325.0,0,0,0,0,0,2,LOW
TXN004051,2024-11-21,9,CASH_OUT,11896.23,CN,402540.14,390643.91,0,0,0,0,0,18,LOW
TXN004052,2024-09-28,18,CASH_OUT,143.82,RU,109163.07,109019.25,0,0,0,1,0,30,LOW
TXN004053,2024-04-19,16,CASH_OUT,5311.58,MX,119585.62,114274.04,0,0,0,0,0,5,LOW
TXN004054,2024-10-16,10,DEBIT,8686.85,US,91467.85,82781.0,0,0,0,0,0,0,LOW
TXN004055,2024-04-07,14,TRANSFER,4430.64,CN,470694.31,466263.67,0,0,0,0,0,0,LOW
TXN004056,2024-07-24,3,CASH_OUT,22650.1,US,422417.35,399767.25,0,1,0,0,1,62,MEDIUM
TXN004057,2024-12-20,19,CASH_IN,786.15,UK,430814.97,431601.12,0,0,0,0,0,4,LOW
TXN004058,2024-11-04,19,PAYMENT,3141.94,RU,236738.17,233596.23,0,0,0,1,0,35,LOW
TXN004059,2024-06-20,4,TRANSFER,27025.23,IR,22213.55,0.0,0,1,0,1,1,94,HIGH
TXN004060,2024-01-03,11,PAYMENT,1448.85,CN,488138.96,486690.11,0,0,0,0,0,0,LOW
TXN004061,2024-07-10,18,PAYMENT,2956.23,CN,5863.02,2906.79,0,0,0,0,0,5,LOW
TXN004062,2024-11-03,20,CASH_IN,441.3,IR,136702.95,137144.25,0,0,0,1,0,32,LOW
TXN004063,2024-03-22,10,DEBIT,215.68,UK,229354.52,229138.84,0,0,0,0,0,2,LOW
TXN004064,2024-01-15,12,DEBIT,138.55,US,16675.62,16537.07,0,0,0,0,0,0,LOW
TXN004065,2024-06-19,15,CASH_IN,1675.39,DE,26673.22,28348.61,0,0,0,0,0,2,LOW
TXN004066,2024-11-03,16,PAYMENT,6033.77,MX,273286.74,267252.97,0,0,0,0,0,1,LOW
TXN004067,2024-08-12,14,DEBIT,7889.41,DE,458920.57,451031.16,0,0,0,0,0,0,LOW
TXN004068,2024-11-12,7,DEBIT,1968.5,US,135909.79,133941.29,0,0,0,0,0,0,LOW
TXN004069,2024-03-20,16,CASH_IN,4294.84,DE,462889.33,467184.17,0,0,0,0,0,1,LOW
TXN004070,2024-10-04,20,PAYMENT,3106.56,US,410606.86,407500.3,0,0,0,0,0,0,LOW
TXN004071,2024-09-16,7,CASH_OUT,1290.96,DE,305826.17,304535.21,0,0,0,0,0,2,LOW
TXN004072,2024-06-22,11,TRANSFER,8529.78,US,26390.56,17860.78,0,0,0,0,0,2,LOW
TXN004073,2024-03-03,3,CASH_OUT,8229.73,NG,269661.5,261431.77,0,1,0,1,1,79,HIGH
TXN004074,2024-10-16,9,CASH_OUT,5188.61,US,4736.05,0.0,0,0,0,0,0,4,LOW
TXN004075,2024-08-23,1,TRANSFER,2060.27,US,301022.95,298962.68,0,0,0,0,1,22,LOW
TXN004076,2024-04-07,15,PAYMENT,2499.53,RU,198329.84,195830.31,0,0,0,1,0,31,LOW
TXN004077,2024-07-31,11,TRANSFER,2711.72,UK,351873.85,349162.13,0,0,0,0,0,2,LOW
TXN004078,2024-07-14,10,TRANSFER,648.62,IR,4462.66,3814.04,0,0,0,1,0,32,LOW
TXN004079,2024-08-26,21,DEBIT,6495.49,NG,474348.88,467853.39,0,0,0,1,0,31,LOW
TXN004080,2024-03-20,21,TRANSFER,5166.36,US,73983.58,68817.22,0,0,0,0,0,3,LOW
TXN004081,2024-11-14,21,PAYMENT,3296.6,US,439672.6,436376.0,0,0,0,0,0,3,LOW
TXN004082,2024-12-21,7,PAYMENT,914.57,US,461439.97,460525.4,0,0,0,0,0,5,LOW
TXN004083,2024-02-02,21,PAYMENT,2297.33,DE,308168.76,305871.43,0,0,0,0,0,3,LOW
TXN004084,2024-08-16,18,CASH_OUT,2401.33,US,462757.77,460356.44,0,0,0,0,0,0,LOW
TXN004085,2024-08-23,17,TRANSFER,2332.65,RU,3582.96,1250.31,0,0,0,1,0,32,LOW
TXN004086,2024-12-16,13,CASH_IN,6907.33,US,467935.89,474843.22,0,0,0,0,0,2,LOW
TXN004087,2024-11-29,13,DEBIT,1103.16,NG,409741.04,408637.88,0,0,0,1,0,32,LOW
TXN004088,2024-11-03,7,DEBIT,811.73,US,270314.96,269503.23,0,0,0,0,0,0,LOW
TXN004089,2024-10-16,11,TRANSFER,5962.49,CN,362509.58,356547.09,0,0,0,0,0,2,LOW
TXN004090,2024-07-21,15,CASH_OUT,10904.87,CN,491916.94,481012.07,0,0,0,0,0,15,LOW
TXN004091,2024-06-07,20,TRANSFER,4236.93,DE,372927.83,368690.9,0,0,0,0,0,1,LOW
TXN004092,2024-10-12,21,DEBIT,5694.52,MX,6382.36,687.84,0,0,0,0,0,2,LOW
TXN004093,2024-04-13,9,CASH_IN,306.7,CN,95034.65,95341.35,0,0,0,0,0,0,LOW
TXN004094,2024-09-04,12,TRANSFER,1893.09,IR,86533.96,84640.87,0,0,0,1,0,35,LOW
TXN004095,2024-08-25,15,PAYMENT,3438.97,RU,67892.12,64453.15,0,0,0,1,0,32,LOW
TXN004096,2024-09-15,13,CASH_OUT,3116.08,DE,24908.68,21792.6,0,0,0,0,0,1,LOW
TXN004097,2024-02-16,8,TRANSFER,1889.65,MX,400596.44,398706.79,0,0,0,0,0,1,LOW
TXN004098,2024-05-18,17,CASH_IN,13942.94,US,248335.02,262277.96,0,0,0,0,0,5,LOW
TXN004099,2024-05-28,7,CASH_IN,0.79,DE,488148.87,488149.66,0,0,0,0,0,2,LOW
TXN004100,2024-07-03,20,DEBIT,384.78,UK,67239.49,66854.71,0,0,0,0,0,5,LOW
TXN004101,2024-03-12,20,TRANSFER,8460.09,DE,154867.5,146407.41,0,0,0,0,0,3,LOW
TXN004102,2024-06-08,9,TRANSFER,1307.95,US,292302.7,290994.75,0,0,0,0,0,4,LOW
TXN004103,2024-09-11,10,DEBIT,6347.47,UK,34234.77,27887.3,0,0,0,0,0,2,LOW
TXN004104,2024-05-24,10,CASH_OUT,1460.93,RU,363381.36,361920.43,0,0,0,1,0,31,LOW
TXN004105,2024-11-14,7,PAYMENT,3504.77,US,279856.92,276352.15,0,0,0,0,0,0,LOW
TXN004106,2024-09-30,7,PAYMENT,1193.22,IR,14078.75,12885.53,0,0,0,1,0,32,LOW
TXN004107,2024-12-13,16,PAYMENT,7270.97,RU,265992.95,258721.98,0,0,0,1,0,31,LOW
TXN004108,2024-04-23,18,CASH_OUT,2744.99,UK,343190.42,340445.43,0,0,0,0,0,5,LOW
TXN004109,2024-07-21,12,DEBIT,89.31,NG,89081.42,88992.11,0,0,0,1,0,34,LOW
TXN004110,2024-02-06,16,PAYMENT,3441.23,US,6641.75,3200.52,0,0,0,0,0,1,LOW
TXN004111,2024-07-12,23,CASH_OUT,38560.09,US,153356.34,114796.25,0,0,0,0,1,35,LOW
TXN004112,2024-02-18,14,TRANSFER,6776.42,US,414942.12,408165.7,0,0,0,0,0,3,LOW
TXN004113,2024-01-30,10,CASH_IN,1787.79,RU,15409.69,17197.48,0,0,0,1,0,30,LOW
TXN004114,2024-04-11,4,CASH_OUT,89459.3,NG,64194.66,0.0,0,1,0,1,1,100,HIGH
TXN004115,2024-10-26,9,CASH_IN,318.52,US,468927.44,469245.96,0,0,0,0,0,5,LOW
TXN004116,2024-09-14,20,PAYMENT,2513.65,CN,105468.99,102955.34,0,0,0,0,0,5,LOW
TXN004117,2024-01-03,13,TRANSFER,257.45,US,431003.57,430746.12,0,0,0,0,0,1,LOW
TXN004118,2024-05-15,21,PAYMENT,1786.25,NG,102871.43,101085.18,0,0,0,1,0,32,LOW
TXN004119,2024-10-11,12,CASH_OUT,8579.39,US,185282.02,176702.63,0,0,0,0,0,1,LOW
TXN004120,2024-05-30,13,PAYMENT,11878.11,US,359999.5,348121.39,0,0,0,0,0,5,LOW
TXN004121,2024-11-29,11,DEBIT,3275.52,UK,426097.15,422821.63,0,0,0,0,0,1,LOW
TXN004122,2024-10-02,19,DEBIT,4267.45,DE,384916.72,380649.27,0,0,0,0,0,3,LOW
TXN004123,2024-09-18,15,DEBIT,668.91,CN,221454.48,220785.57,0,0,0,0,0,3,LOW
TXN004124,2024-05-07,14,TRANSFER,846.11,CN,261908.91,261062.8,0,0,0,0,0,2,LOW
TXN004125,2024-05-06,12,CASH_IN,3521.41,US,182910.19,186431.6,0,0,0,0,0,1,LOW
TXN004126,2024-12-09,14,CASH_IN,997.25,CN,17246.06,18243.31,0,0,0,0,0,4,LOW
TXN004127,2024-04-26,9,PAYMENT,257.79,MX,315206.06,314948.27,0,0,0,0,0,1,LOW
TXN004128,2024-08-17,13,PAYMENT,2749.39,RU,139730.1,136980.71,0,0,0,1,0,31,LOW
TXN004129,2024-04-02,3,TRANSFER,68739.96,US,355269.19,286529.23,0,1,0,0,1,86,HIGH
TXN004130,2024-11-30,11,CASH_OUT,318.63,MX,433941.69,433623.06,0,0,0,0,0,4,LOW
TXN004131,2024-11-11,10,CASH_OUT,4774.06,RU,64922.92,60148.86,0,0,0,1,0,32,LOW
TXN004132,2024-07-12,3,CASH_OUT,1508.98,NG,490046.9,488537.92,0,0,0,1,1,54,MEDIUM
TXN004133,2024-11-08,17,DEBIT,2749.8,CN,237917.01,235167.21,0,0,0,0,0,1,LOW
TXN004134,2024-01-10,11,DEBIT,3288.42,RU,306304.7,303016.28,0,0,0,1,0,34,LOW
TXN004135,2024-04-17,14,DEBIT,2800.15,US,27775.75,24975.6,0,0,0,0,0,2,LOW
TXN004136,2024-07-22,7,PAYMENT,6053.66,US,395322.68,389269.02,0,0,0,0,0,1,LOW
TXN004137,2024-04-03,11,CASH_OUT,2561.01,RU,473564.34,471003.33,0,0,0,1,0,35,LOW
TXN004138,2024-10-15,18,PAYMENT,1698.69,NG,169711.61,168012.92,0,0,0,1,0,35,LOW
TXN004139,2024-11-25,15,TRANSFER,2158.78,US,491200.37,489041.59,0,0,0,0,0,1,LOW
TXN004140,2024-10-18,10,DEBIT,10201.24,RU,308340.6,298139.36,0,0,0,1,0,32,LOW
TXN004141,2024-01-24,8,PAYMENT,3400.06,RU,2027.25,0.0,0,0,0,1,0,32,LOW
TXN004142,2024-03-25,14,TRANSFER,5889.4,US,462418.41,456529.01,0,0,0,0,0,3,LOW
TXN004143,2024-04-08,17,CASH_OUT,817.57,UK,205851.76,205034.19,0,0,0,0,0,1,LOW
TXN004144,2024-10-14,11,TRANSFER,7439.95,DE,492036.87,484596.92,0,0,0,0,0,5,LOW
TXN004145,2024-06-16,14,DEBIT,14207.68,US,429188.17,414980.49,0,0,0,0,0,0,LOW
TXN004146,2024-11-17,15,CASH_OUT,1770.39,DE,347094.47,345324.08,0,0,0,0,0,3,LOW
TXN004147,2024-10-13,16,DEBIT,13893.39,DE,480317.95,466424.56,0,0,0,0,0,0,LOW
TXN004148,2024-11-29,16,TRANSFER,7016.36,MX,335956.0,328939.64,0,0,0,0,0,3,LOW
TXN004149,2024-03-16,17,CASH_IN,777.32,US,238856.78,239634.1,0,0,0,0,0,5,LOW
TXN004150,2024-10-19,14,CASH_OUT,176.85,MX,211317.65,211140.8,0,0,0,0,0,3,LOW
TXN004151,2024-09-11,9,CASH_IN,2756.31,US,398430.7,401187.01,0,0,0,0,0,2,LOW
TXN004152,2024-04-30,10,CASH_OUT,5460.01,UK,163840.57,158380.56,0,0,0,0,0,3,LOW
TXN004153,2024-12-19,20,PAYMENT,2403.46,US,436860.47,434457.01,0,0,0,0,0,4,LOW
TXN004154,2024-02-06,15,DEBIT,1408.72,RU,170421.58,169012.86,0,0,0,1,0,35,LOW
TXN004155,2024-01-19,17,TRANSFER,7433.25,US,56766.27,49333.02,0,0,0,0,0,5,LOW
TXN004156,2024-05-29,15,PAYMENT,10879.95,NG,333361.8,322481.85,0,0,0,1,0,30,LOW
TXN004157,2024-04-04,9,CASH_OUT,8410.29,NG,386751.06,378340.77,0,0,0,1,0,33,LOW
TXN004158,2024-04-23,8,CASH_OUT,1077.82,CN,123212.03,122134.21,0,0,0,0,0,3,LOW
TXN004159,2024-06-08,16,CASH_IN,4906.61,DE,344375.7,349282.31,0,0,0,0,0,0,LOW
TXN004160,2024-12-04,8,PAYMENT,1153.52,US,433237.3,432083.78,0,0,0,0,0,1,LOW
TXN004161,2024-07-05,7,DEBIT,912.95,NG,78349.83,77436.88,0,0,0,1,0,31,LOW
TXN004162,2024-12-14,18,CASH_IN,4561.61,UK,62740.66,67302.27,0,0,0,0,0,1,LOW
TXN004163,2024-07-03,17,PAYMENT,6458.03,US,436729.9,430271.87,0,0,0,0,0,5,LOW
TXN004164,2024-10-01,13,TRANSFER,2858.91,US,495241.04,492382.13,0,0,0,0,0,0,LOW
TXN004165,2024-04-06,7,CASH_IN,1396.84,IR,69913.08,71309.92,0,0,0,1,0,31,LOW
TXN004166,2024-10-11,9,CASH_OUT,137.05,US,77596.09,77459.04,0,0,0,0,0,0,LOW
TXN004167,2024-03-15,14,CASH_OUT,6603.19,US,47585.41,40982.22,0,0,0,0,0,0,LOW
TXN004168,2024-12-05,18,PAYMENT,1112.61,US,448452.6,447339.99,0,0,0,0,0,1,LOW
TXN004169,2024-01-20,10,TRANSFER,11778.58,UK,94985.67,83207.09,0,0,0,0,0,17,LOW
TXN004170,2024-05-08,18,CASH_IN,6438.1,MX,234689.85,241127.95,0,0,0,0,0,4,LOW
TXN004171,2024-01-27,7,DEBIT,1300.29,US,248150.7,246850.41,0,0,0,0,0,3,LOW
TXN004172,2024-07-26,1,TRANSFER,34159.33,RU,160180.93,126021.6,0,1,0,1,1,91,HIGH
TXN004173,2024-02-01,3,CASH_OUT,71058.73,NG,78003.12,6944.39,0,0,0,1,1,92,HIGH
TXN004174,2024-05-14,13,PAYMENT,5540.86,US,116720.3,111179.44,0,0,0,0,0,3,LOW
TXN004175,2024-03-25,8,PAYMENT,2173.69,US,138043.77,135870.08,0,0,0,0,0,5,LOW
TXN004176,2024-08-12,8,PAYMENT,3603.44,IR,115134.35,111530.91,0,0,0,1,0,32,LOW
TXN004177,2024-03-07,8,PAYMENT,722.09,DE,50512.07,49789.98,0,0,0,0,0,5,LOW
TXN004178,2024-07-18,17,TRANSFER,2288.33,US,133291.6,131003.27,0,0,0,0,0,5,LOW
TXN004179,2024-05-08,16,DEBIT,418.07,US,440417.86,439999.79,0,0,0,0,0,5,LOW
TXN004180,2024-08-19,9,CASH_IN,12106.34,MX,146765.4,158871.74,0,0,0,0,0,1,LOW
TXN004181,2024-04-08,14,PAYMENT,1177.22,IR,362586.23,361409.01,0,0,0,1,0,34,LOW
TXN004182,2024-04-28,14,CASH_OUT,492.6,RU,178170.07,177677.47,0,0,0,1,0,30,LOW
TXN004183,2024-06-05,9,PAYMENT,3127.03,DE,421172.76,418045.73,0,0,0,0,0,2,LOW
TXN004184,2024-05-31,14,PAYMENT,3049.52,UK,355295.22,352245.7,0,0,0,0,0,2,LOW
TXN004185,2024-04-09,3,TRANSFER,32120.3,US,331659.51,299539.21,0,1,0,0,1,63,MEDIUM
TXN004186,2024-11-12,8,CASH_IN,4208.4,RU,57664.24,61872.64,0,0,0,1,0,34,LOW
TXN004187,2024-04-27,12,DEBIT,6060.3,UK,134633.91,128573.61,0,0,0,0,0,2,LOW
TXN004188,2024-08-06,10,CASH_IN,7506.99,MX,433305.11,440812.1,0,0,0,0,0,1,LOW
TXN004189,2024-02-08,17,TRANSFER,2032.08,UK,286108.38,284076.3,0,0,0,0,0,5,LOW
TXN004190,2024-09-15,15,CASH_OUT,12833.45,DE,48219.51,35386.06,0,0,0,0,0,15,LOW
TXN004191,2024-02-12,10,DEBIT,103.62,CN,403119.62,403016.0,0,0,0,0,0,3,LOW
TXN004192,2024-02-18,8,CASH_OUT,585.93,NG,280486.62,279900.69,0,0,0,1,0,31,LOW
TXN004193,2024-06-14,9,CASH_IN,4166.39,RU,332065.06,336231.45,0,0,0,1,0,35,LOW
TXN004194,2024-07-14,21,DEBIT,1652.07,UK,224323.71,222671.64,0,0,0,0,0,3,LOW
TXN004195,2024-02-16,18,PAYMENT,4530.63,US,217042.34,212511.71,0,0,0,0,0,0,LOW
TXN004196,2024-07-11,16,TRANSFER,1890.86,US,324547.7,322656.84,0,0,0,0,0,3,LOW
TXN004197,2024-01-18,16,CASH_OUT,157.73,US,362108.17,361950.44,0,0,0,0,0,2,LOW
TXN004198,2024-10-17,19,PAYMENT,621.5,US,281726.01,281104.51,0,0,0,0,0,0,LOW
TXN004199,2024-09-14,7,CASH_IN,1454.15,US,483833.86,485288.01,0,0,0,0,0,1,LOW
TXN004200,2024-03-05,8,DEBIT,1269.97,UK,171364.75,170094.78,0,0,0,0,0,4,LOW
TXN004201,2024-12-03,17,CASH_IN,4120.6,UK,340459.46,344580.06,0,0,0,0,0,1,LOW
TXN004202,2024-05-23,9,PAYMENT,2478.68,US,420385.5,417906.82,0,0,0,0,0,2,LOW
TXN004203,2024-07-26,8,DEBIT,2436.65,UK,10526.19,8089.54,0,0,0,0,0,2,LOW
TXN004204,2024-02-07,4,TRANSFER,25607.11,RU,25323.24,0.0,0,0,0,1,1,68,MEDIUM
TXN004205,2024-06-01,23,TRANSFER,45662.74,NG,32335.69,0.0,0,1,0,1,1,92,HIGH
TXN004206,2024-12-01,14,PAYMENT,922.38,US,472593.72,471671.34,0,0,0,0,0,0,LOW
TXN004207,2024-10-05,13,DEBIT,230.72,US,499625.97,499395.25,0,0,0,0,0,5,LOW
TXN004208,2024-03-23,20,TRANSFER,1427.93,MX,402577.9,401149.97,0,0,0,0,0,5,LOW
TXN004209,2024-10-31,15,CASH_IN,449.2,US,228696.43,229145.63,0,0,0,0,0,5,LOW
TXN004210,2024-12-08,21,TRANSFER,437.5,MX,386842.7,386405.2,0,0,0,0,0,5,LOW
TXN004211,2024-08-02,16,PAYMENT,74.82,MX,480508.28,480433.46,0,0,0,0,0,5,LOW
TXN004212,2024-08-19,14,DEBIT,2408.84,DE,222002.05,219593.21,0,0,0,0,0,3,LOW
TXN004213,2024-10-21,16,DEBIT,569.02,US,469583.21,469014.19,0,0,0,0,0,4,LOW
TXN004214,2024-03-14,10,CASH_IN,10843.36,RU,145706.87,156550.23,0,0,0,1,0,30,LOW
TXN004215,2024-05-07,3,TRANSFER,34179.26,UK,78631.37,44452.11,0,0,0,0,1,38,LOW
TXN004216,2024-05-12,16,PAYMENT,1234.0,UK,93657.51,92423.51,0,0,0,0,0,2,LOW
TXN004217,2024-06-21,13,TRANSFER,1074.15,MX,120765.18,119691.03,0,0,0,0,0,3,LOW
TXN004218,2024-08-23,10,CASH_OUT,2396.16,MX,292527.09,290130.93,0,0,0,0,0,3,LOW
TXN004219,2024-07-16,18,CASH_IN,2075.12,IR,43558.37,45633.49,0,0,0,1,0,30,LOW
TXN004220,2024-12-21,15,DEBIT,4924.7,NG,459588.58,454663.88,0,0,0,1,0,31,LOW
TXN004221,2024-05-10,14,TRANSFER,1725.62,IR,291491.26,289765.64,0,0,0,1,0,31,LOW
TXN004222,2024-09-01,21,TRANSFER,29.36,UK,353965.66,353936.3,0,0,0,0,0,2,LOW
TXN004223,2024-05-17,14,CASH_IN,1860.26,US,313738.05,315598.31,0,0,0,0,0,1,LOW
TXN004224,2024-03-23,10,PAYMENT,527.98,US,217088.1,216560.12,0,0,0,0,0,4,LOW
TXN004225,2024-01-09,11,PAYMENT,671.81,DE,262959.69,262287.88,0,0,0,0,0,5,LOW
TXN004226,2024-01-08,16,CASH_IN,1552.28,UK,67461.87,69014.15,0,0,0,0,0,5,LOW
TXN004227,2024-10-11,19,TRANSFER,4460.05,US,239247.25,234787.2,0,0,0,0,0,1,LOW
TXN004228,2024-10-08,12,CASH_OUT,687.46,NG,472780.73,472093.27,0,0,0,1,0,35,LOW
TXN004229,2024-06-30,3,TRANSFER,34103.61,CN,110792.09,76688.48,0,1,0,0,1,63,MEDIUM
TXN004230,2024-11-03,23,TRANSFER,53890.85,UK,104079.75,50188.9,0,0,0,0,1,63,MEDIUM
TXN004231,2024-11-25,12,DEBIT,2812.1,US,165813.24,163001.14,0,0,0,0,0,1,LOW
TXN004232,2024-02-01,1,TRANSFER,158663.43,UK,292270.07,133606.64,0,1,0,0,1,90,HIGH
TXN004233,2024-03-23,11,TRANSFER,679.19,US,491767.84,491088.65,0,0,0,0,0,5,LOW
TXN004234,2024-06-01,12,DEBIT,3094.54,US,118789.09,115694.55,0,0,0,0,0,5,LOW
TXN004235,2024-10-07,19,TRANSFER,3726.5,NG,364359.35,360632.85,0,0,0,1,0,34,LOW
TXN004236,2024-02-24,10,TRANSFER,3178.46,NG,206861.34,203682.88,0,0,0,1,0,31,LOW
TXN004237,2024-06-15,13,DEBIT,246.62,US,84587.14,84340.52,0,0,0,0,0,4,LOW
TXN004238,2024-01-30,19,PAYMENT,1779.18,NG,37613.08,35833.9,0,0,0,1,0,35,LOW
TXN004239,2024-01-14,8,CASH_IN,161.96,DE,44900.46,45062.42,0,0,0,0,0,4,LOW
TXN004240,2024-08-01,10,DEBIT,264.04,US,197014.66,196750.62,0,0,0,0,0,4,LOW
TXN004241,2024-07-20,17,CASH_OUT,2400.37,US,386948.35,384547.98,0,0,0,0,0,1,LOW
TXN004242,2024-06-10,11,DEBIT,4591.48,US,208903.11,204311.63,0,0,0,0,0,4,LOW
TXN004243,2024-08-30,10,DEBIT,1853.51,RU,499349.23,497495.72,0,0,0,1,0,35,LOW
TXN004244,2024-08-24,9,DEBIT,4563.2,IR,213816.73,209253.53,0,0,0,1,0,33,LOW
TXN004245,2024-06-12,9,DEBIT,4900.35,US,64456.88,59556.53,0,0,0,0,0,4,LOW
TXN004246,2024-03-05,13,PAYMENT,2516.42,CN,480145.01,477628.59,0,0,0,0,0,5,LOW
TXN004247,2024-06-11,17,DEBIT,5984.48,CN,421265.42,415280.94,0,0,0,0,0,2,LOW
TXN004248,2024-02-14,4,CASH_OUT,100765.17,IR,245030.69,144265.52,0,1,0,1,1,100,HIGH
TXN004249,2024-08-08,8,PAYMENT,5679.6,RU,92501.52,86821.92,0,0,0,1,0,33,LOW
TXN004250,2024-04-30,8,CASH_IN,5158.61,UK,336430.56,341589.17,0,0,0,0,0,1,LOW
TXN004251,2024-09-11,10,CASH_IN,451.24,DE,445584.77,446036.01,0,0,0,0,0,1,LOW
TXN004252,2024-07-06,19,TRANSFER,353.73,CN,90272.24,89918.51,0,0,0,0,0,0,LOW
TXN004253,2024-01-15,18,TRANSFER,2995.33,RU,120695.91,117700.58,0,0,0,1,0,34,LOW
TXN004254,2024-05-30,13,TRANSFER,3736.54,IR,303626.19,299889.65,0,0,0,1,0,35,LOW
TXN004255,2024-02-18,18,CASH_OUT,369.72,IR,190921.7,190551.98,0,0,0,1,0,34,LOW
TXN004256,2024-12-22,13,TRANSFER,1013.57,IR,46740.11,45726.54,0,0,0,1,0,30,LOW
TXN004257,2024-12-10,11,CASH_IN,571.33,CN,51316.78,51888.11,0,0,0,0,0,5,LOW
TXN004258,2024-02-02,14,TRANSFER,4679.36,US,412308.85,407629.49,0,0,0,0,0,4,LOW
TXN004259,2024-11-23,17,PAYMENT,1442.38,US,236965.67,235523.29,0,0,0,0,0,4,LOW
TXN004260,2024-01-28,19,DEBIT,863.83,IR,274034.94,273171.11,0,0,0,1,0,31,LOW
TXN004261,2024-11-23,15,CASH_IN,3126.04,DE,142772.97,145899.01,0,0,0,0,0,3,LOW
TXN004262,2024-08-02,20,CASH_IN,5567.91,DE,351825.83,357393.74,0,0,0,0,0,3,LOW
TXN004263,2024-03-13,12,CASH_IN,6876.27,US,309343.9,316220.17,0,0,0,0,0,4,LOW
TXN004264,2024-10-28,8,CASH_IN,165.07,NG,139241.24,139406.31,0,0,0,1,0,34,LOW
TXN004265,2024-11-02,1,TRANSFER,34638.46,IR,286337.15,251698.69,0,1,0,1,1,91,HIGH
TXN004266,2024-10-11,7,CASH_IN,122.63,IR,448129.09,448251.72,0,0,0,1,0,33,LOW
TXN004267,2024-12-17,17,PAYMENT,378.76,UK,459049.98,458671.22,0,0,0,0,0,5,LOW
TXN004268,2024-10-27,9,TRANSFER,3545.79,US,188166.91,184621.12,0,0,0,0,0,1,LOW
TXN004269,2024-09-21,7,PAYMENT,2560.08,CN,474036.48,471476.4,0,0,0,0,0,0,LOW
TXN004270,2024-12-23,16,TRANSFER,2367.11,UK,319541.59,317174.48,0,0,0,0,0,4,LOW
TXN004271,2024-12-07,11,CASH_IN,8878.43,US,370872.59,379751.02,0,0,0,0,0,5,LOW
TXN004272,2024-02-09,8,CASH_IN,7085.17,RU,330574.19,337659.36,0,0,0,1,0,34,LOW
TXN004273,2024-02-02,17,PAYMENT,8696.18,US,125421.2,116725.02,0,0,0,0,0,5,LOW
TXN004274,2024-12-15,13,CASH_OUT,4721.17,US,258722.55,254001.38,0,0,0,0,0,0,LOW
TXN004275,2024-05-28,17,TRANSFER,4497.26,NG,223769.55,219272.29,0,0,0,1,0,35,LOW
TXN004276,2024-09-14,18,TRANSFER,1116.24,IR,305589.11,304472.87,0,0,0,1,0,31,LOW
TXN004277,2024-11-22,18,CASH_IN,2106.57,CN,161258.46,163365.03,0,0,0,0,0,0,LOW
TXN004278,2024-08-04,8,CASH_IN,2641.16,IR,125294.79,127935.95,0,0,0,1,0,31,LOW
TXN004279,2024-12-06,17,DEBIT,1557.81,US,446353.99,444796.18,0,0,0,0,0,3,LOW
TXN004280,2024-10-25,19,DEBIT,3450.05,RU,445511.12,442061.07,0,0,0,1,0,32,LOW
TXN004281,2024-10-05,19,CASH_OUT,15071.69,NG,397443.64,382371.95,0,0,0,1,0,35,LOW
TXN004282,2024-11-09,7,DEBIT,1027.44,US,125316.88,124289.44,0,0,0,0,0,0,LOW
TXN004283,2024-08-06,18,CASH_OUT,10587.69,US,399721.54,389133.85,0,0,0,0,0,20,LOW
TXN004284,2024-11-12,19,DEBIT,4527.61,US,147760.2,143232.59,0,0,0,0,0,1,LOW
TXN004285,2024-03-30,13,DEBIT,2448.62,US,344564.49,342115.87,0,0,0,0,0,5,LOW
TXN004286,2024-09-13,18,DEBIT,3603.13,DE,119564.35,115961.22,0,0,0,0,0,1,LOW
TXN004287,2024-10-05,21,PAYMENT,1938.15,RU,204382.49,202444.34,0,0,0,1,0,31,LOW
TXN004288,2024-06-02,16,DEBIT,2826.81,MX,438419.31,435592.5,0,0,0,0,0,3,LOW
TXN004289,2024-01-01,9,TRANSFER,4138.99,MX,334503.74,330364.75,0,0,0,0,0,0,LOW
TXN004290,2024-11-10,2,TRANSFER,31658.96,MX,102162.6,70503.64,0,0,0,0,1,39,LOW
TXN004291,2024-03-23,18,PAYMENT,8863.57,MX,300749.84,291886.27,0,0,0,0,0,5,LOW
TXN004292,2024-10-22,21,CASH_OUT,2249.64,NG,275766.99,273517.35,0,0,0,1,0,32,LOW
TXN004293,2024-05-08,15,DEBIT,3854.97,MX,89591.79,85736.82,0,0,0,0,0,2,LOW
TXN004294,2024-10-10,18,TRANSFER,459.58,CN,208212.34,207752.76,0,0,0,0,0,3,LOW
TXN004295,2024-07-09,15,CASH_OUT,1466.7,US,109101.86,107635.16,0,0,0,0,0,0,LOW
TXN004296,2024-12-26,8,TRANSFER,1718.5,DE,166710.71,164992.21,0,0,0,0,0,2,LOW
TXN004297,2024-01-25,16,PAYMENT,6349.9,MX,196724.41,190374.51,0,0,0,0,0,5,LOW
TXN004298,2024-04-21,17,PAYMENT,654.1,CN,238708.18,238054.08,0,0,0,0,0,3,LOW
TXN004299,2024-10-01,20,DEBIT,13.04,CN,143635.02,143621.98,0,0,0,0,0,2,LOW
TXN004300,2024-06-20,19,CASH_IN,2799.22,DE,493923.59,496722.81,0,0,0,0,0,2,LOW
TXN004301,2024-01-16,13,DEBIT,6922.26,MX,155537.29,148615.03,0,0,0,0,0,1,LOW
TXN004302,2024-11-21,18,PAYMENT,2430.24,MX,131660.53,129230.29,0,0,0,0,0,1,LOW
TXN004303,2024-10-16,8,PAYMENT,1313.56,NG,101654.42,100340.86,0,0,0,1,0,33,LOW
TXN004304,2024-04-13,19,CASH_IN,870.11,US,417174.63,418044.74,0,0,0,0,0,5,LOW
TXN004305,2024-05-08,9,CASH_OUT,89.87,RU,26184.68,26094.81,0,0,0,1,0,33,LOW
TXN004306,2024-01-31,20,CASH_OUT,1431.1,UK,236926.09,235494.99,0,0,0,0,0,1,LOW
TXN004307,2024-06-20,9,PAYMENT,1599.38,US,171703.2,170103.82,0,0,0,0,0,5,LOW
TXN004308,2024-10-17,9,CASH_OUT,254.4,NG,260999.3,260744.9,0,0,0,1,0,33,LOW
TXN004309,2024-04-05,20,DEBIT,7670.91,CN,278844.57,271173.66,0,0,0,0,0,3,LOW
TXN004310,2024-12-23,11,TRANSFER,262.34,US,191055.22,190792.88,0,0,0,0,0,2,LOW
TXN004311,2024-04-13,10,CASH_OUT,464.83,NG,151534.46,151069.63,0,0,0,1,0,33,LOW
TXN004312,2024-10-04,12,DEBIT,712.66,UK,212982.01,212269.35,0,0,0,0,0,2,LOW
TXN004313,2024-01-17,8,CASH_OUT,9925.66,RU,52529.14,42603.48,0,0,0,1,0,33,LOW
TXN004314,2024-04-11,16,CASH_IN,3681.63,UK,404491.46,408173.09,0,0,0,0,0,0,LOW
TXN004315,2024-08-10,11,DEBIT,1122.71,MX,441055.98,439933.27,0,0,0,0,0,2,LOW
TXN004316,2024-11-30,8,PAYMENT,883.51,IR,471653.44,470769.93,0,0,0,1,0,31,LOW
TXN004317,2024-08-31,21,CASH_OUT,386.13,US,176879.73,176493.6,0,0,0,0,0,0,LOW
TXN004318,2024-02-26,21,CASH_IN,4260.14,US,215636.94,219897.08,0,0,0,0,0,2,LOW
TXN004319,2024-02-08,19,TRANSFER,4912.02,IR,94180.44,89268.42,0,0,0,1,0,32,LOW
TXN004320,2024-07-25,12,CASH_OUT,5362.9,US,250712.48,245349.58,0,0,0,0,0,4,LOW
TXN004321,2024-07-26,18,CASH_IN,999.35,RU,375840.47,376839.82,0,0,0,1,0,34,LOW
TXN004322,2024-02-16,21,PAYMENT,1812.13,MX,119114.62,117302.49,0,0,0,0,0,0,LOW
TXN004323,2024-02-27,9,DEBIT,1589.97,IR,98760.12,97170.15,0,0,0,1,0,32,LOW
TXN004324,2024-12-04,12,CASH_OUT,1099.15,UK,24594.06,23494.91,0,0,0,0,0,2,LOW
TXN004325,2024-09-08,18,CASH_OUT,7990.79,UK,381861.34,373870.55,0,0,0,0,0,1,LOW
TXN004326,2024-04-01,7,TRANSFER,1423.76,UK,151494.15,150070.39,0,0,0,0,0,3,LOW
TXN004327,2024-01-06,21,CASH_OUT,8396.92,UK,164820.31,156423.39,0,0,0,0,0,5,LOW
TXN004328,2024-09-21,8,DEBIT,570.76,IR,63475.96,62905.2,0,0,0,1,0,32,LOW
TXN004329,2024-06-24,20,TRANSFER,3369.35,US,324020.16,320650.81,0,0,0,0,0,5,LOW
TXN004330,2024-03-13,7,CASH_IN,2652.23,NG,164334.13,166986.36,0,0,0,1,0,32,LOW
TXN004331,2024-08-25,9,TRANSFER,3071.64,NG,217645.91,214574.27,0,0,0,1,0,32,LOW
TXN004332,2024-08-02,1,TRANSFER,5517.88,US,227432.82,221914.94,0,0,0,0,1,22,LOW
TXN004333,2024-03-12,13,PAYMENT,2545.17,DE,58510.41,55965.24,0,0,0,0,0,4,LOW
TXN004334,2024-03-21,13,PAYMENT,1051.87,NG,177402.57,176350.7,0,0,0,1,0,32,LOW
TXN004335,2024-04-23,7,TRANSFER,2695.9,US,65444.55,62748.65,0,0,0,0,0,3,LOW
TXN004336,2024-11-26,8,CASH_IN,392.8,CN,417081.18,417473.98,0,0,0,0,0,2,LOW
TXN004337,2024-10-19,16,CASH_IN,799.61,IR,16875.68,17675.29,0,0,0,1,0,30,LOW
TXN004338,2024-09-08,15,CASH_IN,1398.43,MX,174855.43,176253.86,0,0,0,0,0,3,LOW
TXN004339,2024-10-27,12,PAYMENT,185.74,MX,170163.38,169977.64,0,0,0,0,0,2,LOW
TXN004340,2024-05-22,14,TRANSFER,3101.85,US,499595.34,496493.49,0,0,0,0,0,1,LOW
TXN004341,2024-08-01,15,CASH_IN,614.34,NG,459532.54,460146.88,0,0,0,1,0,35,LOW
TXN004342,2024-05-06,10,DEBIT,1998.34,MX,221186.7,219188.36,0,0,0,0,0,3,LOW
TXN004343,2024-04-28,19,DEBIT,291.77,IR,271910.48,271618.71,0,0,0,1,0,30,LOW
TXN004344,2024-03-19,9,DEBIT,6653.48,DE,51671.37,45017.89,0,0,0,0,0,2,LOW
TXN004345,2024-02-02,20,CASH_IN,737.25,IR,264224.65,264961.9,0,0,0,1,0,32,LOW
TXN004346,2024-08-17,10,PAYMENT,3424.97,US,303302.3,299877.33,0,0,0,0,0,3,LOW
TXN004347,2024-10-21,9,DEBIT,102.22,RU,191916.61,191814.39,0,0,0,1,0,31,LOW
TXN004348,2024-11-23,15,DEBIT,933.94,US,394018.12,393084.18,0,0,0,0,0,4,LOW
TXN004349,2024-02-02,7,CASH_OUT,923.64,CN,168933.6,168009.96,0,0,0,0,0,0,LOW
TXN004350,2024-04-18,13,TRANSFER,1283.98,US,401055.93,399771.95,0,0,0,0,0,5,LOW
TXN004351,2024-04-10,13,DEBIT,629.14,NG,356962.31,356333.17,0,0,0,1,0,34,LOW
TXN004352,2024-05-14,16,CASH_OUT,8514.76,UK,141084.79,132570.03,0,0,0,0,0,0,LOW
TXN004353,2024-08-14,8,CASH_IN,4328.6,RU,79050.02,83378.62,0,0,0,1,0,33,LOW
TXN004354,2024-06-03,20,PAYMENT,13906.07,MX,108148.33,94242.26,0,0,0,0,0,2,LOW
TXN004355,2024-01-03,4,CASH_OUT,26103.76,US,273368.33,247264.57,0,1,0,0,1,62,MEDIUM
TXN004356,2024-08-29,8,DEBIT,7425.5,UK,67228.94,59803.44,0,0,0,0,0,5,LOW
TXN004357,2024-12-17,17,PAYMENT,500.65,NG,2493.11,1992.46,0,0,0,1,0,34,LOW
TXN004358,2024-06-21,17,CASH_IN,13032.45,US,438208.75,451241.2,0,0,0,0,0,4,LOW
TXN004359,2024-04-04,13,TRANSFER,2314.94,NG,479234.72,476919.78,0,0,0,1,0,33,LOW
TXN004360,2024-07-29,8,CASH_OUT,1714.71,US,27555.74,25841.03,0,0,0,0,0,1,LOW
TXN004361,2024-07-13,17,CASH_OUT,331.7,DE,315686.09,315354.39,0,0,0,0,0,0,LOW
TXN004362,2024-11-08,17,PAYMENT,9878.42,MX,86901.38,77022.96,0,0,0,0,0,2,LOW
TXN004363,2024-11-28,10,TRANSFER,3195.3,CN,350692.35,347497.05,0,0,0,0,0,3,LOW
TXN004364,2024-05-13,23,CASH_OUT,59216.99,NG,460855.09,401638.1,0,1,0,1,1,100,HIGH
TXN004365,2024-05-03,13,PAYMENT,32.5,NG,316404.95,316372.45,0,0,0,1,0,35,LOW
TXN004366,2024-11-11,1,TRANSFER,551.46,CN,414522.17,413970.71,0,0,0,0,1,20,LOW
TXN004367,2024-07-04,12,CASH_OUT,162.27,NG,191488.92,191326.65,0,0,0,1,0,34,LOW
TXN004368,2024-07-16,13,TRANSFER,2247.08,US,205623.94,203376.86,0,0,0,0,0,2,LOW
TXN004369,2024-07-21,13,PAYMENT,6926.32,MX,411078.97,404152.65,0,0,0,0,0,0,LOW
TXN004370,2024-09-24,9,CASH_OUT,1890.96,DE,482740.32,480849.36,0,0,0,0,0,2,LOW
TXN004371,2024-04-18,7,DEBIT,50.47,US,151038.77,150988.3,0,0,0,0,0,0,LOW
TXN004372,2024-10-16,17,TRANSFER,84.61,RU,304089.9,304005.29,0,0,0,1,0,33,LOW
TXN004373,2024-07-30,14,DEBIT,1120.78,MX,134196.55,133075.77,0,0,0,0,0,0,LOW
TXN004374,2024-03-31,21,PAYMENT,752.4,IR,216529.49,215777.09,0,0,0,1,0,34,LOW
TXN004375,2024-12-01,12,DEBIT,1054.61,US,143494.42,142439.81,0,0,0,0,0,5,LOW
TXN004376,2024-11-08,17,PAYMENT,4860.65,RU,59493.63,54632.98,0,0,0,1,0,30,LOW
TXN004377,2024-07-27,4,TRANSFER,3307.88,US,365586.13,362278.25,0,0,0,0,1,24,LOW
TXN004378,2024-02-15,8,CASH_OUT,1484.27,DE,258246.87,256762.6,0,0,0,0,0,1,LOW
TXN004379,2024-08-11,11,DEBIT,9292.33,US,242872.43,233580.1,0,0,0,0,0,3,LOW
TXN004380,2024-08-23,10,DEBIT,1553.62,US,174894.25,173340.63,0,0,0,0,0,1,LOW
TXN004381,2024-11-19,11,PAYMENT,3515.86,NG,343024.21,339508.35,0,0,0,1,0,32,LOW
TXN004382,2024-09-10,10,TRANSFER,1421.08,RU,48454.07,47032.99,0,0,0,1,0,33,LOW
TXN004383,2024-09-25,14,PAYMENT,7197.94,NG,214350.74,207152.8,0,0,0,1,0,33,LOW
TXN004384,2024-10-08,19,CASH_OUT,203.09,NG,13555.36,13352.27,0,0,0,1,0,35,LOW
TXN004385,2024-11-07,15,PAYMENT,2527.1,NG,99535.66,97008.56,0,0,0,1,0,32,LOW
TXN004386,2024-01-17,18,PAYMENT,4279.56,MX,165191.3,160911.74,0,0,0,0,0,1,LOW
TXN004387,2024-07-02,16,CASH_OUT,9773.02,CN,362107.1,352334.08,0,0,0,0,0,0,LOW
TXN004388,2024-07-02,16,TRANSFER,806.85,UK,227205.01,226398.16,0,0,0,0,0,5,LOW
TXN004389,2024-02-07,9,TRANSFER,2534.01,DE,275661.39,273127.38,0,0,0,0,0,1,LOW
TXN004390,2024-12-09,16,PAYMENT,1021.04,US,45752.86,44731.82,0,0,0,0,0,5,LOW
TXN004391,2024-10-05,16,CASH_OUT,12495.14,CN,214632.49,202137.35,0,0,0,0,0,18,LOW
TXN004392,2024-10-08,9,PAYMENT,4920.28,UK,254378.51,249458.23,0,0,0,0,0,3,LOW
TXN004393,2024-06-08,15,CASH_IN,26.93,RU,199669.91,199696.84,0,0,0,1,0,30,LOW
TXN004394,2024-05-13,7,TRANSFER,79.66,IR,178547.28,178467.62,0,0,0,1,0,34,LOW
TXN004395,2024-02-29,8,DEBIT,7207.72,MX,150124.64,142916.92,0,0,0,0,0,4,LOW
TXN004396,2024-02-29,3,TRANSFER,45142.48,US,190589.33,145446.85,0,1,0,0,1,63,MEDIUM
TXN004397,2024-02-19,8,DEBIT,1426.78,DE,167709.35,166282.57,0,0,0,0,0,2,LOW
TXN004398,2024-11-18,19,TRANSFER,2845.42,DE,361703.5,358858.08,0,0,0,0,0,4,LOW
TXN004399,2024-04-17,11,CASH_IN,3621.97,NG,259068.44,262690.41,0,0,0,1,0,34,LOW
TXN004400,2024-03-13,18,PAYMENT,1227.54,IR,284583.52,283355.98,0,0,0,1,0,32,LOW
TXN004401,2024-09-22,15,PAYMENT,994.53,US,279040.91,278046.38,0,0,0,0,0,5,LOW
TXN004402,2024-03-19,13,TRANSFER,5028.65,US,342485.56,337456.91,0,0,0,0,0,0,LOW
TXN004403,2024-02-15,19,CASH_IN,3646.71,UK,171310.08,174956.79,0,0,0,0,0,5,LOW
TXN004404,2024-02-16,7,TRANSFER,6124.83,UK,389812.29,383687.46,0,0,0,0,0,3,LOW
TXN004405,2024-11-22,20,CASH_OUT,11247.83,CN,436686.49,425438.66,0,0,0,0,0,15,LOW
TXN004406,2024-08-11,15,CASH_IN,3717.57,US,190843.51,194561.08,0,0,0,0,0,5,LOW
TXN004407,2024-08-24,18,TRANSFER,3485.9,UK,366565.52,363079.62,0,0,0,0,0,3,LOW
TXN004408,2024-04-07,11,TRANSFER,998.9,US,23659.46,22660.56,0,0,0,0,0,3,LOW
TXN004409,2024-05-07,9,CASH_IN,876.47,US,211745.0,212621.47,0,0,0,0,0,4,LOW
TXN004410,2024-05-04,20,CASH_OUT,1335.74,US,443593.29,442257.55,0,0,0,0,0,4,LOW
TXN004411,2024-12-17,13,DEBIT,5164.06,UK,177040.38,171876.32,0,0,0,0,0,5,LOW
TXN004412,2024-10-12,11,CASH_IN,10517.35,CN,80632.89,91150.24,0,0,0,0,0,4,LOW
TXN004413,2024-10-02,3,CASH_OUT,60444.2,RU,381282.55,320838.35,0,0,0,1,1,93,HIGH
TXN004414,2024-02-11,21,TRANSFER,751.98,UK,16277.31,15525.33,0,0,0,0,0,0,LOW
TXN004415,2024-02-26,9,DEBIT,8144.54,US,459768.92,451624.38,0,0,0,0,0,0,LOW
TXN004416,2024-03-10,12,CASH_OUT,350.92,UK,224007.49,223656.57,0,0,0,0,0,1,LOW
TXN004417,2024-11-07,9,DEBIT,3457.9,UK,348937.48,345479.58,0,0,0,0,0,0,LOW
TXN004418,2024-04-01,15,PAYMENT,634.28,CN,199045.82,198411.54,0,0,0,0,0,5,LOW
TXN004419,2024-12-10,21,CASH_OUT,3068.55,US,467622.92,464554.37,0,0,0,0,0,3,LOW
TXN004420,2024-03-18,14,CASH_OUT,5772.84,US,116828.94,111056.1,0,0,0,0,0,3,LOW
TXN004421,2024-02-02,7,PAYMENT,1268.9,NG,321908.63,320639.73,0,0,0,1,0,33,LOW
TXN004422,2024-06-08,21,DEBIT,1165.83,US,138800.39,137634.56,0,0,0,0,0,0,LOW
TXN004423,2024-01-17,14,DEBIT,2443.89,IR,308574.55,306130.66,0,0,0,1,0,30,LOW
TXN004424,2024-04-13,15,TRANSFER,3200.92,DE,37620.86,34419.94,0,0,0,0,0,5,LOW
TXN004425,2024-12-15,10,DEBIT,335.3,UK,347834.11,347498.81,0,0,0,0,0,0,LOW
TXN004426,2024-10-02,17,DEBIT,3157.77,DE,39390.22,36232.45,0,0,0,0,0,5,LOW
TXN004427,2024-02-26,13,DEBIT,524.85,UK,461742.09,461217.24,0,0,0,0,0,5,LOW
TXN004428,2024-03-21,11,DEBIT,1740.44,RU,15200.49,13460.05,0,0,0,1,0,35,LOW
TXN004429,2024-01-12,20,DEBIT,130.91,UK,33290.19,33159.28,0,0,0,0,0,1,LOW
TXN004430,2024-01-23,10,DEBIT,320.17,RU,113171.49,112851.32,0,0,0,1,0,35,LOW
TXN004431,2024-04-09,3,CASH_OUT,6471.11,MX,189571.47,183100.36,0,0,0,0,1,24,LOW
TXN004432,2024-08-22,13,PAYMENT,1475.47,MX,343550.33,342074.86,0,0,0,0,0,0,LOW
TXN004433,2024-12-06,18,CASH_IN,6653.35,US,495407.12,502060.47,0,0,0,0,0,5,LOW
TXN004434,2024-08-17,14,CASH_OUT,1008.02,IR,307712.59,306704.57,0,0,0,1,0,30,LOW
TXN004435,2024-09-03,14,CASH_OUT,7838.96,RU,199877.96,192039.0,0,0,0,1,0,30,LOW
TXN004436,2024-01-05,19,CASH_OUT,846.98,MX,88385.98,87539.0,0,0,0,0,0,3,LOW
TXN004437,2024-07-19,16,TRANSFER,1043.96,IR,425393.41,424349.45,0,0,0,1,0,34,LOW
TXN004438,2024-09-29,21,CASH_IN,5047.89,US,251714.27,256762.16,0,0,0,0,0,0,LOW
TXN004439,2024-05-19,19,PAYMENT,1329.81,UK,490743.07,489413.26,0,0,0,0,0,4,LOW
TXN004440,2024-06-27,20,DEBIT,497.37,CN,370847.33,370349.96,0,0,0,0,0,0,LOW
TXN004441,2024-07-07,11,CASH_IN,5737.68,US,61198.03,66935.71,0,0,0,0,0,1,LOW
TXN004442,2024-05-04,10,TRANSFER,2390.0,DE,8321.48,5931.48,0,0,0,0,0,4,LOW
TXN004443,2024-07-11,16,DEBIT,3179.58,RU,434803.04,431623.46,0,0,0,1,0,35,LOW
TXN004444,2024-03-01,12,TRANSFER,10687.88,UK,154072.91,143385.03,0,0,0,0,0,18,LOW
TXN004445,2024-12-07,19,CASH_OUT,501.59,US,75765.55,75263.96,0,0,0,0,0,1,LOW
TXN004446,2024-02-20,21,CASH_OUT,3085.47,NG,191738.38,188652.91,0,0,0,1,0,35,LOW
TXN004447,2024-12-20,16,PAYMENT,225.49,US,364845.43,364619.94,0,0,0,0,0,5,LOW
TXN004448,2024-06-09,15,PAYMENT,1488.12,IR,355965.99,354477.87,0,0,0,1,0,34,LOW
TXN004449,2024-03-14,13,TRANSFER,6171.72,CN,437831.52,431659.8,0,0,0,0,0,5,LOW
TXN004450,2024-05-22,19,PAYMENT,7899.84,RU,231256.37,223356.53,0,0,0,1,0,33,LOW
TXN004451,2024-11-06,9,CASH_IN,4291.81,IR,160068.0,164359.81,0,0,0,1,0,35,LOW
TXN004452,2024-08-28,12,CASH_IN,409.57,IR,477838.65,478248.22,0,0,0,1,0,32,LOW
TXN004453,2024-07-08,2,CASH_OUT,17949.0,UK,308206.78,290257.78,0,1,0,0,1,60,MEDIUM
TXN004454,2024-09-04,9,CASH_OUT,930.25,NG,428918.27,427988.02,0,0,0,1,0,35,LOW
TXN004455,2024-03-17,8,TRANSFER,9632.68,US,342653.35,333020.67,0,0,0,0,0,3,LOW
TXN004456,2024-02-20,16,CASH_OUT,1934.25,US,181969.83,180035.58,0,0,0,0,0,1,LOW
TXN004457,2024-04-08,9,PAYMENT,118.99,MX,390500.58,390381.59,0,0,0,0,0,5,LOW
TXN004458,2024-05-09,21,CASH_OUT,7179.05,RU,108481.35,101302.3,0,0,0,1,0,30,LOW
TXN004459,2024-06-02,14,CASH_IN,1353.49,US,101999.62,103353.11,0,0,0,0,0,1,LOW
TXN004460,2024-12-28,11,PAYMENT,822.9,NG,464489.5,463666.6,0,0,0,1,0,35,LOW
TXN004461,2024-08-03,13,DEBIT,2268.5,MX,355778.06,353509.56,0,0,0,0,0,2,LOW
TXN004462,2024-10-24,2,TRANSFER,894.58,UK,10532.76,9638.18,0,1,0,0,1,47,MEDIUM
TXN004463,2024-04-03,9,CASH_IN,298.41,DE,234935.39,235233.8,0,0,0,0,0,1,LOW
TXN004464,2024-05-03,4,CASH_OUT,10495.12,NG,220774.15,210279.03,0,0,0,1,1,66,MEDIUM
TXN004465,2024-10-19,18,PAYMENT,441.47,RU,271439.24,270997.77,0,0,0,1,0,35,LOW
TXN004466,2024-10-29,13,CASH_IN,5329.66,CN,339743.79,345073.45,0,0,0,0,0,1,LOW
TXN004467,2024-06-16,7,TRANSFER,4640.75,US,276332.3,271691.55,0,0,0,0,0,2,LOW
TXN004468,2024-08-18,19,CASH_IN,197.11,US,228748.2,228945.31,0,0,0,0,0,4,LOW
TXN004469,2024-03-18,10,CASH_IN,1508.41,UK,170958.9,172467.31,0,0,0,0,0,3,LOW
TXN004470,2024-04-21,14,CASH_OUT,5030.78,US,462904.91,457874.13,0,0,0,0,0,5,LOW
TXN004471,2024-06-03,12,CASH_IN,2009.74,RU,362702.79,364712.53,0,0,0,1,0,31,LOW
TXN004472,2024-02-28,15,DEBIT,6942.78,US,308104.26,301161.48,0,0,0,0,0,0,LOW
TXN004473,2024-02-16,18,TRANSFER,1176.99,US,7948.52,6771.53,0,0,0,0,0,1,LOW
TXN004474,2024-08-20,11,DEBIT,1539.97,US,399380.32,397840.35,0,0,0,0,0,5,LOW
TXN004475,2024-08-29,7,CASH_OUT,7315.19,US,88868.78,81553.59,0,0,0,0,0,1,LOW
TXN004476,2024-12-09,13,CASH_OUT,12985.69,NG,466024.59,453038.9,0,0,0,1,0,35,LOW
TXN004477,2024-01-25,21,TRANSFER,2533.83,CN,108446.89,105913.06,0,0,0,0,0,4,LOW
TXN004478,2024-01-16,20,PAYMENT,2332.38,UK,128902.82,126570.44,0,0,0,0,0,5,LOW
TXN004479,2024-03-16,19,CASH_OUT,760.25,UK,394343.01,393582.76,0,0,0,0,0,4,LOW
TXN004480,2024-02-25,9,PAYMENT,10301.45,US,353161.24,342859.79,0,0,0,0,0,1,LOW
TXN004481,2024-11-18,9,CASH_IN,4157.71,US,59117.87,63275.58,0,0,0,0,0,1,LOW
TXN004482,2024-12-22,9,CASH_OUT,1769.99,DE,185026.68,183256.69,0,0,0,0,0,1,LOW
TXN004483,2024-04-28,16,PAYMENT,1706.36,US,37349.07,35642.71,0,0,0,0,0,3,LOW
TXN004484,2024-07-02,4,CASH_OUT,39034.08,IR,323776.42,284742.34,0,1,0,1,1,92,HIGH
TXN004485,2024-05-17,11,CASH_OUT,2326.57,US,253792.95,251466.38,0,0,0,0,0,3,LOW
TXN004486,2024-12-17,2,CASH_OUT,51844.13,US,277990.91,226146.78,0,0,0,0,1,60,MEDIUM
TXN004487,2024-02-28,4,CASH_OUT,28085.82,RU,36438.49,8352.67,0,1,0,1,1,90,HIGH
TXN004488,2024-10-27,3,TRANSFER,3961.54,NG,87787.34,83825.8,0,0,0,1,1,54,MEDIUM
TXN004489,2024-12-30,17,CASH_IN,4103.6,UK,250574.38,254677.98,0,0,0,0,0,3,LOW
TXN004490,2024-05-08,13,PAYMENT,5265.85,US,438288.51,433022.66,0,0,0,0,0,3,LOW
TXN004491,2024-12-23,21,PAYMENT,3388.71,MX,490698.22,487309.51,0,0,0,0,0,3,LOW
TXN004492,2024-12-30,9,CASH_OUT,3018.61,US,143592.32,140573.71,0,0,0,0,0,3,LOW
TXN004493,2024-07-28,16,CASH_IN,328.94,US,332955.53,333284.47,0,0,0,0,0,3,LOW
TXN004494,2024-08-22,3,CASH_OUT,94153.9,MX,166266.66,72112.76,0,0,0,0,1,62,MEDIUM
TXN004495,2024-03-18,12,CASH_OUT,5752.43,US,170851.39,165098.96,0,0,0,0,0,5,LOW
TXN004496,2024-10-28,17,PAYMENT,7021.85,US,407245.67,400223.82,0,0,0,0,0,3,LOW
TXN004497,2024-12-03,7,CASH_OUT,642.13,US,256788.25,256146.12,0,0,0,0,0,0,LOW
TXN004498,2024-11-30,11,DEBIT,3745.4,UK,183776.87,180031.47,0,0,0,0,0,5,LOW
TXN004499,2024-08-03,9,TRANSFER,4811.36,US,484087.97,479276.61,0,0,0,0,0,3,LOW
TXN004500,2024-04-27,17,DEBIT,6859.26,CN,240629.1,233769.84,0,0,0,0,0,5,LOW
TXN004501,2024-06-20,21,DEBIT,613.4,CN,231288.79,230675.39,0,0,0,0,0,3,LOW
TXN004502,2024-01-11,1,CASH_OUT,56811.5,NG,35710.96,0.0,0,1,0,1,1,100,HIGH
TXN004503,2024-10-30,8,CASH_IN,6337.01,MX,391404.09,397741.1,0,0,0,0,0,3,LOW
TXN004504,2024-12-10,1,CASH_OUT,40041.57,UK,482813.47,442771.9,0,0,0,0,1,35,LOW
TXN004505,2024-05-13,21,DEBIT,2187.18,CN,82046.94,79859.76,0,0,0,0,0,0,LOW
TXN004506,2024-02-11,13,TRANSFER,3523.5,UK,149238.57,145715.07,0,0,0,0,0,5,LOW
TXN004507,2024-07-30,17,PAYMENT,2707.99,US,253020.62,250312.63,0,0,0,0,0,2,LOW
TXN004508,2024-10-04,4,CASH_OUT,70159.26,RU,449841.66,379682.4,0,1,0,1,1,100,HIGH
TXN004509,2024-04-11,12,TRANSFER,3665.2,UK,79054.43,75389.23,0,0,0,0,0,3,LOW
TXN004510,2024-11-08,11,CASH_OUT,1087.27,NG,330496.21,329408.94,0,0,0,1,0,35,LOW
TXN004511,2024-01-20,18,TRANSFER,6449.7,US,294707.52,288257.82,0,0,0,0,0,4,LOW
TXN004512,2024-11-19,13,CASH_IN,202.53,NG,262300.3,262502.83,0,0,0,1,0,33,LOW
TXN004513,2024-02-12,20,DEBIT,4319.31,US,170891.51,166572.2,0,0,0,0,0,4,LOW
TXN004514,2024-02-19,12,TRANSFER,1063.51,US,166613.07,165549.56,0,0,0,0,0,4,LOW
TXN004515,2024-03-18,20,TRANSFER,4585.9,US,47271.17,42685.27,0,0,0,0,0,1,LOW
TXN004516,2024-07-07,21,PAYMENT,2151.05,IR,227402.35,225251.3,0,0,0,1,0,33,LOW
TXN004517,2024-05-07,7,CASH_IN,7192.66,US,197253.79,204446.45,0,0,0,0,0,5,LOW
TXN004518,2024-09-03,17,PAYMENT,6288.24,DE,17509.85,11221.61,0,0,0,0,0,3,LOW
TXN004519,2024-09-30,3,TRANSFER,50128.38,DE,229868.29,179739.91,0,1,0,0,1,86,HIGH
TXN004520,2024-09-21,16,CASH_OUT,1881.21,MX,249428.94,247547.73,0,0,0,0,0,5,LOW
TXN004521,2024-02-14,11,PAYMENT,5661.9,UK,264617.57,258955.67,0,0,0,0,0,2,LOW
TXN004522,2024-03-05,19,DEBIT,1444.16,US,58502.89,57058.73,0,0,0,0,0,2,LOW
TXN004523,2024-03-03,17,CASH_IN,1334.01,UK,205463.24,206797.25,0,0,0,0,0,5,LOW
TXN004524,2024-04-06,19,PAYMENT,584.9,US,53475.04,52890.14,0,0,0,0,0,1,LOW
TXN004525,2024-12-19,11,PAYMENT,7141.44,UK,72125.32,64983.88,0,0,0,0,0,2,LOW
TXN004526,2024-01-26,12,DEBIT,282.9,MX,444594.05,444311.15,0,0,0,0,0,5,LOW
TXN004527,2024-09-13,18,CASH_OUT,3847.04,CN,259421.58,255574.54,0,0,0,0,0,2,LOW
TXN004528,2024-09-15,9,DEBIT,3888.09,NG,52919.67,49031.58,0,0,0,1,0,31,LOW
TXN004529,2024-11-21,10,DEBIT,1726.62,NG,73043.15,71316.53,0,0,0,1,0,33,LOW
TXN004530,2024-06-02,18,CASH_IN,914.41,CN,89897.95,90812.36,0,0,0,0,0,5,LOW
TXN004531,2024-03-14,17,CASH_IN,1635.56,UK,149098.45,150734.01,0,0,0,0,0,5,LOW
TXN004532,2024-07-12,9,CASH_IN,1054.99,US,165143.02,166198.01,0,0,0,0,0,5,LOW
TXN004533,2024-05-15,10,DEBIT,5666.69,CN,347363.93,341697.24,0,0,0,0,0,1,LOW
TXN004534,2024-10-16,18,TRANSFER,648.38,RU,187866.6,187218.22,0,0,0,1,0,32,LOW
TXN004535,2024-05-05,11,TRANSFER,1628.71,CN,427783.79,426155.08,0,0,0,0,0,5,LOW
TXN004536,2024-08-07,15,TRANSFER,9912.94,US,246374.97,236462.03,0,0,0,0,0,0,LOW
TXN004537,2024-03-16,8,PAYMENT,1545.02,UK,277551.54,276006.52,0,0,0,0,0,1,LOW
TXN004538,2024-10-29,7,DEBIT,577.26,US,96907.58,96330.32,0,0,0,0,0,2,LOW
TXN004539,2024-05-19,15,PAYMENT,947.88,CN,415253.26,414305.38,0,0,0,0,0,2,LOW
TXN004540,2024-10-05,16,DEBIT,6674.84,MX,75650.1,68975.26,0,0,0,0,0,2,LOW
TXN004541,2024-09-09,19,CASH_OUT,9860.39,US,13239.39,3379.0,0,0,0,0,0,4,LOW
TXN004542,2024-12-14,17,DEBIT,2691.91,US,64038.81,61346.9,0,0,0,0,0,1,LOW
TXN004543,2024-12-29,21,DEBIT,2058.94,US,252728.1,250669.16,0,0,0,0,0,3,LOW
TXN004544,2024-09-07,12,TRANSFER,5897.86,US,297062.39,291164.53,0,0,0,0,0,1,LOW
TXN004545,2024-02-15,20,CASH_OUT,4271.2,CN,407200.64,402929.44,0,0,0,0,0,3,LOW
TXN004546,2024-03-08,8,PAYMENT,2556.69,UK,458290.34,455733.65,0,0,0,0,0,5,LOW
TXN004547,2024-01-17,17,CASH_IN,1823.55,US,281818.96,283642.51,0,0,0,0,0,4,LOW
TXN004548,2024-03-14,16,TRANSFER,2688.27,US,376152.01,373463.74,0,0,0,0,0,5,LOW
TXN004549,2024-11-21,12,TRANSFER,2468.59,US,100412.99,97944.4,0,0,0,0,0,3,LOW
TXN004550,2024-01-28,10,DEBIT,1804.18,US,408224.0,406419.82,0,0,0,0,0,5,LOW
TXN004551,2024-12-02,17,TRANSFER,4244.77,NG,309976.24,305731.47,0,0,0,1,0,30,LOW
TXN004552,2024-05-12,7,CASH_OUT,1254.16,MX,2983.29,1729.13,0,0,0,0,0,2,LOW
TXN004553,2024-09-09,16,PAYMENT,2782.36,RU,339515.28,336732.92,0,0,0,1,0,34,LOW
TXN004554,2024-02-20,18,TRANSFER,6630.6,IR,13052.25,6421.65,0,0,0,1,0,33,LOW
TXN004555,2024-11-01,14,CASH_OUT,3215.4,US,321369.27,318153.87,0,0,0,0,0,0,LOW
TXN004556,2024-10-25,13,CASH_IN,69.46,DE,51932.75,52002.21,0,0,0,0,0,1,LOW
TXN004557,2024-03-03,10,PAYMENT,87.53,US,117283.01,117195.48,0,0,0,0,0,2,LOW
TXN004558,2024-08-30,9,TRANSFER,297.35,DE,93319.84,93022.49,0,0,0,0,0,0,LOW
TXN004559,2024-11-27,15,PAYMENT,24.42,US,170681.46,170657.04,0,0,0,0,0,3,LOW
TXN004560,2024-09-19,23,TRANSFER,22848.58,RU,227909.11,205060.53,0,1,0,1,1,93,HIGH
TXN004561,2024-12-06,21,CASH_IN,3778.95,US,494189.3,497968.25,0,0,0,0,0,5,LOW
TXN004562,2024-06-15,19,DEBIT,1159.19,CN,464973.48,463814.29,0,0,0,0,0,0,LOW
TXN004563,2024-07-04,12,CASH_OUT,1207.93,NG,252017.0,250809.07,0,0,0,1,0,33,LOW
TXN004564,2024-02-13,7,CASH_OUT,8169.18,DE,321241.24,313072.06,0,0,0,0,0,3,LOW
TXN004565,2024-03-17,8,TRANSFER,1456.35,MX,150904.58,149448.23,0,0,0,0,0,0,LOW
TXN004566,2024-09-01,8,PAYMENT,122.44,US,332814.55,332692.11,0,0,0,0,0,2,LOW
TXN004567,2024-05-05,16,DEBIT,7879.88,NG,430662.28,422782.4,0,0,0,1,0,31,LOW
TXN004568,2024-02-02,19,TRANSFER,808.25,US,259484.47,258676.22,0,0,0,0,0,3,LOW
TXN004569,2024-03-15,21,CASH_OUT,4491.05,CN,31163.54,26672.49,0,0,0,0,0,1,LOW
TXN004570,2024-10-01,9,CASH_IN,82.7,US,197823.59,197906.29,0,0,0,0,0,5,LOW
TXN004571,2024-08-06,12,PAYMENT,6775.42,MX,233329.62,226554.2,0,0,0,0,0,3,LOW
TXN004572,2024-12-19,4,CASH_OUT,107461.33,IR,320609.4,213148.07,0,0,0,1,1,94,HIGH
TXN004573,2024-04-20,15,CASH_OUT,3146.68,RU,295932.39,292785.71,0,0,0,1,0,32,LOW
TXN004574,2024-09-24,9,CASH_IN,3392.63,US,293699.8,297092.43,0,0,0,0,0,3,LOW
TXN004575,2024-03-18,20,DEBIT,3387.21,US,68768.89,65381.68,0,0,0,0,0,1,LOW
TXN004576,2024-05-30,9,CASH_IN,1829.59,UK,178506.99,180336.58,0,0,0,0,0,0,LOW
TXN004577,2024-09-09,12,TRANSFER,2651.3,US,57949.73,55298.43,0,0,0,0,0,2,LOW
TXN004578,2024-04-15,14,TRANSFER,7494.46,UK,342912.59,335418.13,0,0,0,0,0,2,LOW
TXN004579,2024-10-17,18,DEBIT,2730.85,CN,380314.74,377583.89,0,0,0,0,0,0,LOW
TXN004580,2024-02-13,18,CASH_OUT,1323.37,DE,204163.99,202840.62,0,0,0,0,0,2,LOW
TXN004581,2024-02-17,15,CASH_OUT,4383.05,DE,381423.83,377040.78,0,0,0,0,0,4,LOW
TXN004582,2024-10-04,9,CASH_OUT,5139.78,MX,103608.71,98468.93,0,0,0,0,0,3,LOW
TXN004583,2024-01-11,20,TRANSFER,1772.1,NG,24212.7,22440.6,0,0,0,1,0,30,LOW
TXN004584,2024-02-08,23,CASH_OUT,60932.06,RU,470778.45,409846.39,0,0,0,1,1,93,HIGH
TXN004585,2024-11-24,10,TRANSFER,1364.78,NG,149449.8,148085.02,0,0,0,1,0,33,LOW
TXN004586,2024-08-27,21,DEBIT,64.4,UK,66046.57,65982.17,0,0,0,0,0,2,LOW
TXN004587,2024-12-17,9,PAYMENT,1220.72,UK,461500.22,460279.5,0,0,0,0,0,0,LOW
TXN004588,2024-10-08,16,CASH_IN,225.63,IR,162592.49,162818.12,0,0,0,1,0,35,LOW
TXN004589,2024-01-02,20,CASH_IN,8538.46,NG,71479.67,80018.13,0,0,0,1,0,33,LOW
TXN004590,2024-03-22,8,TRANSFER,426.57,MX,86750.83,86324.26,0,0,0,0,0,3,LOW
TXN004591,2024-06-20,16,PAYMENT,9529.52,MX,176284.37,166754.85,0,0,0,0,0,2,LOW
TXN004592,2024-06-12,10,CASH_OUT,2593.26,NG,284146.46,281553.2,0,0,0,1,0,34,LOW
TXN004593,2024-08-31,18,DEBIT,2486.53,US,225089.87,222603.34,0,0,0,0,0,1,LOW
TXN004594,2024-09-02,10,PAYMENT,4661.79,CN,486785.65,482123.86,0,0,0,0,0,5,LOW
TXN004595,2024-05-24,20,PAYMENT,1636.99,US,50255.94,48618.95,0,0,0,0,0,2,LOW
TXN004596,2024-09-30,14,DEBIT,1658.27,US,208049.8,206391.53,0,0,0,0,0,1,LOW
TXN004597,2024-09-11,16,CASH_OUT,344.64,IR,411764.47,411419.83,0,0,0,1,0,30,LOW
TXN004598,2024-10-05,11,DEBIT,863.85,UK,332724.1,331860.25,0,0,0,0,0,3,LOW
TXN004599,2024-08-03,8,CASH_OUT,67.55,CN,213004.53,212936.98,0,0,0,0,0,2,LOW
TXN004600,2024-12-25,17,CASH_OUT,4086.58,IR,17268.5,13181.92,0,0,0,1,0,32,LOW
TXN004601,2024-05-06,17,PAYMENT,871.8,MX,43065.51,42193.71,0,0,0,0,0,2,LOW
TXN004602,2024-03-14,7,TRANSFER,488.83,MX,188320.38,187831.55,0,0,0,0,0,0,LOW
TXN004603,2024-09-21,19,CASH_OUT,130.81,US,490708.79,490577.98,0,0,0,0,0,3,LOW
TXN004604,2024-03-27,1,CASH_OUT,5881.51,UK,209118.57,203237.06,0,1,0,0,1,50,MEDIUM
TXN004605,2024-07-11,18,PAYMENT,3261.84,MX,26851.17,23589.33,0,0,0,0,0,4,LOW
TXN004606,2024-09-03,13,CASH_IN,1991.1,CN,355512.43,357503.53,0,0,0,0,0,4,LOW
TXN004607,2024-09-15,7,TRANSFER,7626.07,DE,307839.79,300213.72,0,0,0,0,0,0,LOW
TXN004608,2024-08-08,9,TRANSFER,9500.09,US,440601.64,431101.55,0,0,0,0,0,2,LOW
TXN004609,2024-09-22,19,TRANSFER,427.32,MX,230164.35,229737.03,0,0,0,0,0,0,LOW
TXN004610,2024-07-31,12,PAYMENT,1609.15,IR,214874.13,213264.98,0,0,0,1,0,30,LOW
TXN004611,2024-03-13,18,CASH_IN,1789.72,UK,44812.4,46602.12,0,0,0,0,0,0,LOW
TXN004612,2024-01-08,14,DEBIT,1151.39,US,463122.51,461971.12,0,0,0,0,0,4,LOW
TXN004613,2024-01-28,13,PAYMENT,115.43,UK,412943.34,412827.91,0,0,0,0,0,1,LOW
TXN004614,2024-08-26,15,DEBIT,4224.02,CN,294863.75,290639.73,0,0,0,0,0,2,LOW
TXN004615,2024-11-08,11,DEBIT,3870.3,UK,283282.52,279412.22,0,0,0,0,0,2,LOW
TXN004616,2024-07-24,10,DEBIT,3597.33,UK,376643.41,373046.08,0,0,0,0,0,1,LOW
TXN004617,2024-03-30,20,PAYMENT,819.06,US,469511.6,468692.54,0,0,0,0,0,2,LOW
TXN004618,2024-04-12,1,TRANSFER,19052.76,US,297457.0,278404.24,0,0,0,0,1,35,LOW
TXN004619,2024-02-14,13,TRANSFER,3358.35,UK,248577.51,245219.16,0,0,0,0,0,1,LOW
TXN004620,2024-04-24,8,DEBIT,1598.49,US,257860.9,256262.41,0,0,0,0,0,2,LOW
TXN004621,2024-04-30,20,PAYMENT,11254.08,US,462822.01,451567.93,0,0,0,0,0,3,LOW
TXN004622,2024-03-07,7,TRANSFER,798.93,UK,365493.92,364694.99,0,0,0,0,0,5,LOW
TXN004623,2024-07-16,19,TRANSFER,5970.44,US,87339.94,81369.5,0,0,0,0,0,5,LOW
TXN004624,2024-09-23,17,PAYMENT,10606.31,UK,139282.72,128676.41,0,0,0,0,0,1,LOW
TXN004625,2024-06-11,16,CASH_OUT,722.72,US,403124.49,402401.77,0,0,0,0,0,5,LOW
TXN004626,2024-09-09,16,TRANSFER,5029.51,RU,212257.95,207228.44,0,0,0,1,0,32,LOW
TXN004627,2024-09-18,9,DEBIT,176.39,MX,383496.6,383320.21,0,0,0,0,0,0,LOW
TXN004628,2024-10-14,18,PAYMENT,4980.02,US,88379.87,83399.85,0,0,0,0,0,4,LOW
TXN004629,2024-05-12,9,PAYMENT,9673.35,NG,288768.28,279094.93,0,0,0,1,0,35,LOW
TXN004630,2024-12-18,14,CASH_IN,6349.3,US,302428.53,308777.83,0,0,0,0,0,5,LOW
TXN004631,2024-02-28,21,TRANSFER,4516.8,US,359666.06,355149.26,0,0,0,0,0,4,LOW
TXN004632,2024-07-28,10,CASH_IN,10414.43,UK,479222.25,489636.68,0,0,0,0,0,4,LOW
TXN004633,2024-09-17,15,CASH_IN,1458.57,UK,266216.68,267675.25,0,0,0,0,0,5,LOW
TXN004634,2024-07-20,2,CASH_OUT,32791.21,UK,148541.86,115750.65,0,0,0,0,1,36,LOW
TXN004635,2024-05-18,11,PAYMENT,690.72,MX,359184.78,358494.06,0,0,0,0,0,4,LOW
TXN004636,2024-04-12,10,TRANSFER,5765.72,US,419630.5,413864.78,0,0,0,0,0,4,LOW
TXN004637,2024-02-19,19,DEBIT,2369.6,US,195637.77,193268.17,0,0,0,0,0,2,LOW
TXN004638,2024-02-01,2,CASH_OUT,6732.64,US,390742.43,384009.79,0,0,0,0,1,22,LOW
TXN004639,2024-01-14,17,CASH_IN,2106.35,MX,434826.24,436932.59,0,0,0,0,0,3,LOW
TXN004640,2024-12-02,10,TRANSFER,436.31,IR,466904.73,466468.42,0,0,0,1,0,33,LOW
TXN004641,2024-05-21,10,PAYMENT,969.26,UK,223058.89,222089.63,0,0,0,0,0,0,LOW
TXN004642,2024-09-01,18,CASH_OUT,3440.76,MX,241107.27,237666.51,0,0,0,0,0,1,LOW
TXN004643,2024-04-07,7,DEBIT,2160.43,DE,154289.91,152129.48,0,0,0,0,0,4,LOW
TXN004644,2024-09-05,2,CASH_OUT,30229.67,RU,253473.25,223243.58,0,0,0,1,1,65,MEDIUM
TXN004645,2024-06-25,12,PAYMENT,861.79,US,296979.19,296117.4,0,0,0,0,0,0,LOW
TXN004646,2024-01-10,7,TRANSFER,2521.94,MX,162158.28,159636.34,0,0,0,0,0,5,LOW
TXN004647,2024-03-02,1,CASH_OUT,13057.03,NG,455019.22,441962.19,0,1,0,1,1,94,HIGH
TXN004648,2024-07-14,2,CASH_OUT,135361.95,IR,234863.08,99501.13,0,1,0,1,1,100,HIGH
TXN004649,2024-12-25,16,CASH_OUT,7278.29,DE,427336.1,420057.81,0,0,0,0,0,3,LOW
TXN004650,2024-08-01,19,TRANSFER,2512.91,UK,366393.81,363880.9,0,0,0,0,0,0,LOW
TXN004651,2024-01-04,10,TRANSFER,2836.21,US,425628.29,422792.08,0,0,0,0,0,0,LOW
TXN004652,2024-02-07,12,DEBIT,286.89,US,156376.82,156089.93,0,0,0,0,0,5,LOW
TXN004653,2024-03-30,19,TRANSFER,2267.53,UK,240011.52,237743.99,0,0,0,0,0,3,LOW
TXN004654,2024-05-19,15,CASH_IN,1187.07,IR,135106.41,136293.48,0,0,0,1,0,35,LOW
TXN004655,2024-07-11,4,CASH_OUT,13090.76,IR,129930.77,116840.01,0,0,0,1,1,67,MEDIUM
TXN004656,2024-09-12,20,DEBIT,9532.87,US,223589.35,214056.48,0,0,0,0,0,0,LOW
TXN004657,2024-07-22,9,TRANSFER,5984.38,US,51594.36,45609.98,0,0,0,0,0,0,LOW
TXN004658,2024-12-25,12,CASH_OUT,2950.15,IR,322518.48,319568.33,0,0,0,1,0,34,LOW
TXN004659,2024-09-25,3,CASH_OUT,19776.14,RU,336979.78,317203.64,0,0,0,1,1,66,MEDIUM
TXN004660,2024-02-16,8,PAYMENT,5757.1,UK,319761.92,314004.82,0,0,0,0,0,2,LOW
TXN004661,2024-04-16,11,CASH_OUT,632.69,DE,483963.75,483331.06,0,0,0,0,0,2,LOW
TXN004662,2024-07-20,17,TRANSFER,2057.48,UK,265231.66,263174.18,0,0,0,0,0,4,LOW
TXN004663,2024-06-29,9,DEBIT,2121.45,MX,84715.93,82594.48,0,0,0,0,0,5,LOW
TXN004664,2024-11-07,13,CASH_IN,1777.22,DE,457963.53,459740.75,0,0,0,0,0,1,LOW
TXN004665,2024-10-08,14,CASH_IN,3474.2,US,327338.52,330812.72,0,0,0,0,0,5,LOW
TXN004666,2024-12-29,9,CASH_IN,1000.89,UK,152411.66,153412.55,0,0,0,0,0,5,LOW
TXN004667,2024-04-12,18,DEBIT,829.33,RU,405930.58,405101.25,0,0,0,1,0,30,LOW
TXN004668,2024-06-23,1,CASH_OUT,22920.4,RU,444633.46,421713.06,0,1,0,1,1,93,HIGH
TXN004669,2024-04-18,2,TRANSFER,10436.17,IR,65438.66,55002.49,0,0,0,1,1,68,MEDIUM
TXN004670,2024-10-11,4,CASH_OUT,4861.11,US,387339.09,382477.98,0,0,0,0,1,24,LOW
TXN004671,2024-04-23,18,PAYMENT,98.87,UK,153765.04,153666.17,0,0,0,0,0,2,LOW
TXN004672,2024-01-26,16,TRANSFER,1073.13,US,1497.52,424.39,0,0,0,0,0,2,LOW
TXN004673,2024-04-30,9,PAYMENT,2464.79,UK,422366.62,419901.83,0,0,0,0,0,4,LOW
TXN004674,2024-12-06,8,CASH_OUT,2470.15,US,53199.6,50729.45,0,0,0,0,0,5,LOW
TXN004675,2024-07-24,20,TRANSFER,4439.39,CN,341428.71,336989.32,0,0,0,0,0,3,LOW
TXN004676,2024-02-04,19,DEBIT,5273.64,US,321155.33,315881.69,0,0,0,0,0,0,LOW
TXN004677,2024-12-01,2,TRANSFER,4767.75,IR,391432.31,386664.56,0,1,0,1,1,80,HIGH
TXN004678,2024-03-12,12,PAYMENT,647.67,DE,123968.41,123320.74,0,0,0,0,0,5,LOW
TXN004679,2024-08-02,16,TRANSFER,1328.13,UK,289819.74,288491.61,0,0,0,0,0,4,LOW
TXN004680,2024-02-20,7,CASH_OUT,3018.02,DE,7178.32,4160.3,0,0,0,0,0,0,LOW
TXN004681,2024-06-29,13,DEBIT,3652.62,CN,375665.33,372012.71,0,0,0,0,0,3,LOW
TXN004682,2024-12-30,16,TRANSFER,402.69,US,273011.26,272608.57,0,0,0,0,0,1,LOW
TXN004683,2024-12-21,10,DEBIT,486.13,RU,111212.99,110726.86,0,0,0,1,0,34,LOW
TXN004684,2024-09-30,11,CASH_OUT,1413.04,NG,397303.5,395890.46,0,0,0,1,0,32,LOW
TXN004685,2024-01-30,16,DEBIT,2544.9,US,406871.66,404326.76,0,0,0,0,0,4,LOW
TXN004686,2024-07-22,10,CASH_IN,417.73,CN,283643.33,284061.06,0,0,0,0,0,0,LOW
TXN004687,2024-02-23,23,CASH_OUT,11245.61,US,295309.99,284064.38,0,0,0,0,1,36,LOW
TXN004688,2024-12-24,14,CASH_OUT,2064.02,US,241040.72,238976.7,0,0,0,0,0,4,LOW
TXN004689,2024-01-07,14,CASH_OUT,6150.88,DE,478432.67,472281.79,0,0,0,0,0,5,LOW
TXN004690,2024-09-14,21,PAYMENT,3556.42,UK,421355.52,417799.1,0,0,0,0,0,2,LOW
TXN004691,2024-02-08,8,PAYMENT,777.57,NG,282696.87,281919.3,0,0,0,1,0,34,LOW
TXN004692,2024-03-10,20,TRANSFER,716.56,CN,172008.07,171291.51,0,0,0,0,0,3,LOW
TXN004693,2024-10-31,15,TRANSFER,2945.13,NG,161583.17,158638.04,0,0,0,1,0,30,LOW
TXN004694,2024-11-02,10,CASH_IN,4589.34,UK,183410.8,188000.14,0,0,0,0,0,5,LOW
TXN004695,2024-04-05,14,CASH_IN,10410.01,US,469753.85,480163.86,0,0,0,0,0,4,LOW
TXN004696,2024-12-16,17,CASH_IN,4449.86,MX,151916.03,156365.89,0,0,0,0,0,5,LOW
TXN004697,2024-04-28,21,TRANSFER,5708.41,MX,326049.31,320340.9,0,0,0,0,0,0,LOW
TXN004698,2024-08-22,4,CASH_OUT,19348.84,US,441132.92,421784.08,0,0,0,0,1,40,MEDIUM
TXN004699,2024-02-26,12,TRANSFER,2720.11,US,168696.57,165976.46,0,0,0,0,0,5,LOW
TXN004700,2024-07-11,16,TRANSFER,9491.84,CN,134207.66,124715.82,0,0,0,0,0,4,LOW
TXN004701,2024-05-25,16,CASH_OUT,5549.79,MX,376220.34,370670.55,0,0,0,0,0,3,LOW
TXN004702,2024-06-12,21,CASH_OUT,2173.12,DE,135701.85,133528.73,0,0,0,0,0,0,LOW
TXN004703,2024-10-27,11,CASH_IN,5961.28,DE,122716.49,128677.77,0,0,0,0,0,2,LOW
TXN004704,2024-02-03,8,CASH_IN,921.49,IR,210787.94,211709.43,0,0,0,1,0,32,LOW
TXN004705,2024-09-02,7,DEBIT,3747.1,CN,312478.71,308731.61,0,0,0,0,0,1,LOW
TXN004706,2024-01-21,19,DEBIT,9029.65,MX,64555.27,55525.62,0,0,0,0,0,1,LOW
TXN004707,2024-12-14,11,DEBIT,3590.44,UK,325278.38,321687.94,0,0,0,0,0,5,LOW
TXN004708,2024-12-09,13,DEBIT,11409.99,US,188083.96,176673.97,0,0,0,0,0,5,LOW
TXN004709,2024-06-27,7,CASH_OUT,995.85,NG,369455.8,368459.95,0,0,0,1,0,33,LOW
TXN004710,2024-02-10,19,CASH_IN,8612.11,NG,475613.62,484225.73,0,0,0,1,0,33,LOW
TXN004711,2024-02-28,19,CASH_OUT,85.71,UK,432096.99,432011.28,0,0,0,0,0,5,LOW
TXN004712,2024-11-07,11,PAYMENT,1002.12,UK,274357.49,273355.37,0,0,0,0,0,3,LOW
TXN004713,2024-12-24,13,CASH_IN,791.87,US,9971.22,10763.09,0,0,0,0,0,4,LOW
TXN004714,2024-03-17,16,PAYMENT,7968.05,DE,366271.57,358303.52,0,0,0,0,0,4,LOW
TXN004715,2024-03-21,9,DEBIT,2551.72,RU,315684.86,313133.14,0,0,0,1,0,30,LOW
TXN004716,2024-10-23,1,CASH_OUT,18300.17,IR,496067.91,477767.74,0,1,0,1,1,90,HIGH
TXN004717,2024-09-19,19,CASH_OUT,1135.55,MX,25096.27,23960.72,0,0,0,0,0,4,LOW
TXN004718,2024-11-08,12,CASH_OUT,1521.39,US,263791.34,262269.95,0,0,0,0,0,5,LOW
TXN004719,2024-08-28,19,DEBIT,268.31,US,380838.32,380570.01,0,0,0,0,0,2,LOW
TXN004720,2024-02-11,16,CASH_OUT,7799.5,DE,145471.93,137672.43,0,0,0,0,0,0,LOW
TXN004721,2024-09-23,9,CASH_IN,2099.63,CN,379691.8,381791.43,0,0,0,0,0,1,LOW
TXN004722,2024-01-26,21,CASH_OUT,1106.01,US,254257.15,253151.14,0,0,0,0,0,4,LOW
TXN004723,2024-07-22,20,CASH_IN,2297.8,US,113866.49,116164.29,0,0,0,0,0,5,LOW
TXN004724,2024-07-29,17,PAYMENT,731.22,CN,139333.22,138602.0,0,0,0,0,0,4,LOW
TXN004725,2024-07-30,13,CASH_OUT,1279.7,MX,22632.42,21352.72,0,0,0,0,0,0,LOW
TXN004726,2024-01-17,7,PAYMENT,2475.78,UK,382763.17,380287.39,0,0,0,0,0,0,LOW
TXN004727,2024-04-07,3,CASH_OUT,13246.92,NG,397461.01,384214.09,0,1,0,1,1,90,HIGH
TXN004728,2024-04-05,13,CASH_OUT,3685.87,UK,178936.48,175250.61,0,0,0,0,0,0,LOW
TXN004729,2024-05-24,15,PAYMENT,5300.21,US,337688.53,332388.32,0,0,0,0,0,1,LOW
TXN004730,2024-12-06,10,CASH_IN,428.16,CN,402268.5,402696.66,0,0,0,0,0,2,LOW
TXN004731,2024-07-21,8,PAYMENT,2092.07,UK,244170.01,242077.94,0,0,0,0,0,5,LOW
TXN004732,2024-07-24,20,DEBIT,2769.28,US,451231.19,448461.91,0,0,0,0,0,1,LOW
TXN004733,2024-03-09,13,CASH_OUT,576.0,DE,380234.78,379658.78,0,0,0,0,0,2,LOW
TXN004734,2024-06-02,19,DEBIT,4523.18,US,223666.34,219143.16,0,0,0,0,0,4,LOW
TXN004735,2024-02-27,18,DEBIT,8520.95,UK,365847.1,357326.15,0,0,0,0,0,0,LOW
TXN004736,2024-10-29,21,TRANSFER,3308.71,DE,241389.16,238080.45,0,0,0,0,0,4,LOW
TXN004737,2024-09-25,8,DEBIT,3042.9,DE,74705.44,71662.54,0,0,0,0,0,4,LOW
TXN004738,2024-05-09,14,DEBIT,1423.38,MX,142708.59,141285.21,0,0,0,0,0,2,LOW
TXN004739,2024-07-05,11,DEBIT,3538.81,UK,214227.9,210689.09,0,0,0,0,0,1,LOW
TXN004740,2024-09-26,10,PAYMENT,1756.39,NG,446499.94,444743.55,0,0,0,1,0,32,LOW
TXN004741,2024-08-03,16,CASH_IN,181.4,US,481085.98,481267.38,0,0,0,0,0,4,LOW
TXN004742,2024-12-15,8,TRANSFER,396.2,CN,443377.06,442980.86,0,0,0,0,0,4,LOW
TXN004743,2024-02-10,13,PAYMENT,2641.34,CN,18288.91,15647.57,0,0,0,0,0,5,LOW
TXN004744,2024-04-27,12,CASH_IN,966.75,US,266094.66,267061.41,0,0,0,0,0,1,LOW
TXN004745,2024-10-04,14,CASH_IN,74.41,UK,267770.38,267844.79,0,0,0,0,0,3,LOW
TXN004746,2024-02-25,13,CASH_OUT,719.13,IR,116401.19,115682.06,0,0,0,1,0,33,LOW
TXN004747,2024-02-28,19,PAYMENT,10710.92,US,166093.32,155382.4,0,0,0,0,0,3,LOW
TXN004748,2024-08-09,19,CASH_IN,12418.25,US,64541.65,76959.9,0,0,0,0,0,3,LOW
TXN004749,2024-07-25,19,PAYMENT,898.88,US,432468.8,431569.92,0,0,0,0,0,0,LOW
TXN004750,2024-03-19,1,TRANSFER,22874.95,RU,102846.57,79971.62,0,1,0,1,1,95,HIGH
TXN004751,2024-01-02,12,TRANSFER,2883.17,US,101719.51,98836.34,0,0,0,0,0,0,LOW
TXN004752,2024-05-27,14,CASH_IN,5567.87,CN,245620.47,251188.34,0,0,0,0,0,0,LOW
TXN004753,2024-01-15,20,CASH_IN,471.37,US,162978.72,163450.09,0,0,0,0,0,1,LOW
TXN004754,2024-03-05,12,PAYMENT,5743.27,US,374913.21,369169.94,0,0,0,0,0,2,LOW
TXN004755,2024-08-23,17,PAYMENT,3828.07,MX,448272.26,444444.19,0,0,0,0,0,0,LOW
TXN004756,2024-10-27,16,TRANSFER,770.91,NG,459209.49,458438.58,0,0,0,1,0,31,LOW
TXN004757,2024-07-12,21,DEBIT,970.6,RU,76216.55,75245.95,0,0,0,1,0,34,LOW
TXN004758,2024-10-06,12,DEBIT,724.77,DE,187736.25,187011.48,0,0,0,0,0,3,LOW
TXN004759,2024-11-03,18,DEBIT,4409.75,US,54910.16,50500.41,0,0,0,0,0,3,LOW
TXN004760,2024-11-28,17,CASH_IN,1423.91,RU,269265.28,270689.19,0,0,0,1,0,32,LOW
TXN004761,2024-06-21,7,DEBIT,2557.3,US,410281.22,407723.92,0,0,0,0,0,5,LOW
TXN004762,2024-02-03,18,PAYMENT,1766.07,UK,85435.23,83669.16,0,0,0,0,0,4,LOW
TXN004763,2024-07-02,4,CASH_OUT,63097.67,RU,14798.55,0.0,0,1,0,1,1,100,HIGH
TXN004764,2024-11-14,18,CASH_OUT,11243.89,CN,244323.5,233079.61,0,0,0,0,0,19,LOW
TXN004765,2024-01-17,21,CASH_OUT,4034.63,US,429831.74,425797.11,0,0,0,0,0,0,LOW
TXN004766,2024-01-20,11,CASH_OUT,1406.37,RU,54290.43,52884.06,0,0,0,1,0,33,LOW
TXN004767,2024-04-13,21,CASH_OUT,851.88,NG,392653.38,391801.5,0,0,0,1,0,32,LOW
TXN004768,2024-06-15,16,TRANSFER,93.52,RU,431872.72,431779.2,0,0,0,1,0,30,LOW
TXN004769,2024-06-23,18,CASH_IN,206.87,NG,216399.68,216606.55,0,0,0,1,0,32,LOW
TXN004770,2024-04-21,9,PAYMENT,11399.81,US,242513.15,231113.34,0,0,0,0,0,1,LOW
TXN004771,2024-09-08,17,CASH_OUT,2106.45,US,336080.53,333974.08,0,0,0,0,0,3,LOW
TXN004772,2024-04-19,14,PAYMENT,10527.82,IR,101113.8,90585.98,0,0,0,1,0,34,LOW
TXN004773,2024-09-10,7,DEBIT,3569.71,UK,226945.59,223375.88,0,0,0,0,0,5,LOW
TXN004774,2024-11-09,16,CASH_OUT,5135.39,US,270119.08,264983.69,0,0,0,0,0,5,LOW
TXN004775,2024-06-24,8,CASH_IN,1964.03,RU,490622.34,492586.37,0,0,0,1,0,33,LOW
TXN004776,2024-12-19,21,PAYMENT,4135.57,RU,362217.84,358082.27,0,0,0,1,0,34,LOW
TXN004777,2024-08-15,7,CASH_OUT,1395.53,RU,390059.87,388664.34,0,0,0,1,0,34,LOW
TXN004778,2024-05-25,23,TRANSFER,56524.39,US,484420.31,427895.92,0,1,0,0,1,87,HIGH
TXN004779,2024-12-09,7,DEBIT,176.66,NG,406067.88,405891.22,0,0,0,1,0,33,LOW
TXN004780,2024-04-02,17,PAYMENT,4686.2,DE,212913.09,208226.89,0,0,0,0,0,2,LOW
TXN004781,2024-08-12,10,DEBIT,7001.49,IR,398862.99,391861.5,0,0,0,1,0,35,LOW
TXN004782,2024-12-22,21,CASH_OUT,3591.17,CN,38338.06,34746.89,0,0,0,0,0,5,LOW
TXN004783,2024-08-16,18,DEBIT,5723.27,DE,454603.1,448879.83,0,0,0,0,0,0,LOW
TXN004784,2024-02-03,15,TRANSFER,59.7,US,409580.21,409520.51,0,0,0,0,0,3,LOW
TXN004785,2024-02-29,10,DEBIT,876.32,US,189632.17,188755.85,0,0,0,0,0,2,LOW
TXN004786,2024-09-02,9,DEBIT,1988.8,UK,110360.77,108371.97,0,0,0,0,0,1,LOW
TXN004787,2024-07-22,18,PAYMENT,3509.34,RU,324953.34,321444.0,0,0,0,1,0,32,LOW
TXN004788,2024-09-19,18,DEBIT,217.09,US,431649.5,431432.41,0,0,0,0,0,0,LOW
TXN004789,2024-12-30,9,CASH_OUT,328.67,DE,462797.84,462469.17,0,0,0,0,0,0,LOW
TXN004790,2024-12-29,11,TRANSFER,2376.11,US,491748.62,489372.51,0,0,0,0,0,0,LOW
TXN004791,2024-09-30,18,CASH_IN,7348.45,CN,421574.0,428922.45,0,0,0,0,0,4,LOW
TXN004792,2024-11-24,16,DEBIT,1831.36,CN,423947.87,422116.51,0,0,0,0,0,4,LOW
TXN004793,2024-01-25,19,TRANSFER,1125.44,NG,160388.77,159263.33,0,0,0,1,0,35,LOW
TXN004794,2024-05-13,17,CASH_OUT,1360.54,IR,7873.7,6513.16,0,0,0,1,0,30,LOW
TXN004795,2024-07-31,2,CASH_OUT,22754.35,NG,257973.58,235219.23,0,1,0,1,1,93,HIGH
TXN004796,2024-08-20,7,PAYMENT,2968.81,UK,342255.73,339286.92,0,0,0,0,0,4,LOW
TXN004797,2024-11-28,15,CASH_IN,824.61,MX,4500.97,5325.58,0,0,0,0,0,5,LOW
TXN004798,2024-08-03,19,TRANSFER,2561.84,DE,200214.14,197652.3,0,0,0,0,0,0,LOW
TXN004799,2024-12-24,10,CASH_OUT,595.59,US,266818.09,266222.5,0,0,0,0,0,0,LOW
TXN004800,2024-08-28,15,CASH_OUT,248.2,UK,471013.85,470765.65,0,0,0,0,0,1,LOW
TXN004801,2024-08-31,12,TRANSFER,2696.38,CN,370164.35,367467.97,0,0,0,0,0,0,LOW
TXN004802,2024-03-30,15,TRANSFER,2018.75,NG,117881.26,115862.51,0,0,0,1,0,32,LOW
TXN004803,2024-04-01,9,TRANSFER,3623.81,RU,163180.86,159557.05,0,0,0,1,0,32,LOW
TXN004804,2024-01-24,10,TRANSFER,2303.75,US,255800.85,253497.1,0,0,0,0,0,4,LOW
TXN004805,2024-06-25,9,TRANSFER,4460.81,MX,157435.41,152974.6,0,0,0,0,0,1,LOW
TXN004806,2024-12-27,17,PAYMENT,4829.09,UK,407337.55,402508.46,0,0,0,0,0,3,LOW
TXN004807,2024-03-14,8,CASH_IN,2660.65,US,36117.14,38777.79,0,0,0,0,0,1,LOW
TXN004808,2024-11-28,8,TRANSFER,3464.28,CN,395472.24,392007.96,0,0,0,0,0,2,LOW
TXN004809,2024-12-08,11,DEBIT,110.85,UK,349890.76,349779.91,0,0,0,0,0,1,LOW
TXN004810,2024-05-31,17,CASH_IN,1662.96,US,51476.97,53139.93,0,0,0,0,0,0,LOW
TXN004811,2024-02-12,13,PAYMENT,2465.68,RU,50419.85,47954.17,0,0,0,1,0,30,LOW
TXN004812,2024-08-23,16,CASH_OUT,6072.97,DE,392477.33,386404.36,0,0,0,0,0,4,LOW
TXN004813,2024-05-02,7,CASH_IN,2578.95,DE,248385.96,250964.91,0,0,0,0,0,0,LOW
TXN004814,2024-10-19,7,PAYMENT,913.99,US,166378.82,165464.83,0,0,0,0,0,2,LOW
TXN004815,2024-06-13,9,CASH_IN,118.18,CN,418229.9,418348.08,0,0,0,0,0,1,LOW
TXN004816,2024-05-08,16,PAYMENT,7557.33,CN,89545.88,81988.55,0,0,0,0,0,2,LOW
TXN004817,2024-01-31,13,CASH_OUT,2255.85,MX,453936.52,451680.67,0,0,0,0,0,4,LOW
TXN004818,2024-12-06,10,CASH_IN,865.4,US,386078.27,386943.67,0,0,0,0,0,5,LOW
TXN004819,2024-10-30,18,TRANSFER,12409.87,RU,201466.19,189056.32,0,0,0,1,0,35,LOW
TXN004820,2024-06-04,21,CASH_IN,184.04,US,363167.92,363351.96,0,0,0,0,0,3,LOW
TXN004821,2024-07-16,16,TRANSFER,936.45,IR,429303.92,428367.47,0,0,0,1,0,31,LOW
TXN004822,2024-02-16,10,TRANSFER,9886.79,RU,432188.62,422301.83,0,0,0,1,0,33,LOW
TXN004823,2024-11-10,13,DEBIT,394.52,US,143333.14,142938.62,0,0,0,0,0,5,LOW
TXN004824,2024-12-29,10,TRANSFER,11518.63,US,128174.43,116655.8,0,0,0,0,0,18,LOW
TXN004825,2024-12-04,18,CASH_IN,5464.46,UK,288243.17,293707.63,0,0,0,0,0,5,LOW
TXN004826,2024-04-04,16,CASH_OUT,4386.37,US,108575.19,104188.82,0,0,0,0,0,0,LOW
TXN004827,2024-09-20,13,DEBIT,2770.97,CN,337264.81,334493.84,0,0,0,0,0,1,LOW
TXN004828,2024-03-12,21,CASH_IN,931.29,US,54456.61,55387.9,0,0,0,0,0,4,LOW
TXN004829,2024-08-06,20,DEBIT,1445.13,US,126510.33,125065.2,0,0,0,0,0,2,LOW
TXN004830,2024-11-10,18,TRANSFER,5780.8,RU,46418.95,40638.15,0,0,0,1,0,35,LOW
TXN004831,2024-02-02,9,PAYMENT,2368.65,US,448433.29,446064.64,0,0,0,0,0,3,LOW
TXN004832,2024-04-13,21,CASH_OUT,1280.59,US,338455.37,337174.78,0,0,0,0,0,4,LOW
TXN004833,2024-12-25,7,PAYMENT,434.51,UK,86518.97,86084.46,0,0,0,0,0,1,LOW
TXN004834,2024-10-27,7,CASH_IN,4556.06,US,484168.26,488724.32,0,0,0,0,0,5,LOW
TXN004835,2024-02-03,9,CASH_IN,295.33,RU,294123.48,294418.81,0,0,0,1,0,35,LOW
TXN004836,2024-08-25,14,DEBIT,258.47,DE,102091.1,101832.63,0,0,0,0,0,4,LOW
TXN004837,2024-10-02,17,CASH_OUT,5990.11,NG,63616.84,57626.73,0,0,0,1,0,34,LOW
TXN004838,2024-03-12,20,TRANSFER,5150.07,US,443642.04,438491.97,0,0,0,0,0,5,LOW
TXN004839,2024-02-21,19,TRANSFER,14619.26,DE,196708.86,182089.6,0,0,0,0,0,19,LOW
TXN004840,2024-03-24,14,CASH_OUT,1975.0,RU,260779.58,258804.58,0,0,0,1,0,31,LOW
TXN004841,2024-06-15,17,TRANSFER,676.34,CN,119289.14,118612.8,0,0,0,0,0,3,LOW
TXN004842,2024-09-08,8,CASH_OUT,1300.56,MX,489713.05,488412.49,0,0,0,0,0,1,LOW
TXN004843,2024-01-29,9,TRANSFER,1495.96,US,326673.11,325177.15,0,0,0,0,0,0,LOW
TXN004844,2024-07-21,13,CASH_IN,866.88,CN,360026.74,360893.62,0,0,0,0,0,5,LOW
TXN004845,2024-04-04,13,CASH_IN,2158.96,DE,452420.04,454579.0,0,0,0,0,0,5,LOW
TXN004846,2024-01-24,10,CASH_IN,7761.93,DE,139839.12,147601.05,0,0,0,0,0,1,LOW
TXN004847,2024-04-19,18,TRANSFER,4769.7,IR,259599.72,254830.02,0,0,0,1,0,32,LOW
TXN004848,2024-05-07,10,CASH_IN,7930.43,DE,91384.58,99315.01,0,0,0,0,0,2,LOW
TXN004849,2024-10-27,9,PAYMENT,7880.36,NG,217951.59,210071.23,0,0,0,1,0,32,LOW
TXN004850,2024-07-28,20,TRANSFER,23858.54,US,54423.02,30564.48,0,0,0,0,0,20,LOW
TXN004851,2024-02-10,9,CASH_OUT,3595.59,US,304784.94,301189.35,0,0,0,0,0,3,LOW
TXN004852,2024-11-24,18,TRANSFER,14492.71,MX,11222.29,0.0,0,0,0,0,0,18,LOW
TXN004853,2024-05-09,14,DEBIT,1314.9,RU,173286.41,171971.51,0,0,0,1,0,35,LOW
TXN004854,2024-05-30,13,DEBIT,3727.19,US,306605.83,302878.64,0,0,0,0,0,0,LOW
TXN004855,2024-02-22,14,DEBIT,2690.64,US,123998.51,121307.87,0,0,0,0,0,3,LOW
TXN004856,2024-05-09,4,CASH_OUT,7983.63,NG,260298.89,252315.26,0,0,0,1,1,50,MEDIUM
TXN004857,2024-10-28,20,PAYMENT,2678.5,MX,138619.39,135940.89,0,0,0,0,0,3,LOW
TXN004858,2024-06-06,7,DEBIT,6470.37,IR,279599.68,273129.31,0,0,0,1,0,35,LOW
TXN004859,2024-05-04,20,PAYMENT,8471.66,DE,47446.98,38975.32,0,0,0,0,0,3,LOW
TXN004860,2024-06-16,8,TRANSFER,907.63,IR,60489.89,59582.26,0,0,0,1,0,34,LOW
TXN004861,2024-08-20,11,DEBIT,5215.1,MX,141684.55,136469.45,0,0,0,0,0,4,LOW
TXN004862,2024-10-28,12,TRANSFER,367.13,UK,283238.26,282871.13,0,0,0,0,0,0,LOW
TXN004863,2024-03-15,13,CASH_IN,1672.7,US,125348.3,127021.0,0,0,0,0,0,2,LOW
TXN004864,2024-05-11,18,CASH_OUT,1339.56,MX,383472.36,382132.8,0,0,0,0,0,1,LOW
TXN004865,2024-03-04,10,PAYMENT,3382.7,RU,447283.66,443900.96,0,0,0,1,0,33,LOW
TXN004866,2024-04-22,12,TRANSFER,651.01,IR,318787.69,318136.68,0,0,0,1,0,32,LOW
TXN004867,2024-08-15,9,TRANSFER,256.14,MX,498631.48,498375.34,0,0,0,0,0,5,LOW
TXN004868,2024-10-26,8,CASH_OUT,3408.85,DE,472176.12,468767.27,0,0,0,0,0,1,LOW
TXN004869,2024-06-10,11,DEBIT,2026.63,US,471539.25,469512.62,0,0,0,0,0,1,LOW
TXN004870,2024-06-03,9,PAYMENT,1204.62,UK,436594.09,435389.47,0,0,0,0,0,3,LOW
TXN004871,2024-07-08,19,DEBIT,6522.34,US,257538.57,251016.23,0,0,0,0,0,0,LOW
TXN004872,2024-12-17,12,CASH_OUT,3990.76,US,409504.13,405513.37,0,0,0,0,0,2,LOW
TXN004873,2024-10-29,20,DEBIT,3971.65,NG,135281.02,131309.37,0,0,0,1,0,31,LOW
TXN004874,2024-04-30,10,DEBIT,1036.38,UK,164779.08,163742.7,0,0,0,0,0,2,LOW
TXN004875,2024-01-08,1,TRANSFER,9419.72,UK,106981.48,97561.76,1,0,0,0,1,60,MEDIUM
TXN004876,2024-12-19,12,CASH_IN,3304.44,RU,336934.19,340238.63,0,0,0,1,0,35,LOW
TXN004877,2024-08-05,16,CASH_OUT,3233.49,US,464864.14,461630.65,0,0,0,0,0,0,LOW
TXN004878,2024-07-13,19,PAYMENT,3853.01,NG,10446.78,6593.77,0,0,0,1,0,30,LOW
TXN004879,2024-10-10,9,TRANSFER,844.01,CN,231127.57,230283.56,0,0,0,0,0,4,LOW
TXN004880,2024-06-24,4,TRANSFER,97159.87,UK,90501.58,0.0,0,1,0,0,1,90,HIGH
TXN004881,2024-11-23,9,PAYMENT,4420.32,NG,137401.55,132981.23,0,0,0,1,0,33,LOW
TXN004882,2024-01-04,9,CASH_IN,6917.03,DE,405941.68,412858.71,0,0,0,0,0,0,LOW
TXN004883,2024-10-08,17,TRANSFER,4070.32,DE,235343.98,231273.66,0,0,0,0,0,3,LOW
TXN004884,2024-10-31,12,CASH_IN,971.64,US,492639.52,493611.16,0,0,0,0,0,3,LOW
TXN004885,2024-10-30,14,DEBIT,2499.82,RU,288025.0,285525.18,0,0,0,1,0,33,LOW
TXN004886,2024-03-21,21,TRANSFER,276.13,US,220698.85,220422.72,0,0,0,0,0,0,LOW
TXN004887,2024-06-20,15,DEBIT,509.68,IR,314077.21,313567.53,0,0,0,1,0,35,LOW
TXN004888,2024-09-24,7,DEBIT,1188.55,DE,335591.39,334402.84,0,0,0,0,0,3,LOW
TXN004889,2024-04-21,11,CASH_IN,3830.54,US,392100.57,395931.11,0,0,0,0,0,4,LOW
TXN004890,2024-09-22,8,PAYMENT,6026.37,MX,96370.51,90344.14,0,0,0,0,0,0,LOW
TXN004891,2024-11-18,11,PAYMENT,2904.75,US,354906.71,352001.96,0,0,0,0,0,3,LOW
TXN004892,2024-10-24,21,DEBIT,498.36,US,20445.38,19947.02,0,0,0,0,0,0,LOW
TXN004893,2024-03-07,8,CASH_IN,628.59,NG,12211.91,12840.5,0,0,0,1,0,33,LOW
TXN004894,2024-09-04,20,CASH_OUT,7987.52,US,203813.77,195826.25,0,0,0,0,0,5,LOW
TXN004895,2024-12-24,16,CASH_OUT,2684.1,NG,456227.73,453543.63,0,0,0,1,0,30,LOW
TXN004896,2024-08-31,8,TRANSFER,682.27,IR,224192.78,223510.51,0,0,0,1,0,32,LOW
TXN004897,2024-04-18,16,TRANSFER,10220.6,MX,497513.26,487292.66,0,0,0,0,0,18,LOW
TXN004898,2024-10-22,1,TRANSFER,52399.23,DE,336930.73,284531.5,0,1,0,0,1,87,HIGH
TXN004899,2024-10-02,19,CASH_IN,4371.48,UK,246055.53,250427.01,0,0,0,0,0,4,LOW
TXN004900,2024-11-18,13,PAYMENT,1287.68,RU,325515.27,324227.59,0,0,0,1,0,35,LOW
TXN004901,2024-08-27,17,TRANSFER,8689.73,UK,24683.1,15993.37,0,0,0,0,0,1,LOW
TXN004902,2024-04-14,12,TRANSFER,19818.88,US,162038.57,142219.69,0,0,0,0,0,16,LOW
TXN004903,2024-06-17,13,CASH_IN,577.16,UK,81223.77,81800.93,0,0,0,0,0,3,LOW
TXN004904,2024-05-06,16,CASH_OUT,776.32,US,249870.36,249094.04,0,0,0,0,0,1,LOW
TXN004905,2024-07-10,21,DEBIT,956.9,NG,303307.95,302351.05,0,0,0,1,0,35,LOW
TXN004906,2024-04-30,1,TRANSFER,53482.04,US,64039.75,10557.71,0,1,0,0,1,86,HIGH
TXN004907,2024-01-21,17,CASH_IN,1126.93,UK,427333.0,428459.93,0,0,0,0,0,1,LOW
TXN004908,2024-10-29,21,TRANSFER,196.64,RU,208927.56,208730.92,0,0,0,1,0,31,LOW
TXN004909,2024-05-08,20,PAYMENT,1248.07,CN,266751.11,265503.04,0,0,0,0,0,4,LOW
TXN004910,2024-10-03,7,PAYMENT,1463.02,IR,305770.61,304307.59,0,0,0,1,0,34,LOW
TXN004911,2024-12-13,20,TRANSFER,3179.5,UK,481561.97,478382.47,0,0,0,0,0,1,LOW
TXN004912,2024-10-25,1,CASH_OUT,26950.35,RU,367718.09,340767.74,0,0,0,1,1,66,MEDIUM
TXN004913,2024-02-10,13,CASH_OUT,1326.04,MX,325807.68,324481.64,0,0,0,0,0,4,LOW
TXN004914,2024-01-12,18,CASH_OUT,410.35,US,294887.45,294477.1,0,0,0,0,0,1,LOW
TXN004915,2024-04-28,10,TRANSFER,9742.42,US,136160.47,126418.05,0,0,0,0,0,2,LOW
TXN004916,2024-10-04,18,TRANSFER,7675.03,US,302475.44,294800.41,0,0,0,0,0,1,LOW
TXN004917,2024-12-12,19,PAYMENT,9140.82,US,196411.11,187270.29,0,0,0,0,0,1,LOW
TXN004918,2024-07-22,8,PAYMENT,985.74,NG,451942.31,450956.57,0,0,0,1,0,31,LOW
TXN004919,2024-02-20,19,PAYMENT,6844.25,RU,293019.83,286175.58,0,0,0,1,0,31,LOW
TXN004920,2024-12-04,10,CASH_OUT,990.14,IR,125898.34,124908.2,0,0,0,1,0,35,LOW
TXN004921,2024-11-28,7,DEBIT,4618.15,MX,184197.84,179579.69,0,0,0,0,0,5,LOW
TXN004922,2024-07-21,15,TRANSFER,13950.11,IR,198826.63,184876.52,0,0,0,1,0,35,LOW
TXN004923,2024-09-04,7,TRANSFER,639.7,US,378691.28,378051.58,0,0,0,0,0,0,LOW
TXN004924,2024-04-08,16,CASH_IN,4309.38,UK,352315.46,356624.84,0,0,0,0,0,0,LOW
TXN004925,2024-06-14,9,DEBIT,7577.16,DE,321257.89,313680.73,0,0,0,0,0,1,LOW
TXN004926,2024-03-20,16,CASH_IN,1834.99,US,13180.44,15015.43,0,0,0,0,0,0,LOW
TXN004927,2024-12-18,11,CASH_OUT,18480.17,US,352597.68,334117.51,0,0,0,0,0,19,LOW
TXN004928,2024-03-01,20,DEBIT,800.76,US,406900.88,406100.12,0,0,0,0,0,0,LOW
TXN004929,2024-11-08,2,TRANSFER,125554.99,DE,123264.26,0.0,0,0,0,0,1,61,MEDIUM
TXN004930,2024-05-05,9,CASH_IN,58.84,US,186820.95,186879.79,0,0,0,0,0,0,LOW
TXN004931,2024-03-13,18,DEBIT,3326.38,RU,347566.06,344239.68,0,0,0,1,0,35,LOW
TXN004932,2024-06-17,18,CASH_IN,716.83,MX,67220.08,67936.91,0,0,0,0,0,2,LOW
TXN004933,2024-12-26,2,CASH_OUT,45173.39,US,200186.97,155013.58,0,1,0,0,1,63,MEDIUM
TXN004934,2024-07-30,11,CASH_IN,4238.46,RU,221637.87,225876.33,0,0,0,1,0,34,LOW
TXN004935,2024-05-04,12,CASH_OUT,877.61,UK,158737.23,157859.62,0,0,0,0,0,3,LOW
TXN004936,2024-06-10,11,PAYMENT,574.63,DE,236953.25,236378.62,0,0,0,0,0,1,LOW
TXN004937,2024-08-07,9,DEBIT,384.78,US,206763.37,206378.59,0,0,0,0,0,3,LOW
TXN004938,2024-09-25,21,PAYMENT,197.87,US,69816.57,69618.7,0,0,0,0,0,0,LOW
TXN004939,2024-02-26,7,TRANSFER,2665.41,NG,61622.36,58956.95,0,0,0,1,0,32,LOW
TXN004940,2024-08-07,17,TRANSFER,2215.74,NG,133064.35,130848.61,0,0,0,1,0,30,LOW
TXN004941,2024-10-14,18,CASH_OUT,2364.23,IR,134877.34,132513.11,0,0,0,1,0,30,LOW
TXN004942,2024-04-22,12,PAYMENT,1272.25,IR,336917.47,335645.22,0,0,0,1,0,32,LOW
TXN004943,2024-08-14,9,CASH_IN,467.72,IR,389943.88,390411.6,0,0,0,1,0,33,LOW
TXN004944,2024-06-15,3,CASH_OUT,11016.09,CN,347270.83,336254.74,0,1,0,0,1,63,MEDIUM
TXN004945,2024-01-15,9,TRANSFER,2989.02,NG,404879.34,401890.32,0,0,0,1,0,31,LOW
TXN004946,2024-04-04,11,DEBIT,5352.31,CN,291098.27,285745.96,0,0,0,0,0,5,LOW
TXN004947,2024-06-16,21,CASH_OUT,1329.83,IR,145376.27,144046.44,0,0,0,1,0,30,LOW
TXN004948,2024-01-03,18,CASH_IN,4955.51,MX,343229.09,348184.6,0,0,0,0,0,4,LOW
TXN004949,2024-12-15,16,TRANSFER,18966.88,UK,188823.83,169856.95,0,0,0,0,0,19,LOW
TXN004950,2024-04-29,10,DEBIT,3290.86,RU,233589.62,230298.76,0,0,0,1,0,31,LOW
TXN004951,2024-06-22,15,DEBIT,6018.34,UK,307880.73,301862.39,0,0,0,0,0,5,LOW
TXN004952,2024-05-23,15,CASH_OUT,322.92,UK,305301.04,304978.12,0,0,0,0,0,0,LOW
TXN004953,2024-03-11,17,PAYMENT,1264.5,DE,157519.22,156254.72,0,0,0,0,0,3,LOW
TXN004954,2024-02-13,11,PAYMENT,4060.85,NG,499403.16,495342.31,0,0,0,1,0,34,LOW
TXN004955,2024-01-02,19,CASH_OUT,2608.73,NG,431771.35,429162.62,0,0,0,1,0,34,LOW
TXN004956,2024-11-09,9,PAYMENT,1255.65,DE,128365.37,127109.72,0,0,0,0,0,1,LOW
TXN004957,2024-03-25,18,DEBIT,2554.4,CN,13547.0,10992.6,0,0,0,0,0,0,LOW
TXN004958,2024-11-30,19,PAYMENT,454.93,NG,77151.92,76696.99,0,0,0,1,0,32,LOW
TXN004959,2024-11-23,16,DEBIT,4097.12,NG,176293.85,172196.73,0,0,0,1,0,34,LOW
TXN004960,2024-12-10,7,PAYMENT,2299.0,CN,4337.24,2038.24,0,0,0,0,0,0,LOW
TXN004961,2024-07-14,18,CASH_IN,1052.31,CN,355265.25,356317.56,0,0,0,0,0,1,LOW
TXN004962,2024-10-27,14,DEBIT,98.83,US,142355.12,142256.29,0,0,0,0,0,4,LOW
TXN004963,2024-07-21,7,DEBIT,2648.98,RU,91184.2,88535.22,0,0,0,1,0,30,LOW
TXN004964,2024-03-12,2,CASH_OUT,53911.89,RU,195480.59,141568.7,0,1,0,1,1,100,HIGH
TXN004965,2024-12-30,20,CASH_IN,4401.58,MX,423443.3,427844.88,0,0,0,0,0,0,LOW
TXN004966,2024-09-19,8,DEBIT,429.15,DE,387953.5,387524.35,0,0,0,0,0,3,LOW
TXN004967,2024-10-02,17,TRANSFER,4905.83,US,91112.65,86206.82,0,0,0,0,0,1,LOW
TXN004968,2024-05-06,8,DEBIT,4697.61,US,422706.6,418008.99,0,0,0,0,0,1,LOW
TXN004969,2024-01-31,7,PAYMENT,6515.0,NG,177823.29,171308.29,0,0,0,1,0,31,LOW
TXN004970,2024-09-20,21,CASH_OUT,7059.37,US,8972.18,1912.81,0,0,0,0,0,3,LOW
TXN004971,2024-05-12,12,DEBIT,1366.34,US,170235.39,168869.05,0,0,0,0,0,4,LOW
TXN004972,2024-03-07,16,CASH_OUT,475.81,IR,84475.02,83999.21,0,0,0,1,0,31,LOW
TXN004973,2024-12-15,9,PAYMENT,4947.85,US,231606.8,226658.95,0,0,0,0,0,5,LOW
TXN004974,2024-01-01,17,PAYMENT,3688.61,US,487825.39,484136.78,0,0,0,0,0,0,LOW
TXN004975,2024-07-16,17,TRANSFER,988.27,US,228585.36,227597.09,0,0,0,0,0,5,LOW
TXN004976,2024-02-24,10,DEBIT,940.7,UK,58312.31,57371.61,0,0,0,0,0,4,LOW
TXN004977,2024-10-13,21,TRANSFER,471.91,US,63049.08,62577.17,0,0,0,0,0,1,LOW
TXN004978,2024-12-17,20,DEBIT,6468.36,UK,80769.64,74301.28,0,0,0,0,0,1,LOW
TXN004979,2024-10-05,17,CASH_IN,2997.79,MX,210236.26,213234.05,0,0,0,0,0,1,LOW
TXN004980,2024-10-18,18,PAYMENT,482.87,DE,308035.07,307552.2,0,0,0,0,0,0,LOW
TXN004981,2024-01-14,18,PAYMENT,1849.82,DE,437298.87,435449.05,0,0,0,0,0,4,LOW
TXN004982,2024-03-27,12,CASH_OUT,6028.9,US,92646.09,86617.19,0,0,0,0,0,4,LOW
TXN004983,2024-10-08,17,CASH_IN,4405.39,MX,36664.97,41070.36,0,0,0,0,0,5,LOW
TXN004984,2024-10-25,2,CASH_OUT,43990.22,RU,424282.89,380292.67,0,1,0,1,1,95,HIGH
TXN004985,2024-01-03,7,CASH_IN,41.0,US,138398.95,138439.95,0,0,0,0,0,0,LOW
TXN004986,2024-03-31,10,CASH_IN,1137.46,NG,243804.64,244942.1,0,0,0,1,0,35,LOW
TXN004987,2024-06-19,7,PAYMENT,271.17,US,385582.5,385311.33,0,0,0,0,0,5,LOW
TXN004988,2024-06-30,15,DEBIT,1546.95,US,210288.09,208741.14,0,0,0,0,0,3,LOW
TXN004989,2024-04-14,4,TRANSFER,35930.75,UK,52068.1,16137.35,0,1,0,0,1,60,MEDIUM
TXN004990,2024-05-14,8,DEBIT,2485.88,US,214947.06,212461.18,0,0,0,0,0,3,LOW
TXN004991,2024-07-04,20,TRANSFER,5983.63,MX,456368.29,450384.66,0,0,0,0,0,1,LOW
TXN004992,2024-03-22,14,PAYMENT,5711.56,US,172421.46,166709.9,0,0,0,0,0,3,LOW
TXN004993,2024-08-03,8,TRANSFER,3598.0,IR,470212.21,466614.21,0,0,0,1,0,31,LOW
TXN004994,2024-10-05,20,CASH_IN,145.54,DE,236752.54,236898.08,0,0,0,0,0,0,LOW
TXN004995,2024-03-04,20,CASH_IN,1748.28,CN,290358.99,292107.27,0,0,0,0,0,2,LOW
TXN004996,2024-03-15,12,DEBIT,2141.77,UK,153185.57,151043.8,0,0,0,0,0,5,LOW
TXN004997,2024-12-01,15,CASH_OUT,1611.09,US,209742.72,208131.63,0,0,0,0,0,2,LOW
TXN004998,2024-07-05,3,CASH_OUT,16682.56,RU,24377.93,7695.37,0,0,0,1,1,69,MEDIUM
TXN004999,2024-09-21,17,DEBIT,146.83,US,470758.91,470612.08,0,0,0,0,0,0,LOW
TXN005000,2024-08-21,1,TRANSFER,14778.77,NG,30570.55,15791.78,0,1,0,1,1,93,HIGH
TXN005001,2024-10-13,12,PAYMENT,1223.65,US,252871.16,251647.51,0,0,0,0,0,2,LOW
TXN005002,2024-05-07,7,CASH_IN,3291.4,DE,460877.77,464169.17,0,0,0,0,0,2,LOW
TXN005003,2024-09-28,21,DEBIT,7882.53,CN,78800.62,70918.09,0,0,0,0,0,4,LOW
TXN005004,2024-06-26,8,PAYMENT,4079.71,NG,348514.59,344434.88,0,0,0,1,0,35,LOW
TXN005005,2024-07-29,15,DEBIT,4829.36,IR,368453.75,363624.39,0,0,0,1,0,34,LOW
TXN005006,2024-12-06,19,CASH_OUT,1434.8,IR,279385.53,277950.73,0,0,0,1,0,34,LOW
TXN005007,2024-04-29,14,DEBIT,2890.26,NG,263868.95,260978.69,0,0,0,1,0,32,LOW
TXN005008,2024-03-13,16,CASH_IN,461.16,US,208648.7,209109.86,0,0,0,0,0,3,LOW
TXN005009,2024-06-20,18,TRANSFER,184.78,MX,129958.58,129773.8,0,0,0,0,0,2,LOW
TXN005010,2024-02-24,16,CASH_IN,3724.14,NG,454516.21,458240.35,0,0,0,1,0,35,LOW
TXN005011,2024-10-19,10,CASH_OUT,5009.64,MX,320246.53,315236.89,0,0,0,0,0,0,LOW
TXN005012,2024-02-03,7,DEBIT,1077.82,NG,434946.38,433868.56,0,0,0,1,0,30,LOW
TXN005013,2024-06-27,3,CASH_OUT,47053.92,UK,468109.76,421055.84,0,1,0,0,1,63,MEDIUM
TXN005014,2024-07-01,16,DEBIT,22.7,UK,81897.11,81874.41,0,0,0,0,0,2,LOW
TXN005015,2024-07-26,8,TRANSFER,2447.59,CN,393033.08,390585.49,0,0,0,0,0,0,LOW
TXN005016,2024-10-02,17,DEBIT,3795.59,RU,308741.59,304946.0,0,0,0,1,0,31,LOW
TXN005017,2024-11-10,16,CASH_OUT,765.37,RU,107127.84,106362.47,0,0,0,1,0,33,LOW
TXN005018,2024-01-30,10,DEBIT,3173.43,NG,439566.21,436392.78,0,0,0,1,0,35,LOW
TXN005019,2024-06-30,18,TRANSFER,5234.27,DE,241516.32,236282.05,0,0,0,0,0,3,LOW
TXN005020,2024-04-14,17,DEBIT,984.93,US,403961.92,402976.99,0,0,0,0,0,4,LOW
TXN005021,2024-10-03,11,DEBIT,951.9,IR,220185.01,219233.11,0,0,0,1,0,33,LOW
TXN005022,2024-09-29,1,CASH_OUT,6042.93,RU,21420.67,15377.74,0,1,0,1,1,77,HIGH
TXN005023,2024-01-26,12,CASH_IN,902.35,US,412452.6,413354.95,0,0,0,0,0,0,LOW
TXN005024,2024-10-22,23,CASH_OUT,53529.59,CN,321560.29,268030.7,0,1,0,0,1,88,HIGH
TXN005025,2024-12-26,8,DEBIT,2495.68,US,98357.14,95861.46,0,0,0,0,0,0,LOW
TXN005026,2024-06-02,10,CASH_OUT,776.99,US,408637.55,407860.56,0,0,0,0,0,3,LOW
TXN005027,2024-01-25,10,CASH_IN,3298.63,US,400798.83,404097.46,0,0,0,0,0,2,LOW
TXN005028,2024-04-16,7,CASH_IN,1716.57,UK,113870.37,115586.94,0,0,0,0,0,4,LOW
TXN005029,2024-05-14,8,TRANSFER,2065.36,DE,125880.42,123815.06,0,0,0,0,0,2,LOW
TXN005030,2024-12-25,11,CASH_IN,2055.17,US,486450.07,488505.24,0,0,0,0,0,5,LOW
TXN005031,2024-01-23,18,TRANSFER,7792.43,DE,119923.66,112131.23,0,0,0,0,0,1,LOW
TXN005032,2024-03-11,23,TRANSFER,125045.98,US,90160.43,0.0,0,1,0,0,1,90,HIGH
TXN005033,2024-11-13,11,CASH_OUT,6094.02,CN,314354.85,308260.83,0,0,0,0,0,1,LOW
TXN005034,2024-09-14,19,CASH_OUT,129.56,UK,355055.17,354925.61,0,0,0,0,0,3,LOW
TXN005035,2024-11-01,19,TRANSFER,2119.05,RU,104649.2,102530.15,0,0,0,1,0,30,LOW
TXN005036,2024-09-30,13,TRANSFER,1017.69,MX,348783.49,347765.8,0,0,0,0,0,1,LOW
TXN005037,2024-05-07,14,CASH_OUT,1781.03,RU,184881.91,183100.88,0,0,0,1,0,35,LOW
TXN005038,2024-05-14,23,TRANSFER,192181.27,NG,219073.3,26892.03,0,1,0,1,1,100,HIGH
TXN005039,2024-06-24,17,TRANSFER,2237.18,US,138095.51,135858.33,0,0,0,0,0,2,LOW
TXN005040,2024-08-13,19,CASH_OUT,2740.94,CN,212760.33,210019.39,0,0,0,0,0,3,LOW
TXN005041,2024-05-17,15,CASH_IN,1186.47,UK,63337.44,64523.91,0,0,0,0,0,2,LOW
TXN005042,2024-11-05,18,TRANSFER,34.91,MX,179259.34,179224.43,0,0,0,0,0,2,LOW
TXN005043,2024-06-07,7,TRANSFER,6498.45,IR,426818.59,420320.14,0,0,0,1,0,34,LOW
TXN005044,2024-09-27,21,CASH_IN,3044.18,IR,68333.99,71378.17,0,0,0,1,0,30,LOW
TXN005045,2024-12-03,17,PAYMENT,304.25,RU,390889.43,390585.18,0,0,0,1,0,30,LOW
TXN005046,2024-08-06,13,CASH_IN,1182.29,RU,101348.37,102530.66,0,0,0,1,0,34,LOW
TXN005047,2024-12-11,17,TRANSFER,508.26,UK,391486.28,390978.02,0,0,0,0,0,3,LOW
TXN005048,2024-12-21,17,CASH_IN,9751.45,RU,200919.78,210671.23,0,0,0,1,0,33,LOW
TXN005049,2024-10-29,10,DEBIT,7023.29,RU,160588.17,153564.88,0,0,0,1,0,34,LOW
TXN005050,2024-06-13,16,PAYMENT,226.13,US,378018.35,377792.22,0,0,0,0,0,5,LOW
TXN005051,2024-02-08,10,CASH_OUT,4564.76,US,406448.59,401883.83,0,0,0,0,0,4,LOW
TXN005052,2024-11-03,19,DEBIT,9385.02,RU,465230.99,455845.97,0,0,0,1,0,32,LOW
TXN005053,2024-11-13,1,CASH_OUT,62053.58,DE,484582.85,422529.27,0,1,0,0,1,87,HIGH
TXN005054,2024-03-01,2,CASH_OUT,29073.82,NG,157865.44,128791.62,0,1,0,1,1,92,HIGH
TXN005055,2024-12-02,9,PAYMENT,1401.54,DE,369718.18,368316.64,0,0,0,0,0,3,LOW
TXN005056,2024-07-10,18,CASH_IN,10646.96,US,279370.76,290017.72,0,0,0,0,0,0,LOW
TXN005057,2024-03-20,14,PAYMENT,2874.77,UK,121980.05,119105.28,0,0,0,0,0,4,LOW
TXN005058,2024-09-18,9,PAYMENT,985.25,MX,140205.28,139220.03,0,0,0,0,0,1,LOW
TXN005059,2024-01-31,13,DEBIT,2916.78,US,235818.02,232901.24,0,0,0,0,0,1,LOW
TXN005060,2024-11-09,11,TRANSFER,8621.37,RU,429312.02,420690.65,0,0,0,1,0,30,LOW
TXN005061,2024-02-18,19,CASH_IN,672.62,MX,312711.84,313384.46,0,0,0,0,0,4,LOW
TXN005062,2024-08-19,8,CASH_IN,9873.79,RU,251968.96,261842.75,0,0,0,1,0,34,LOW
TXN005063,2024-06-15,20,CASH_OUT,202.5,UK,495060.13,494857.63,0,0,0,0,0,5,LOW
TXN005064,2024-04-07,21,CASH_OUT,9735.8,US,302490.21,292754.41,0,0,0,0,0,3,LOW
TXN005065,2024-09-25,16,PAYMENT,1173.37,IR,298435.69,297262.32,0,0,0,1,0,30,LOW
TXN005066,2024-09-13,11,PAYMENT,1604.7,US,256444.22,254839.52,0,0,0,0,0,5,LOW
TXN005067,2024-01-07,15,PAYMENT,5533.16,UK,303426.53,297893.37,0,0,0,0,0,0,LOW
TXN005068,2024-04-21,1,TRANSFER,7575.74,US,30325.23,22749.49,0,1,0,0,1,45,MEDIUM
TXN005069,2024-12-23,16,PAYMENT,333.69,UK,399981.68,399647.99,0,0,0,0,0,1,LOW
TXN005070,2024-07-08,8,CASH_OUT,3794.82,MX,338443.54,334648.72,0,0,0,0,0,3,LOW
TXN005071,2024-02-13,17,PAYMENT,10511.75,US,252979.39,242467.64,0,0,0,0,0,3,LOW
TXN005072,2024-03-20,10,DEBIT,727.7,UK,336532.6,335804.9,0,0,0,0,0,1,LOW
TXN005073,2024-01-21,10,PAYMENT,2436.12,US,214110.54,211674.42,0,0,0,0,0,0,LOW
TXN005074,2024-04-01,7,TRANSFER,4093.1,US,463075.86,458982.76,0,0,0,0,0,5,LOW
TXN005075,2024-05-14,19,CASH_OUT,3835.69,UK,296257.61,292421.92,0,0,0,0,0,3,LOW
TXN005076,2024-06-21,20,CASH_OUT,539.35,MX,386477.28,385937.93,0,0,0,0,0,1,LOW
TXN005077,2024-08-06,15,CASH_IN,6820.98,RU,142700.07,149521.05,0,0,0,1,0,33,LOW
TXN005078,2024-04-02,18,CASH_OUT,9630.72,US,287168.35,277537.63,0,0,0,0,0,1,LOW
TXN005079,2024-12-04,13,DEBIT,2160.15,CN,94048.67,91888.52,0,0,0,0,0,5,LOW
TXN005080,2024-03-01,10,PAYMENT,2065.97,RU,65994.27,63928.3,0,0,0,1,0,30,LOW
TXN005081,2024-01-28,20,DEBIT,1691.03,IR,1548.79,0.0,0,0,0,1,0,34,LOW
TXN005082,2024-11-22,21,DEBIT,323.93,UK,201114.01,200790.08,0,0,0,0,0,5,LOW
TXN005083,2024-02-19,11,CASH_IN,3425.8,US,235443.36,238869.16,0,0,0,0,0,5,LOW
TXN005084,2024-12-17,13,TRANSFER,5939.73,US,116614.57,110674.84,0,0,0,0,0,0,LOW
TXN005085,2024-06-27,8,DEBIT,1496.03,CN,426539.45,425043.42,0,0,0,0,0,4,LOW
TXN005086,2024-05-23,15,CASH_IN,3405.82,UK,298469.16,301874.98,0,0,0,0,0,1,LOW
TXN005087,2024-08-27,17,PAYMENT,1431.1,UK,342812.01,341380.91,0,0,0,0,0,4,LOW
TXN005088,2024-10-18,11,CASH_OUT,1124.61,US,414742.44,413617.83,0,0,0,0,0,3,LOW
TXN005089,2024-01-26,14,DEBIT,3430.11,RU,366944.89,363514.78,0,0,0,1,0,34,LOW
TXN005090,2024-04-07,16,CASH_IN,3720.9,US,447074.55,450795.45,0,0,0,0,0,1,LOW
TXN005091,2024-01-31,10,PAYMENT,587.36,US,62434.87,61847.51,0,0,0,0,0,4,LOW
TXN005092,2024-12-13,11,CASH_IN,2213.95,US,174487.64,176701.59,0,0,0,0,0,2,LOW
TXN005093,2024-10-18,3,CASH_OUT,9793.0,IR,201207.94,191414.94,1,1,0,1,1,100,HIGH
TXN005094,2024-01-17,20,CASH_IN,4881.76,US,290817.37,295699.13,0,0,0,0,0,1,LOW
TXN005095,2024-10-10,18,TRANSFER,3357.04,RU,25127.53,21770.49,0,0,0,1,0,30,LOW
TXN005096,2024-04-07,18,TRANSFER,3257.24,US,40790.19,37532.95,0,0,0,0,0,0,LOW
TXN005097,2024-05-25,7,TRANSFER,1173.53,UK,340688.04,339514.51,0,0,0,0,0,5,LOW
TXN005098,2024-01-01,19,PAYMENT,598.61,US,151167.12,150568.51,0,0,0,0,0,2,LOW
TXN005099,2024-12-09,20,TRANSFER,312.45,NG,372202.16,371889.71,0,0,0,1,0,30,LOW
TXN005100,2024-06-01,17,CASH_IN,991.32,IR,390938.71,391930.03,0,0,0,1,0,32,LOW
TXN005101,2024-08-07,12,CASH_IN,5243.38,US,469548.47,474791.85,0,0,0,0,0,3,LOW
TXN005102,2024-01-06,13,CASH_IN,3764.97,RU,6984.44,10749.41,0,0,0,1,0,33,LOW
TXN005103,2024-07-07,10,CASH_IN,5381.08,CN,331727.11,337108.19,0,0,0,0,0,4,LOW
TXN005104,2024-05-17,19,CASH_IN,1984.21,DE,114438.93,116423.14,0,0,0,0,0,2,LOW
TXN005105,2024-01-18,10,CASH_IN,1120.98,UK,392001.33,393122.31,0,0,0,0,0,4,LOW
TXN005106,2024-10-19,21,TRANSFER,108.41,MX,325953.54,325845.13,0,0,0,0,0,2,LOW
TXN005107,2024-12-03,16,CASH_OUT,870.44,UK,431349.97,430479.53,0,0,0,0,0,1,LOW
TXN005108,2024-04-07,16,CASH_OUT,17163.36,IR,446821.37,429658.01,0,0,0,1,0,35,LOW
TXN005109,2024-09-09,18,TRANSFER,307.9,UK,334753.54,334445.64,0,0,0,0,0,3,LOW
TXN005110,2024-05-18,11,TRANSFER,2092.58,US,2054.35,0.0,0,0,0,0,0,1,LOW
TXN005111,2024-09-24,7,CASH_IN,674.59,UK,76736.92,77411.51,0,0,0,0,0,2,LOW
TXN005112,2024-12-20,8,CASH_IN,1282.41,MX,76732.1,78014.51,0,0,0,0,0,0,LOW
TXN005113,2024-03-14,10,CASH_OUT,3854.89,DE,53496.33,49641.44,0,0,0,0,0,1,LOW
TXN005114,2024-05-22,14,DEBIT,5390.78,MX,118577.9,113187.12,0,0,0,0,0,5,LOW
TXN005115,2024-04-25,11,DEBIT,3076.72,US,168747.85,165671.13,0,0,0,0,0,4,LOW
TXN005116,2024-06-25,12,CASH_OUT,1686.49,RU,328981.18,327294.69,0,0,0,1,0,34,LOW
TXN005117,2024-09-09,8,PAYMENT,10265.06,US,106337.03,96071.97,0,0,0,0,0,3,LOW
TXN005118,2024-10-17,15,CASH_OUT,5783.31,DE,282344.4,276561.09,0,0,0,0,0,3,LOW
TXN005119,2024-07-02,19,TRANSFER,5.0,IR,420297.12,420292.12,0,0,0,1,0,31,LOW
TXN005120,2024-08-21,21,TRANSFER,6483.51,US,398986.4,392502.89,0,0,0,0,0,0,LOW
TXN005121,2024-12-15,12,DEBIT,444.52,UK,270650.76,270206.24,0,0,0,0,0,0,LOW
TXN005122,2024-07-30,12,CASH_IN,6172.24,CN,371287.53,377459.77,0,0,0,0,0,3,LOW
TXN005123,2024-10-02,8,CASH_IN,3433.76,CN,296989.01,300422.77,0,0,0,0,0,0,LOW
TXN005124,2024-02-03,19,DEBIT,2250.64,IR,467125.19,464874.55,0,0,0,1,0,33,LOW
TXN005125,2024-11-18,21,CASH_OUT,11105.15,DE,484526.69,473421.54,0,0,0,0,0,17,LOW
TXN005126,2024-04-24,16,CASH_IN,7520.01,IR,197751.05,205271.06,0,0,0,1,0,35,LOW
TXN005127,2024-06-07,17,CASH_OUT,1091.31,US,132462.71,131371.4,0,0,0,0,0,5,LOW
TXN005128,2024-04-02,12,PAYMENT,3926.16,US,456902.67,452976.51,0,0,0,0,0,5,LOW
TXN005129,2024-05-19,14,CASH_OUT,1203.04,US,185690.2,184487.16,0,0,0,0,0,0,LOW
TXN005130,2024-11-11,17,DEBIT,1524.2,UK,193444.89,191920.69,0,0,0,0,0,5,LOW
TXN005131,2024-08-03,9,DEBIT,2999.36,US,236142.3,233142.94,0,0,0,0,0,2,LOW
TXN005132,2024-12-04,17,DEBIT,305.18,US,437289.41,436984.23,0,0,0,0,0,1,LOW
TXN005133,2024-10-05,7,CASH_OUT,2162.29,IR,116369.55,114207.26,0,0,0,1,0,34,LOW
TXN005134,2024-05-13,13,DEBIT,3449.77,US,108850.31,105400.54,0,0,0,0,0,4,LOW
TXN005135,2024-07-18,19,CASH_OUT,2885.26,UK,90418.17,87532.91,0,0,0,0,0,5,LOW
TXN005136,2024-09-30,13,TRANSFER,3151.55,US,38996.7,35845.15,0,0,0,0,0,2,LOW
TXN005137,2024-04-27,19,CASH_OUT,2204.03,UK,413909.55,411705.52,0,0,0,0,0,4,LOW
TXN005138,2024-09-25,4,CASH_OUT,21522.51,CN,83985.12,62462.61,0,1,0,0,1,64,MEDIUM
TXN005139,2024-09-03,8,CASH_OUT,5617.01,MX,360556.99,354939.98,0,0,0,0,0,2,LOW
TXN005140,2024-11-21,12,CASH_OUT,396.76,CN,419803.05,419406.29,0,0,0,0,0,0,LOW
TXN005141,2024-07-15,15,TRANSFER,3016.42,US,123241.81,120225.39,0,0,0,0,0,1,LOW
TXN005142,2024-10-11,14,TRANSFER,397.87,CN,4406.25,4008.38,0,0,0,0,0,5,LOW
TXN005143,2024-09-30,18,DEBIT,2107.99,NG,143035.4,140927.41,0,0,0,1,0,33,LOW
TXN005144,2024-02-21,19,CASH_OUT,5110.01,US,55926.5,50816.49,0,0,0,0,0,1,LOW
TXN005145,2024-03-04,15,PAYMENT,9666.32,NG,10701.83,1035.51,0,0,0,1,0,30,LOW
TXN005146,2024-07-14,14,CASH_IN,4431.31,US,205163.89,209595.2,0,0,0,0,0,0,LOW
TXN005147,2024-06-18,11,TRANSFER,961.23,US,106561.47,105600.24,0,0,0,0,0,4,LOW
TXN005148,2024-04-11,18,DEBIT,1949.7,DE,38090.64,36140.94,0,0,0,0,0,5,LOW
TXN005149,2024-06-01,11,TRANSFER,992.73,US,24930.2,23937.47,0,0,0,0,0,5,LOW
TXN005150,2024-09-27,14,CASH_IN,2150.98,US,497503.75,499654.73,0,0,0,0,0,5,LOW
TXN005151,2024-04-01,15,CASH_IN,4817.49,US,192833.2,197650.69,0,0,0,0,0,0,LOW
TXN005152,2024-03-22,18,PAYMENT,5024.68,MX,243972.03,238947.35,0,0,0,0,0,5,LOW
TXN005153,2024-10-12,8,DEBIT,7189.12,US,376564.04,369374.92,0,0,0,0,0,5,LOW
TXN005154,2024-03-28,17,TRANSFER,835.41,RU,267116.52,266281.11,0,0,0,1,0,31,LOW
TXN005155,2024-11-09,3,CASH_OUT,103280.23,US,408931.78,305651.55,0,1,0,0,1,88,HIGH
TXN005156,2024-09-30,18,CASH_IN,4843.21,RU,402810.23,407653.44,0,0,0,1,0,30,LOW
TXN005157,2024-03-17,10,TRANSFER,2788.77,UK,274447.24,271658.47,0,0,0,0,0,5,LOW
TXN005158,2024-12-19,15,TRANSFER,4223.35,RU,132724.57,128501.22,0,0,0,1,0,35,LOW
TXN005159,2024-02-26,19,PAYMENT,5663.41,US,163133.5,157470.09,0,0,0,0,0,0,LOW
TXN005160,2024-05-18,2,TRANSFER,84347.35,MX,94593.96,10246.61,0,0,0,0,1,63,MEDIUM
TXN005161,2024-11-27,11,DEBIT,2379.71,MX,213577.89,211198.18,0,0,0,0,0,5,LOW
TXN005162,2024-04-19,16,DEBIT,1384.7,DE,202718.32,201333.62,0,0,0,0,0,1,LOW
TXN005163,2024-05-07,8,CASH_OUT,3843.01,IR,81127.24,77284.23,0,0,0,1,0,34,LOW
TXN005164,2024-07-30,7,PAYMENT,749.82,CN,413865.12,413115.3,0,0,0,0,0,5,LOW
TXN005165,2024-02-13,23,CASH_OUT,34444.99,US,146746.53,112301.54,0,1,0,0,1,65,MEDIUM
TXN005166,2024-10-03,14,CASH_OUT,7234.17,UK,487735.29,480501.12,0,0,0,0,0,4,LOW
TXN005167,2024-03-15,9,PAYMENT,7752.04,RU,389754.23,382002.19,0,0,0,1,0,35,LOW
TXN005168,2024-05-18,15,CASH_IN,2344.22,MX,395074.45,397418.67,0,0,0,0,0,2,LOW
TXN005169,2024-08-26,7,DEBIT,8499.26,RU,374568.18,366068.92,0,0,0,1,0,34,LOW
TXN005170,2024-10-12,20,DEBIT,579.29,US,446041.73,445462.44,0,0,0,0,0,4,LOW
TXN005171,2024-12-16,15,PAYMENT,1092.14,US,180545.76,179453.62,0,0,0,0,0,2,LOW
TXN005172,2024-03-26,8,CASH_IN,2623.69,US,242568.55,245192.24,0,0,0,0,0,1,LOW
TXN005173,2024-09-30,13,TRANSFER,753.93,UK,383774.52,383020.59,0,0,0,0,0,1,LOW
TXN005174,2024-02-07,8,DEBIT,2609.01,US,111488.86,108879.85,0,0,0,0,0,4,LOW
TXN005175,2024-12-16,12,PAYMENT,3565.71,UK,110037.77,106472.06,0,0,0,0,0,3,LOW
TXN005176,2024-05-28,8,CASH_IN,7128.24,NG,46098.62,53226.86,0,0,0,1,0,31,LOW
TXN005177,2024-09-09,14,CASH_IN,9536.55,MX,56334.19,65870.74,0,0,0,0,0,5,LOW
TXN005178,2024-04-01,11,TRANSFER,2766.94,UK,353393.7,350626.76,0,0,0,0,0,1,LOW
TXN005179,2024-01-14,21,DEBIT,504.66,NG,108098.16,107593.5,0,0,0,1,0,31,LOW
TXN005180,2024-07-08,21,CASH_OUT,5806.58,CN,411960.22,406153.64,0,0,0,0,0,3,LOW
TXN005181,2024-06-13,7,DEBIT,1858.7,UK,406588.91,404730.21,0,0,0,0,0,0,LOW
TXN005182,2024-04-09,13,CASH_IN,3492.92,UK,92637.26,96130.18,0,0,0,0,0,3,LOW
TXN005183,2024-07-26,8,CASH_IN,4304.68,IR,7048.74,11353.42,0,0,0,1,0,31,LOW
TXN005184,2024-12-15,18,TRANSFER,186.3,NG,396401.99,396215.69,0,0,0,1,0,33,LOW
TXN005185,2024-07-04,11,DEBIT,5687.27,MX,223006.05,217318.78,0,0,0,0,0,2,LOW
TXN005186,2024-05-20,17,DEBIT,3269.61,UK,195655.49,192385.88,0,0,0,0,0,5,LOW
TXN005187,2024-08-01,21,TRANSFER,5000.75,RU,208302.91,203302.16,0,0,0,1,0,30,LOW
TXN005188,2024-02-10,11,CASH_IN,1852.78,MX,101857.11,103709.89,0,0,0,0,0,1,LOW
TXN005189,2024-11-18,20,CASH_IN,1308.27,US,203374.82,204683.09,0,0,0,0,0,4,LOW
TXN005190,2024-07-15,17,DEBIT,1968.29,NG,273825.29,271857.0,0,0,0,1,0,31,LOW
TXN005191,2024-03-31,9,DEBIT,651.68,US,186659.83,186008.15,0,0,0,0,0,3,LOW
TXN005192,2024-03-30,13,PAYMENT,4358.96,IR,100477.32,96118.36,0,0,0,1,0,34,LOW
TXN005193,2024-01-09,9,TRANSFER,5346.27,IR,356648.32,351302.05,0,0,0,1,0,32,LOW
TXN005194,2024-01-16,23,TRANSFER,7705.68,US,114271.02,106565.34,0,1,0,0,1,49,MEDIUM
TXN005195,2024-08-28,21,CASH_IN,4571.97,IR,371452.71,376024.68,0,0,0,1,0,31,LOW
TXN005196,2024-02-15,21,PAYMENT,201.43,US,251939.98,251738.55,0,0,0,0,0,5,LOW
TXN005197,2024-06-23,15,DEBIT,7910.85,CN,59964.55,52053.7,0,0,0,0,0,0,LOW
TXN005198,2024-01-27,20,DEBIT,730.2,CN,335619.48,334889.28,0,0,0,0,0,1,LOW
TXN005199,2024-06-21,16,DEBIT,7619.05,CN,213108.56,205489.51,0,0,0,0,0,3,LOW
TXN005200,2024-11-16,11,CASH_OUT,1573.96,DE,474850.28,473276.32,0,0,0,0,0,0,LOW
TXN005201,2024-01-09,14,CASH_OUT,1611.87,MX,220010.65,218398.78,0,0,0,0,0,3,LOW
TXN005202,2024-07-05,7,DEBIT,1663.81,US,75635.54,73971.73,0,0,0,0,0,4,LOW
TXN005203,2024-08-10,15,CASH_OUT,3661.87,US,366997.71,363335.84,0,0,0,0,0,2,LOW
TXN005204,2024-02-12,10,TRANSFER,2058.07,IR,460048.62,457990.55,0,0,0,1,0,31,LOW
TXN005205,2024-05-28,4,TRANSFER,254.13,RU,394972.1,394717.97,0,1,0,1,1,78,HIGH
TXN005206,2024-12-08,4,TRANSFER,15920.69,US,374132.75,358212.06,0,1,0,0,1,62,MEDIUM
TXN005207,2024-04-28,10,CASH_OUT,889.6,RU,343720.2,342830.6,0,0,0,1,0,32,LOW
TXN005208,2024-10-14,12,CASH_OUT,145.74,UK,394145.36,393999.62,0,0,0,0,0,3,LOW
TXN005209,2024-04-05,21,PAYMENT,3315.06,RU,29761.26,26446.2,0,0,0,1,0,35,LOW
TXN005210,2024-05-12,17,TRANSFER,5904.76,UK,481079.81,475175.05,0,0,0,0,0,5,LOW
TXN005211,2024-01-08,19,TRANSFER,5733.69,RU,264466.49,258732.8,0,0,0,1,0,35,LOW
TXN005212,2024-01-15,11,TRANSFER,1001.96,US,213646.11,212644.15,0,0,0,0,0,1,LOW
TXN005213,2024-09-01,10,TRANSFER,3584.29,US,39061.57,35477.28,0,0,0,0,0,4,LOW
TXN005214,2024-10-12,16,DEBIT,1070.33,US,116336.08,115265.75,0,0,0,0,0,5,LOW
TXN005215,2024-01-06,10,CASH_IN,3958.62,US,453164.54,457123.16,0,0,0,0,0,5,LOW
TXN005216,2024-05-24,10,CASH_OUT,825.55,US,124440.45,123614.9,0,0,0,0,0,1,LOW
TXN005217,2024-07-30,7,TRANSFER,796.23,IR,53566.13,52769.9,0,0,0,1,0,31,LOW
TXN005218,2024-05-02,9,CASH_OUT,2189.45,US,343036.66,340847.21,0,0,0,0,0,0,LOW
TXN005219,2024-04-12,4,CASH_OUT,1530.44,IR,279766.94,278236.5,0,0,0,1,1,55,MEDIUM
TXN005220,2024-07-10,3,CASH_OUT,50354.69,CN,350160.59,299805.9,0,1,0,0,1,86,HIGH
TXN005221,2024-07-08,19,PAYMENT,3948.85,MX,109665.83,105716.98,0,0,0,0,0,3,LOW
TXN005222,2024-11-25,7,TRANSFER,91.38,RU,447525.6,447434.22,0,0,0,1,0,33,LOW
TXN005223,2024-02-08,11,TRANSFER,836.76,US,131937.19,131100.43,0,0,0,0,0,5,LOW
TXN005224,2024-07-03,12,CASH_IN,2308.78,US,370671.92,372980.7,0,0,0,0,0,2,LOW
TXN005225,2024-09-12,7,PAYMENT,2191.03,DE,249259.67,247068.64,0,0,0,0,0,4,LOW
TXN005226,2024-05-13,7,DEBIT,5697.89,US,189614.02,183916.13,0,0,0,0,0,1,LOW
TXN005227,2024-09-14,17,CASH_IN,873.44,US,383418.41,384291.85,0,0,0,0,0,1,LOW
TXN005228,2024-12-29,15,CASH_OUT,146.45,CN,223884.36,223737.91,0,0,0,0,0,3,LOW
TXN005229,2024-01-09,14,DEBIT,10513.99,NG,3405.52,0.0,0,0,0,1,0,34,LOW
TXN005230,2024-08-16,19,TRANSFER,4324.37,NG,6098.27,1773.9,0,0,0,1,0,35,LOW
TXN005231,2024-06-10,21,CASH_OUT,2603.75,RU,106392.01,103788.26,0,0,0,1,0,33,LOW
TXN005232,2024-10-19,11,PAYMENT,1642.51,US,213308.63,211666.12,0,0,0,0,0,3,LOW
TXN005233,2024-09-01,13,CASH_IN,2080.81,DE,214362.32,216443.13,0,0,0,0,0,1,LOW
TXN005234,2024-08-11,9,PAYMENT,4482.27,IR,280286.88,275804.61,0,0,0,1,0,33,LOW
TXN005235,2024-05-08,21,CASH_OUT,697.03,US,408643.64,407946.61,0,0,0,0,0,0,LOW
TXN005236,2024-02-05,18,CASH_OUT,1108.25,MX,3540.97,2432.72,0,0,0,0,0,0,LOW
TXN005237,2024-10-13,18,CASH_IN,38.7,UK,457512.99,457551.69,0,0,0,0,0,2,LOW
TXN005238,2024-05-21,12,CASH_IN,10526.75,UK,133926.22,144452.97,0,0,0,0,0,5,LOW
TXN005239,2024-12-03,21,CASH_IN,2573.67,RU,125610.04,128183.71,0,0,0,1,0,33,LOW
TXN005240,2024-03-05,3,CASH_OUT,117037.66,NG,446614.14,329576.48,0,1,0,1,1,100,HIGH
TXN005241,2024-02-21,18,PAYMENT,3472.5,MX,432742.89,429270.39,0,0,0,0,0,1,LOW
TXN005242,2024-01-17,12,PAYMENT,82.99,MX,428538.67,428455.68,0,0,0,0,0,1,LOW
TXN005243,2024-06-04,9,TRANSFER,9933.45,CN,82412.07,72478.62,0,0,0,0,0,2,LOW
TXN005244,2024-08-11,8,PAYMENT,2493.22,NG,340971.01,338477.79,0,0,0,1,0,31,LOW
TXN005245,2024-06-05,17,PAYMENT,919.67,RU,346759.72,345840.05,0,0,0,1,0,31,LOW
TXN005246,2024-07-26,10,TRANSFER,3251.67,NG,314565.43,311313.76,0,0,0,1,0,33,LOW
TXN005247,2024-09-20,8,DEBIT,2128.57,DE,97240.16,95111.59,0,0,0,0,0,5,LOW
TXN005248,2024-10-19,21,CASH_OUT,455.53,IR,288148.2,287692.67,0,0,0,1,0,31,LOW
TXN005249,2024-02-21,1,TRANSFER,38309.44,US,80332.08,42022.64,0,0,0,0,1,40,MEDIUM
TXN005250,2024-05-14,19,CASH_IN,5682.57,US,11465.26,17147.83,0,0,0,0,0,4,LOW
TXN005251,2024-10-05,1,CASH_OUT,62030.88,US,81900.82,19869.94,0,0,0,0,1,65,MEDIUM
TXN005252,2024-11-25,20,CASH_OUT,2900.65,IR,401211.03,398310.38,0,0,0,1,0,32,LOW
TXN005253,2024-09-18,8,TRANSFER,7146.07,CN,98356.79,91210.72,0,0,0,0,0,1,LOW
TXN005254,2024-01-22,20,TRANSFER,3800.98,CN,94120.64,90319.66,0,0,0,0,0,0,LOW
TXN005255,2024-03-02,20,DEBIT,12205.05,IR,186663.79,174458.74,0,0,0,1,0,35,LOW
TXN005256,2024-10-25,14,PAYMENT,890.34,CN,285362.03,284471.69,0,0,0,0,0,5,LOW
TXN005257,2024-10-14,14,PAYMENT,693.23,UK,43890.56,43197.33,0,0,0,0,0,5,LOW
TXN005258,2024-09-18,13,CASH_IN,2247.32,US,97519.5,99766.82,0,0,0,0,0,5,LOW
TXN005259,2024-08-05,13,TRANSFER,3492.27,MX,74168.45,70676.18,0,0,0,0,0,2,LOW
TXN005260,2024-03-02,13,TRANSFER,1017.71,RU,224339.58,223321.87,0,0,0,1,0,31,LOW
TXN005261,2024-09-06,3,TRANSFER,83810.5,UK,285003.95,201193.45,0,0,0,0,1,60,MEDIUM
TXN005262,2024-10-13,23,CASH_OUT,4893.57,MX,108222.52,103328.95,0,0,0,0,1,22,LOW
TXN005263,2024-05-02,17,DEBIT,3007.58,UK,406175.29,403167.71,0,0,0,0,0,0,LOW
TXN005264,2024-07-11,8,CASH_IN,4708.88,MX,71976.0,76684.88,0,0,0,0,0,1,LOW
TXN005265,2024-12-11,20,CASH_IN,6292.04,DE,190214.06,196506.1,0,0,0,0,0,1,LOW
TXN005266,2024-07-08,14,TRANSFER,5952.55,US,468130.3,462177.75,0,0,0,0,0,3,LOW
TXN005267,2024-11-23,14,DEBIT,1717.23,CN,353220.64,351503.41,0,0,0,0,0,2,LOW
TXN005268,2024-05-06,18,CASH_OUT,2012.42,US,60907.7,58895.28,0,0,0,0,0,3,LOW
TXN005269,2024-05-22,8,TRANSFER,6016.13,UK,419089.99,413073.86,0,0,0,0,0,1,LOW
TXN005270,2024-09-14,8,PAYMENT,155.34,RU,8232.72,8077.38,0,0,0,1,0,35,LOW
TXN005271,2024-06-14,3,CASH_OUT,57656.43,DE,257960.11,200303.68,0,0,0,0,1,65,MEDIUM
TXN005272,2024-01-14,7,CASH_IN,3857.78,US,129824.39,133682.17,0,0,0,0,0,0,LOW
TXN005273,2024-08-05,8,PAYMENT,3767.15,MX,18507.75,14740.6,0,0,0,0,0,2,LOW
TXN005274,2024-07-28,10,PAYMENT,4686.83,US,155868.01,151181.18,0,0,0,0,0,4,LOW
TXN005275,2024-09-08,11,CASH_OUT,2904.54,IR,422687.61,419783.07,0,0,0,1,0,32,LOW
TXN005276,2024-02-21,9,CASH_IN,61.98,US,7567.74,7629.72,0,0,0,0,0,1,LOW
TXN005277,2024-05-16,20,TRANSFER,12208.15,MX,310984.82,298776.67,0,0,0,0,0,19,LOW
TXN005278,2024-06-15,18,DEBIT,16700.43,UK,452426.77,435726.34,0,0,0,0,0,3,LOW
TXN005279,2024-12-23,16,CASH_OUT,4943.53,CN,344730.94,339787.41,0,0,0,0,0,3,LOW
TXN005280,2024-01-14,17,CASH_OUT,12380.13,NG,495235.73,482855.6,0,0,0,1,0,35,LOW
TXN005281,2024-02-12,11,PAYMENT,360.35,CN,363567.95,363207.6,0,0,0,0,0,0,LOW
TXN005282,2024-10-09,2,TRANSFER,32733.03,US,42947.93,10214.9,0,1,0,0,1,61,MEDIUM
TXN005283,2024-07-17,21,DEBIT,2464.88,NG,261727.11,259262.23,0,0,0,1,0,33,LOW
TXN005284,2024-05-30,12,CASH_OUT,364.75,US,63013.74,62648.99,0,0,0,0,0,5,LOW
TXN005285,2024-09-07,1,TRANSFER,20783.64,UK,440587.24,419803.6,0,0,0,0,1,35,LOW
TXN005286,2024-08-27,12,CASH_IN,5009.93,US,444604.02,449613.95,0,0,0,0,0,0,LOW
TXN005287,2024-10-13,14,PAYMENT,2324.3,US,328399.47,326075.17,0,0,0,0,0,1,LOW
TXN005288,2024-12-13,20,PAYMENT,667.05,US,11656.44,10989.39,0,0,0,0,0,5,LOW
TXN005289,2024-10-18,2,TRANSFER,167986.23,RU,473301.35,305315.12,0,0,0,1,1,95,HIGH
TXN005290,2024-06-27,11,TRANSFER,4848.19,CN,229618.12,224769.93,0,0,0,0,0,5,LOW
TXN005291,2024-05-26,19,TRANSFER,143.38,CN,332018.7,331875.32,0,0,0,0,0,1,LOW
TXN005292,2024-09-09,18,DEBIT,3622.22,IR,109511.12,105888.9,0,0,0,1,0,33,LOW
TXN005293,2024-11-03,10,DEBIT,2132.92,MX,122069.97,119937.05,0,0,0,0,0,3,LOW
TXN005294,2024-01-11,10,TRANSFER,6729.37,UK,428779.92,422050.55,0,0,0,0,0,3,LOW
TXN005295,2024-12-04,11,DEBIT,1598.02,US,408782.35,407184.33,0,0,0,0,0,3,LOW
TXN005296,2024-12-28,9,PAYMENT,3867.12,US,434737.42,430870.3,0,0,0,0,0,1,LOW
TXN005297,2024-02-20,13,TRANSFER,478.23,UK,160088.73,159610.5,0,0,0,0,0,3,LOW
TXN005298,2024-07-15,8,CASH_IN,6469.92,DE,388690.96,395160.88,0,0,0,0,0,2,LOW
TXN005299,2024-07-03,19,CASH_OUT,12303.08,US,486162.49,473859.41,0,0,0,0,0,17,LOW
TXN005300,2024-10-23,8,TRANSFER,2601.39,US,335794.16,333192.77,0,0,0,0,0,0,LOW
TXN005301,2024-10-04,20,PAYMENT,1048.69,UK,313880.92,312832.23,0,0,0,0,0,3,LOW
TXN005302,2024-12-08,14,CASH_OUT,2023.3,US,23135.91,21112.61,0,0,0,0,0,4,LOW
TXN005303,2024-12-28,3,TRANSFER,39912.36,MX,450351.08,410438.72,0,1,0,0,1,61,MEDIUM
TXN005304,2024-11-17,4,CASH_OUT,21006.9,RU,56845.85,35838.95,0,0,0,1,1,67,MEDIUM
TXN005305,2024-07-17,9,CASH_IN,3417.81,CN,276684.3,280102.11,0,0,0,0,0,1,LOW
TXN005306,2024-02-05,20,CASH_IN,4562.9,DE,431512.42,436075.32,0,0,0,0,0,1,LOW
TXN005307,2024-12-17,19,CASH_IN,1368.81,NG,112868.81,114237.62,0,0,0,1,0,33,LOW
TXN005308,2024-02-12,18,PAYMENT,2587.24,UK,177420.45,174833.21,0,0,0,0,0,3,LOW
TXN005309,2024-04-23,9,DEBIT,5712.59,IR,369038.43,363325.84,0,0,0,1,0,31,LOW
TXN005310,2024-08-05,1,CASH_OUT,19244.82,RU,285594.51,266349.69,0,1,0,1,1,91,HIGH
TXN005311,2024-11-23,14,CASH_IN,2557.92,CN,353069.0,355626.92,0,0,0,0,0,3,LOW
TXN005312,2024-07-02,9,DEBIT,866.09,US,147965.64,147099.55,0,0,0,0,0,5,LOW
TXN005313,2024-09-07,8,CASH_OUT,552.78,IR,275233.63,274680.85,0,0,0,1,0,32,LOW
TXN005314,2024-06-26,8,CASH_IN,2257.64,CN,179351.08,181608.72,0,0,0,0,0,3,LOW
TXN005315,2024-05-05,4,CASH_OUT,28383.32,UK,46086.05,17702.73,0,0,0,0,1,38,LOW
TXN005316,2024-12-15,11,PAYMENT,4629.84,UK,422739.57,418109.73,0,0,0,0,0,1,LOW
TXN005317,2024-11-28,7,PAYMENT,13172.66,US,191323.01,178150.35,0,0,0,0,0,3,LOW
TXN005318,2024-03-14,12,CASH_OUT,1429.85,US,46512.2,45082.35,0,0,0,0,0,3,LOW
TXN005319,2024-07-24,16,DEBIT,4048.07,US,186117.75,182069.68,0,0,0,0,0,2,LOW
TXN005320,2024-11-21,20,PAYMENT,292.24,CN,459531.15,459238.91,0,0,0,0,0,3,LOW
TXN005321,2024-05-31,2,CASH_OUT,2541.14,NG,411832.27,409291.13,0,1,0,1,1,79,HIGH
TXN005322,2024-06-16,14,DEBIT,3010.36,US,150749.16,147738.8,0,0,0,0,0,4,LOW
TXN005323,2024-08-04,16,PAYMENT,2153.96,IR,482271.25,480117.29,0,0,0,1,0,32,LOW
TXN005324,2024-03-13,18,PAYMENT,1815.45,UK,206602.24,204786.79,0,0,0,0,0,5,LOW
TXN005325,2024-12-03,13,PAYMENT,7344.48,DE,259481.08,252136.6,0,0,0,0,0,2,LOW
TXN005326,2024-10-21,14,CASH_IN,1798.85,NG,419337.56,421136.41,0,0,0,1,0,35,LOW
TXN005327,2024-01-11,20,PAYMENT,8738.6,UK,251618.46,242879.86,0,0,0,0,0,4,LOW
TXN005328,2024-04-02,12,DEBIT,3150.27,DE,224283.0,221132.73,0,0,0,0,0,2,LOW
TXN005329,2024-03-19,10,CASH_IN,1185.13,IR,25354.86,26539.99,0,0,0,1,0,35,LOW
TXN005330,2024-06-27,21,CASH_IN,7725.63,US,175614.76,183340.39,0,0,0,0,0,5,LOW
TXN005331,2024-02-23,9,CASH_OUT,6238.8,US,352851.06,346612.26,0,0,0,0,0,5,LOW
TXN005332,2024-11-27,12,CASH_IN,1134.38,CN,352755.13,353889.51,0,0,0,0,0,3,LOW
TXN005333,2024-12-27,16,CASH_OUT,72.14,UK,250212.03,250139.89,0,0,0,0,0,2,LOW
TXN005334,2024-07-12,4,TRANSFER,28489.81,RU,472386.06,443896.25,0,1,0,1,1,90,HIGH
TXN005335,2024-05-31,18,TRANSFER,2316.29,CN,63237.0,60920.71,0,0,0,0,0,2,LOW
TXN005336,2024-09-07,16,CASH_OUT,2492.6,CN,104697.86,102205.26,0,0,0,0,0,0,LOW
TXN005337,2024-07-15,13,PAYMENT,4406.35,RU,273444.54,269038.19,0,0,0,1,0,35,LOW
TXN005338,2024-03-14,17,DEBIT,5215.71,UK,98072.5,92856.79,0,0,0,0,0,2,LOW
TXN005339,2024-10-27,18,CASH_IN,8045.51,UK,107884.48,115929.99,0,0,0,0,0,1,LOW
TXN005340,2024-08-11,17,TRANSFER,167.33,DE,228919.35,228752.02,0,0,0,0,0,1,LOW
TXN005341,2024-10-02,16,CASH_IN,1257.55,IR,160422.31,161679.86,0,0,0,1,0,32,LOW
TXN005342,2024-04-18,12,CASH_OUT,9536.39,RU,185858.15,176321.76,0,0,0,1,0,30,LOW
TXN005343,2024-10-15,8,CASH_OUT,794.46,UK,49897.94,49103.48,0,0,0,0,0,4,LOW
TXN005344,2024-12-11,16,CASH_OUT,110.46,US,197262.29,197151.83,0,0,0,0,0,0,LOW
TXN005345,2024-01-16,7,DEBIT,2411.88,UK,31919.31,29507.43,0,0,0,0,0,0,LOW
TXN005346,2024-05-31,14,TRANSFER,8044.19,NG,129787.19,121743.0,0,0,0,1,0,33,LOW
TXN005347,2024-02-26,11,CASH_IN,2617.31,US,142193.43,144810.74,0,0,0,0,0,0,LOW
TXN005348,2024-05-23,15,CASH_IN,8266.57,US,183630.46,191897.03,0,0,0,0,0,5,LOW
TXN005349,2024-09-01,14,CASH_IN,3365.67,DE,17080.24,20445.91,0,0,0,0,0,2,LOW
TXN005350,2024-12-09,3,CASH_OUT,1349.42,NG,190499.75,189150.33,0,0,0,1,1,54,MEDIUM
TXN005351,2024-04-02,4,CASH_OUT,97200.04,RU,368457.29,271257.25,0,1,0,1,1,100,HIGH
TXN005352,2024-04-17,11,PAYMENT,2428.52,UK,411873.71,409445.19,0,0,0,0,0,5,LOW
TXN005353,2024-12-21,13,PAYMENT,4163.15,NG,71707.65,67544.5,0,0,0,1,0,31,LOW
TXN005354,2024-05-18,9,CASH_OUT,3946.66,NG,47119.4,43172.74,0,0,0,1,0,34,LOW
TXN005355,2024-06-26,15,CASH_IN,1192.28,US,196919.09,198111.37,0,0,0,0,0,5,LOW
TXN005356,2024-09-04,13,CASH_OUT,2532.66,US,136167.05,133634.39,0,0,0,0,0,4,LOW
TXN005357,2024-08-19,15,TRANSFER,5832.97,US,31842.5,26009.53,0,0,0,0,0,4,LOW
TXN005358,2024-01-07,21,PAYMENT,433.85,MX,465499.59,465065.74,0,0,0,0,0,2,LOW
TXN005359,2024-10-14,13,DEBIT,6055.88,CN,338532.99,332477.11,0,0,0,0,0,0,LOW
TXN005360,2024-11-28,17,CASH_IN,2069.72,UK,226818.22,228887.94,0,0,0,0,0,2,LOW
TXN005361,2024-05-13,9,DEBIT,1692.36,NG,233122.27,231429.91,0,0,0,1,0,31,LOW
TXN005362,2024-04-19,19,DEBIT,471.82,US,79246.1,78774.28,0,0,0,0,0,5,LOW
TXN005363,2024-03-18,7,CASH_OUT,875.05,UK,24911.07,24036.02,0,0,0,0,0,4,LOW
TXN005364,2024-03-10,8,CASH_IN,2467.74,CN,161797.08,164264.82,0,0,0,0,0,4,LOW
TXN005365,2024-02-26,14,DEBIT,1978.53,UK,243580.43,241601.9,0,0,0,0,0,3,LOW
TXN005366,2024-07-24,15,CASH_OUT,489.97,UK,85540.63,85050.66,0,0,0,0,0,5,LOW
TXN005367,2024-07-01,10,PAYMENT,574.77,NG,386211.39,385636.62,0,0,0,1,0,32,LOW
TXN005368,2024-05-04,17,TRANSFER,137.14,CN,356819.41,356682.27,0,0,0,0,0,3,LOW
TXN005369,2024-05-04,9,TRANSFER,4877.68,US,483493.73,478616.05,0,0,0,0,0,3,LOW
TXN005370,2024-05-10,18,CASH_OUT,2255.92,IR,287809.72,285553.8,0,0,0,1,0,32,LOW
TXN005371,2024-02-13,18,TRANSFER,1001.25,US,287502.92,286501.67,0,0,0,0,0,1,LOW
TXN005372,2024-06-13,19,CASH_IN,4325.19,US,349765.42,354090.61,0,0,0,0,0,5,LOW
TXN005373,2024-01-09,2,TRANSFER,34166.79,DE,41264.42,7097.63,0,0,0,0,1,36,LOW
TXN005374,2024-06-30,13,CASH_IN,3244.96,CN,47727.97,50972.93,0,0,0,0,0,4,LOW
TXN005375,2024-11-29,20,CASH_OUT,12739.32,UK,353711.47,340972.15,0,0,0,0,0,20,LOW
TXN005376,2024-11-15,11,TRANSFER,759.92,NG,46392.78,45632.86,0,0,0,1,0,33,LOW
TXN005377,2024-03-16,17,CASH_OUT,1309.85,US,241124.45,239814.6,0,0,0,0,0,0,LOW
TXN005378,2024-04-20,16,CASH_IN,3793.57,IR,33677.65,37471.22,0,0,0,1,0,33,LOW
TXN005379,2024-09-04,14,PAYMENT,3935.15,DE,35628.49,31693.34,0,0,0,0,0,5,LOW
TXN005380,2024-06-18,16,TRANSFER,3238.99,UK,213423.13,210184.14,0,0,0,0,0,5,LOW
TXN005381,2024-10-15,7,CASH_OUT,5096.24,US,222116.9,217020.66,0,0,0,0,0,2,LOW
TXN005382,2024-11-25,11,TRANSFER,198.37,RU,152035.7,151837.33,0,0,0,1,0,32,LOW
TXN005383,2024-12-13,19,DEBIT,2605.91,US,162351.19,159745.28,0,0,0,0,0,3,LOW
TXN005384,2024-07-03,7,CASH_OUT,1323.76,US,428591.79,427268.03,0,0,0,0,0,1,LOW
TXN005385,2024-08-02,23,CASH_OUT,21364.39,RU,37743.41,16379.02,0,1,0,1,1,95,HIGH
TXN005386,2024-03-29,9,TRANSFER,2310.99,RU,252877.59,250566.6,0,0,0,1,0,32,LOW
TXN005387,2024-01-18,3,TRANSFER,6378.75,IR,139843.0,133464.25,0,0,0,1,1,55,MEDIUM
TXN005388,2024-03-22,13,TRANSFER,3530.6,RU,122421.82,118891.22,0,0,0,1,0,31,LOW
TXN005389,2024-06-28,19,CASH_OUT,142.59,US,31427.29,31284.7,0,0,0,0,0,2,LOW
TXN005390,2024-02-05,17,PAYMENT,2712.85,US,390638.4,387925.55,0,0,0,0,0,5,LOW
TXN005391,2024-02-02,14,CASH_IN,11101.43,CN,259498.67,270600.1,0,0,0,0,0,4,LOW
TXN005392,2024-12-14,15,PAYMENT,965.9,UK,410678.0,409712.1,0,0,0,0,0,3,LOW
TXN005393,2024-07-11,9,CASH_IN,1016.56,US,324786.19,325802.75,0,0,0,0,0,4,LOW
TXN005394,2024-01-15,19,CASH_IN,3540.97,US,170538.1,174079.07,0,0,0,0,0,4,LOW
TXN005395,2024-09-29,16,DEBIT,257.89,MX,246286.34,246028.45,0,0,0,0,0,4,LOW
TXN005396,2024-12-21,16,TRANSFER,5588.18,UK,398503.93,392915.75,0,0,0,0,0,4,LOW
TXN005397,2024-01-13,17,TRANSFER,10526.89,DE,49536.68,39009.79,0,0,0,0,0,17,LOW
TXN005398,2024-12-21,7,CASH_OUT,1303.66,MX,23256.12,21952.46,0,0,0,0,0,5,LOW
TXN005399,2024-10-31,8,TRANSFER,3188.69,US,34073.64,30884.95,0,0,0,0,0,1,LOW
TXN005400,2024-12-30,13,TRANSFER,1105.36,US,222122.12,221016.76,0,0,0,0,0,1,LOW
TXN005401,2024-06-04,16,CASH_IN,11476.87,US,350484.67,361961.54,0,0,0,0,0,3,LOW
TXN005402,2024-12-08,14,TRANSFER,13034.36,US,152487.82,139453.46,0,0,0,0,0,20,LOW
TXN005403,2024-10-07,17,TRANSFER,469.93,UK,473444.14,472974.21,0,0,0,0,0,5,LOW
TXN005404,2024-03-31,14,TRANSFER,2310.22,NG,393482.78,391172.56,0,0,0,1,0,32,LOW
TXN005405,2024-07-16,11,CASH_OUT,615.32,MX,301101.38,300486.06,0,0,0,0,0,0,LOW
TXN005406,2024-07-06,18,PAYMENT,4627.04,MX,254413.7,249786.66,0,0,0,0,0,3,LOW
TXN005407,2024-01-21,14,CASH_IN,2412.95,UK,405909.12,408322.07,0,0,0,0,0,5,LOW
TXN005408,2024-05-17,1,CASH_OUT,7947.57,RU,273901.37,265953.8,0,0,0,1,1,55,MEDIUM
TXN005409,2024-08-28,13,CASH_OUT,8055.88,US,79262.84,71206.96,0,0,0,0,0,1,LOW
TXN005410,2024-10-01,14,CASH_IN,13898.18,IR,156811.04,170709.22,0,0,0,1,0,34,LOW
TXN005411,2024-07-12,3,CASH_OUT,21591.56,RU,469186.84,447595.28,0,1,0,1,1,90,HIGH
TXN005412,2024-08-31,3,CASH_OUT,94050.4,UK,150710.18,56659.78,0,1,0,0,1,90,HIGH
TXN005413,2024-10-26,20,CASH_IN,5683.33,DE,241517.69,247201.02,0,0,0,0,0,4,LOW
TXN005414,2024-08-03,15,CASH_OUT,1059.37,UK,41628.77,40569.4,0,0,0,0,0,3,LOW
TXN005415,2024-05-12,19,TRANSFER,1834.25,MX,387802.19,385967.94,0,0,0,0,0,0,LOW
TXN005416,2024-09-08,8,CASH_OUT,975.2,US,62206.99,61231.79,0,0,0,0,0,2,LOW
TXN005417,2024-02-27,21,DEBIT,4593.32,NG,245961.11,241367.79,0,0,0,1,0,30,LOW
TXN005418,2024-11-11,8,CASH_OUT,339.18,UK,48770.99,48431.81,0,0,0,0,0,2,LOW
TXN005419,2024-04-17,19,PAYMENT,2004.75,US,120413.98,118409.23,0,0,0,0,0,1,LOW
TXN005420,2024-10-14,18,PAYMENT,12211.71,US,346810.84,334599.13,0,0,0,0,0,4,LOW
TXN005421,2024-03-26,7,DEBIT,952.0,UK,299573.5,298621.5,0,0,0,0,0,0,LOW
TXN005422,2024-12-07,12,DEBIT,2838.74,DE,206940.34,204101.6,0,0,0,0,0,3,LOW
TXN005423,2024-05-14,14,DEBIT,3326.29,DE,312070.23,308743.94,0,0,0,0,0,0,LOW
TXN005424,2024-01-08,19,DEBIT,1180.15,MX,115542.15,114362.0,0,0,0,0,0,1,LOW
TXN005425,2024-11-18,15,CASH_OUT,2932.09,MX,323647.97,320715.88,0,0,0,0,0,0,LOW
TXN005426,2024-04-09,15,CASH_IN,79.9,RU,32840.12,32920.02,0,0,0,1,0,33,LOW
TXN005427,2024-09-06,19,TRANSFER,1844.76,MX,216760.75,214915.99,0,0,0,0,0,4,LOW
TXN005428,2024-06-09,13,CASH_IN,5680.56,NG,495185.78,500866.34,0,0,0,1,0,33,LOW
TXN005429,2024-03-05,13,PAYMENT,2739.54,US,32623.39,29883.85,0,0,0,0,0,4,LOW
TXN005430,2024-11-16,4,CASH_OUT,25983.91,RU,297649.22,271665.31,0,1,0,1,1,93,HIGH
TXN005431,2024-11-11,9,DEBIT,1454.33,US,125562.23,124107.9,0,0,0,0,0,1,LOW
TXN005432,2024-11-03,18,TRANSFER,19465.87,US,227426.48,207960.61,0,0,0,0,0,18,LOW
TXN005433,2024-09-10,7,CASH_IN,9198.69,UK,164732.48,173931.17,0,0,0,0,0,2,LOW
TXN005434,2024-10-20,18,CASH_IN,916.67,US,9704.16,10620.83,0,0,0,0,0,3,LOW
TXN005435,2024-05-09,14,TRANSFER,2640.05,IR,179358.61,176718.56,0,0,0,1,0,35,LOW
TXN005436,2024-03-05,8,DEBIT,1852.82,UK,67643.46,65790.64,0,0,0,0,0,1,LOW
TXN005437,2024-09-24,7,CASH_OUT,6076.51,US,205502.36,199425.85,0,0,0,0,0,2,LOW
TXN005438,2024-04-06,17,DEBIT,7858.39,UK,62592.43,54734.04,0,0,0,0,0,4,LOW
TXN005439,2024-08-05,19,TRANSFER,501.19,US,14470.8,13969.61,0,0,0,0,0,2,LOW
TXN005440,2024-02-09,21,CASH_OUT,1038.65,DE,123154.1,122115.45,0,0,0,0,0,3,LOW
TXN005441,2024-04-30,17,DEBIT,1260.05,UK,160986.8,159726.75,0,0,0,0,0,5,LOW
TXN005442,2024-10-27,7,CASH_IN,1231.47,MX,365121.87,366353.34,0,0,0,0,0,4,LOW
TXN005443,2024-03-06,9,PAYMENT,2087.01,US,356705.88,354618.87,0,0,0,0,0,5,LOW
TXN005444,2024-05-26,11,CASH_OUT,3753.72,DE,323056.72,319303.0,0,0,0,0,0,2,LOW
TXN005445,2024-06-24,16,DEBIT,2026.31,UK,145602.87,143576.56,0,0,0,0,0,0,LOW
TXN005446,2024-11-03,17,TRANSFER,1420.0,DE,303119.77,301699.77,0,0,0,0,0,2,LOW
TXN005447,2024-10-13,14,PAYMENT,5710.43,NG,160597.89,154887.46,0,0,0,1,0,31,LOW
TXN005448,2024-06-12,12,PAYMENT,549.46,US,243356.95,242807.49,0,0,0,0,0,5,LOW
TXN005449,2024-02-22,19,CASH_IN,1851.06,MX,438486.7,440337.76,0,0,0,0,0,0,LOW
TXN005450,2024-03-26,11,TRANSFER,12647.6,RU,330949.58,318301.98,0,0,0,1,0,35,LOW
TXN005451,2024-05-19,14,PAYMENT,831.45,UK,116882.25,116050.8,0,0,0,0,0,1,LOW
TXN005452,2024-01-27,21,CASH_IN,7345.13,US,77874.39,85219.52,0,0,0,0,0,4,LOW
TXN005453,2024-01-11,16,PAYMENT,1380.27,UK,371239.1,369858.83,0,0,0,0,0,1,LOW
TXN005454,2024-09-14,20,PAYMENT,9934.01,CN,403165.15,393231.14,0,0,0,0,0,5,LOW
TXN005455,2024-05-14,14,CASH_OUT,1853.78,UK,65598.96,63745.18,0,0,0,0,0,1,LOW
TXN005456,2024-03-04,19,TRANSFER,504.36,CN,83108.95,82604.59,0,0,0,0,0,2,LOW
TXN005457,2024-04-27,9,CASH_OUT,186.99,US,211607.99,211421.0,0,0,0,0,0,0,LOW
TXN005458,2024-06-24,10,CASH_OUT,731.62,MX,388179.59,387447.97,0,0,0,0,0,0,LOW
TXN005459,2024-06-16,9,PAYMENT,6.98,MX,372666.1,372659.12,0,0,0,0,0,5,LOW
TXN005460,2024-10-02,14,DEBIT,8957.73,RU,26813.06,17855.33,0,0,0,1,0,31,LOW
TXN005461,2024-04-01,16,DEBIT,3654.74,IR,472085.21,468430.47,0,0,0,1,0,32,LOW
TXN005462,2024-09-09,11,DEBIT,11839.78,RU,315600.98,303761.2,0,0,0,1,0,32,LOW
TXN005463,2024-08-16,17,CASH_IN,3706.15,DE,334150.8,337856.95,0,0,0,0,0,4,LOW
TXN005464,2024-01-06,7,TRANSFER,3476.89,IR,172696.81,169219.92,0,0,0,1,0,31,LOW
TXN005465,2024-04-04,7,CASH_IN,140.55,UK,75696.76,75837.31,0,0,0,0,0,3,LOW
TXN005466,2024-04-02,3,TRANSFER,11751.25,RU,171491.48,159740.23,0,0,0,1,1,68,MEDIUM
TXN005467,2024-10-11,15,PAYMENT,1105.06,US,70772.8,69667.74,0,0,0,0,0,0,LOW
TXN005468,2024-01-07,16,DEBIT,46.8,RU,465872.77,465825.97,0,0,0,1,0,32,LOW
TXN005469,2024-08-02,15,DEBIT,371.17,US,128630.37,128259.2,0,0,0,0,0,2,LOW
TXN005470,2024-10-06,7,CASH_OUT,4093.89,RU,233972.08,229878.19,0,0,0,1,0,31,LOW
TXN005471,2024-06-13,16,CASH_OUT,6445.84,MX,449382.11,442936.27,0,0,0,0,0,4,LOW
TXN005472,2024-11-02,19,CASH_OUT,802.85,DE,115541.35,114738.5,0,0,0,0,0,4,LOW
TXN005473,2024-07-19,1,TRANSFER,19553.97,IR,24181.31,4627.34,0,1,0,1,1,91,HIGH
TXN005474,2024-07-06,17,DEBIT,2184.84,US,2133.14,0.0,0,0,0,0,0,3,LOW
TXN005475,2024-05-31,17,DEBIT,323.88,RU,363022.21,362698.33,0,0,0,1,0,34,LOW
TXN005476,2024-01-30,10,DEBIT,3978.97,RU,108431.65,104452.68,0,0,0,1,0,35,LOW
TXN005477,2024-04-05,11,CASH_OUT,5088.72,US,250348.59,245259.87,0,0,0,0,0,2,LOW
TXN005478,2024-06-14,9,DEBIT,16816.92,US,376158.01,359341.09,0,0,0,0,0,4,LOW
TXN005479,2024-06-13,19,TRANSFER,8344.75,IR,230503.51,222158.76,0,0,0,1,0,35,LOW
TXN005480,2024-03-13,20,TRANSFER,341.71,US,219693.55,219351.84,0,0,0,0,0,4,LOW
TXN005481,2024-08-10,18,CASH_OUT,8554.76,CN,456752.48,448197.72,0,0,0,0,0,3,LOW
TXN005482,2024-05-27,19,CASH_IN,3568.62,DE,122606.0,126174.62,0,0,0,0,0,1,LOW
TXN005483,2024-02-18,7,PAYMENT,4315.51,US,450299.97,445984.46,0,0,0,0,0,2,LOW
TXN005484,2024-03-19,7,TRANSFER,14497.3,US,395276.01,380778.71,0,0,0,0,0,19,LOW
TXN005485,2024-08-09,14,PAYMENT,1269.42,UK,168825.16,167555.74,0,0,0,0,0,2,LOW
TXN005486,2024-02-11,14,DEBIT,753.22,CN,250883.0,250129.78,0,0,0,0,0,5,LOW
TXN005487,2024-06-28,16,PAYMENT,3257.78,US,241598.0,238340.22,0,0,0,0,0,4,LOW
TXN005488,2024-02-22,7,TRANSFER,6053.0,UK,315241.9,309188.9,0,0,0,0,0,5,LOW
TXN005489,2024-04-24,17,CASH_IN,981.85,CN,490902.01,491883.86,0,0,0,0,0,2,LOW
TXN005490,2024-02-21,3,CASH_OUT,57198.39,IR,103549.41,46351.02,0,0,0,1,1,90,HIGH
TXN005491,2024-11-09,12,TRANSFER,2116.99,IR,33753.71,31636.72,0,0,0,1,0,32,LOW
TXN005492,2024-03-14,7,CASH_OUT,407.33,NG,182481.74,182074.41,0,0,0,1,0,30,LOW
TXN005493,2024-03-30,16,CASH_IN,168.72,NG,175917.74,176086.46,0,0,0,1,0,30,LOW
TXN005494,2024-02-21,11,DEBIT,160.64,CN,268575.21,268414.57,0,0,0,0,0,2,LOW
TXN005495,2024-06-07,19,TRANSFER,172.95,US,232133.43,231960.48,0,0,0,0,0,4,LOW
TXN005496,2024-07-16,15,PAYMENT,9329.91,IR,478211.0,468881.09,0,0,0,1,0,34,LOW
TXN005497,2024-01-03,13,DEBIT,6536.71,UK,147414.24,140877.53,0,0,0,0,0,4,LOW
TXN005498,2024-03-29,19,DEBIT,277.56,UK,422375.45,422097.89,0,0,0,0,0,0,LOW
TXN005499,2024-11-08,10,CASH_OUT,2265.72,MX,422674.55,420408.83,0,0,0,0,0,4,LOW
TXN005500,2024-09-15,23,TRANSFER,118.6,RU,414742.71,414624.11,0,1,0,1,1,77,HIGH
TXN005501,2024-12-01,17,CASH_IN,1262.23,UK,168986.66,170248.89,0,0,0,0,0,3,LOW
TXN005502,2024-03-15,19,DEBIT,2827.45,RU,105436.5,102609.05,0,0,0,1,0,31,LOW
TXN005503,2024-02-16,17,PAYMENT,2929.69,NG,198507.84,195578.15,0,0,0,1,0,35,LOW
TXN005504,2024-10-04,16,PAYMENT,2413.41,IR,287657.16,285243.75,0,0,0,1,0,31,LOW
TXN005505,2024-08-09,21,CASH_IN,6312.76,US,367293.51,373606.27,0,0,0,0,0,4,LOW
TXN005506,2024-08-24,20,DEBIT,1052.98,IR,170395.72,169342.74,0,0,0,1,0,30,LOW
TXN005507,2024-05-21,1,CASH_OUT,86693.45,NG,351906.68,265213.23,0,1,0,1,1,100,HIGH
TXN005508,2024-05-24,20,TRANSFER,1018.28,MX,386786.39,385768.11,0,0,0,0,0,2,LOW
TXN005509,2024-04-22,18,TRANSFER,10724.58,UK,316715.28,305990.7,0,0,0,0,0,18,LOW
TXN005510,2024-03-22,19,PAYMENT,440.13,US,249182.94,248742.81,0,0,0,0,0,4,LOW
TXN005511,2024-05-27,21,DEBIT,7409.32,RU,484076.18,476666.86,0,0,0,1,0,31,LOW
TXN005512,2024-10-10,14,CASH_IN,11487.03,UK,265507.87,276994.9,0,0,0,0,0,3,LOW
TXN005513,2024-05-28,21,CASH_OUT,5945.9,RU,413563.27,407617.37,0,0,0,1,0,34,LOW
TXN005514,2024-07-27,20,DEBIT,349.05,CN,389478.78,389129.73,0,0,0,0,0,5,LOW
TXN005515,2024-10-20,8,PAYMENT,2557.24,IR,12372.46,9815.22,0,0,0,1,0,35,LOW
TXN005516,2024-08-29,8,DEBIT,5320.04,NG,248063.75,242743.71,0,0,0,1,0,34,LOW
TXN005517,2024-03-23,19,PAYMENT,285.97,UK,32420.2,32134.23,0,0,0,0,0,0,LOW
TXN005518,2024-07-02,7,CASH_OUT,1900.07,CN,407031.71,405131.64,0,0,0,0,0,0,LOW
TXN005519,2024-08-23,13,DEBIT,5866.92,US,263748.11,257881.19,0,0,0,0,0,5,LOW
TXN005520,2024-01-25,17,CASH_IN,4466.56,DE,274797.14,279263.7,0,0,0,0,0,2,LOW
TXN005521,2024-08-25,9,TRANSFER,5157.92,US,199432.53,194274.61,0,0,0,0,0,2,LOW
TXN005522,2024-01-10,10,CASH_IN,2127.38,CN,354349.73,356477.11,0,0,0,0,0,2,LOW
TXN005523,2024-01-04,9,CASH_IN,3053.55,RU,395793.68,398847.23,0,0,0,1,0,33,LOW
TXN005524,2024-03-27,21,CASH_OUT,3808.37,US,143586.86,139778.49,0,0,0,0,0,1,LOW
TXN005525,2024-06-24,7,DEBIT,5049.17,DE,457064.88,452015.71,0,0,0,0,0,2,LOW
TXN005526,2024-12-26,15,TRANSFER,1468.36,US,166874.21,165405.85,0,0,0,0,0,1,LOW
TXN005527,2024-01-28,13,CASH_IN,3626.44,MX,93872.51,97498.95,0,0,0,0,0,2,LOW
TXN005528,2024-11-22,13,PAYMENT,1464.42,RU,475972.38,474507.96,0,0,0,1,0,31,LOW
TXN005529,2024-06-29,19,TRANSFER,1488.78,US,300621.74,299132.96,0,0,0,0,0,5,LOW
TXN005530,2024-05-01,8,TRANSFER,1572.52,CN,102100.55,100528.03,0,0,0,0,0,4,LOW
TXN005531,2024-04-05,18,CASH_OUT,361.17,IR,85088.93,84727.76,0,0,0,1,0,35,LOW
TXN005532,2024-06-19,21,DEBIT,5818.15,CN,112274.84,106456.69,0,0,0,0,0,4,LOW
TXN005533,2024-03-27,15,CASH_OUT,5822.77,RU,342689.46,336866.69,0,0,0,1,0,31,LOW
TXN005534,2024-09-21,13,CASH_OUT,258.36,NG,215948.73,215690.37,0,0,0,1,0,33,LOW
TXN005535,2024-03-31,12,CASH_OUT,6377.67,MX,482290.85,475913.18,0,0,0,0,0,2,LOW
TXN005536,2024-07-01,14,CASH_OUT,6906.71,IR,440279.17,433372.46,0,0,0,1,0,35,LOW
TXN005537,2024-04-24,14,PAYMENT,13907.25,US,416640.66,402733.41,0,0,0,0,0,1,LOW
TXN005538,2024-01-24,2,TRANSFER,51797.82,IR,126116.37,74318.55,0,0,0,1,1,94,HIGH
TXN005539,2024-03-09,19,DEBIT,13904.52,IR,493104.68,479200.16,0,0,0,1,0,31,LOW
TXN005540,2024-07-03,17,DEBIT,352.14,NG,398006.73,397654.59,0,0,0,1,0,31,LOW
TXN005541,2024-01-24,16,TRANSFER,394.62,UK,13260.27,12865.65,0,0,0,0,0,4,LOW
TXN005542,2024-07-05,9,CASH_IN,475.61,RU,186488.71,186964.32,0,0,0,1,0,32,LOW
TXN005543,2024-07-18,8,DEBIT,361.31,IR,477552.87,477191.56,0,0,0,1,0,31,LOW
TXN005544,2024-02-23,1,TRANSFER,9278.29,UK,235605.51,226327.22,1,0,0,0,1,65,MEDIUM
TXN005545,2024-06-12,14,DEBIT,4686.4,US,175813.33,171126.93,0,0,0,0,0,2,LOW
TXN005546,2024-08-08,15,TRANSFER,3516.87,US,24128.34,20611.47,0,0,0,0,0,5,LOW
TXN005547,2024-05-24,15,CASH_IN,5962.42,UK,45022.11,50984.53,0,0,0,0,0,2,LOW
TXN005548,2024-08-28,4,TRANSFER,57108.13,NG,144429.98,87321.85,0,0,0,1,1,93,HIGH
TXN005549,2024-07-22,17,TRANSFER,3011.0,IR,359163.11,356152.11,0,0,0,1,0,33,LOW
TXN005550,2024-03-25,19,CASH_IN,566.96,CN,480768.22,481335.18,0,0,0,0,0,4,LOW
TXN005551,2024-05-14,14,CASH_IN,1875.46,IR,416720.44,418595.9,0,0,0,1,0,35,LOW
TXN005552,2024-08-04,10,DEBIT,2975.18,US,119062.69,116087.51,0,0,0,0,0,4,LOW
TXN005553,2024-03-29,1,CASH_OUT,141586.37,RU,464631.62,323045.25,0,0,0,1,1,92,HIGH
TXN005554,2024-04-17,9,CASH_IN,5653.59,CN,10240.33,15893.92,0,0,0,0,0,1,LOW
TXN005555,2024-07-15,9,PAYMENT,1297.16,IR,490920.05,489622.89,0,0,0,1,0,33,LOW
TXN005556,2024-07-14,20,PAYMENT,464.74,UK,248332.36,247867.62,0,0,0,0,0,5,LOW
TXN005557,2024-10-06,17,DEBIT,5296.6,UK,231338.72,226042.12,0,0,0,0,0,0,LOW
TXN005558,2024-02-22,3,TRANSFER,3741.86,RU,195984.97,192243.11,0,0,0,1,1,53,MEDIUM
TXN005559,2024-10-11,14,CASH_OUT,1145.54,CN,306497.61,305352.07,0,0,0,0,0,1,LOW
TXN005560,2024-10-26,10,CASH_OUT,1307.12,DE,177252.26,175945.14,0,0,0,0,0,0,LOW
TXN005561,2024-04-04,11,CASH_OUT,3639.14,US,365042.13,361402.99,0,0,0,0,0,2,LOW
TXN005562,2024-01-17,12,TRANSFER,550.4,UK,356167.24,355616.84,0,0,0,0,0,5,LOW
TXN005563,2024-09-01,21,PAYMENT,2403.29,UK,131818.66,129415.37,0,0,0,0,0,3,LOW
TXN005564,2024-08-06,14,TRANSFER,1719.53,NG,292530.79,290811.26,0,0,0,1,0,35,LOW
TXN005565,2024-10-02,18,CASH_IN,2082.31,UK,218737.81,220820.12,0,0,0,0,0,2,LOW
TXN005566,2024-07-17,19,DEBIT,1789.81,NG,276748.72,274958.91,0,0,0,1,0,35,LOW
TXN005567,2024-09-22,15,CASH_IN,16196.86,RU,247604.44,263801.3,0,0,0,1,0,31,LOW
TXN005568,2024-02-09,12,DEBIT,2258.89,US,447987.08,445728.19,0,0,0,0,0,0,LOW
TXN005569,2024-04-06,15,CASH_IN,325.1,RU,373947.04,374272.14,0,0,0,1,0,32,LOW
TXN005570,2024-06-12,13,PAYMENT,394.5,DE,430106.96,429712.46,0,0,0,0,0,0,LOW
TXN005571,2024-10-03,7,CASH_IN,3871.36,US,336861.91,340733.27,0,0,0,0,0,0,LOW
TXN005572,2024-06-07,15,TRANSFER,6037.74,US,79925.57,73887.83,0,0,0,0,0,0,LOW
TXN005573,2024-11-02,4,CASH_OUT,133987.13,RU,19810.42,0.0,0,0,0,1,1,94,HIGH
TXN005574,2024-03-07,3,CASH_OUT,2696.76,IR,105195.86,102499.1,0,0,0,1,1,55,MEDIUM
TXN005575,2024-03-20,8,PAYMENT,1263.05,RU,291419.18,290156.13,0,0,0,1,0,33,LOW
TXN005576,2024-05-05,7,TRANSFER,4061.84,US,407484.88,403423.04,0,0,0,0,0,4,LOW
TXN005577,2024-02-25,11,DEBIT,4585.54,CN,510.16,0.0,0,0,0,0,0,0,LOW
TXN005578,2024-04-21,2,CASH_OUT,7249.25,IR,198520.34,191271.09,0,0,0,1,1,52,MEDIUM
TXN005579,2024-02-15,20,DEBIT,890.39,IR,54726.11,53835.72,0,0,0,1,0,34,LOW
TXN005580,2024-08-15,13,CASH_IN,7061.23,UK,369469.05,376530.28,0,0,0,0,0,5,LOW
TXN005581,2024-10-16,9,CASH_IN,3512.2,RU,426226.05,429738.25,0,0,0,1,0,32,LOW
TXN005582,2024-04-17,11,PAYMENT,9438.16,CN,111891.22,102453.06,0,0,0,0,0,0,LOW
TXN005583,2024-05-29,1,CASH_OUT,117015.31,RU,289703.96,172688.65,0,0,0,1,1,92,HIGH
TXN005584,2024-05-19,17,TRANSFER,2372.37,DE,207315.56,204943.19,0,0,0,0,0,4,LOW
TXN005585,2024-06-10,11,CASH_OUT,1360.54,UK,463028.37,461667.83,0,0,0,0,0,3,LOW
TXN005586,2024-07-06,10,CASH_OUT,4447.74,US,38269.8,33822.06,0,0,0,0,0,5,LOW
TXN005587,2024-03-24,21,DEBIT,2409.02,US,12975.43,10566.41,0,0,0,0,0,1,LOW
TXN005588,2024-11-15,19,CASH_OUT,452.93,CN,440843.73,440390.8,0,0,0,0,0,5,LOW
TXN005589,2024-07-30,12,CASH_OUT,2824.88,UK,22953.15,20128.27,0,0,0,0,0,1,LOW
TXN005590,2024-08-19,9,PAYMENT,10073.84,UK,251668.75,241594.91,0,0,0,0,0,1,LOW
TXN005591,2024-07-19,9,TRANSFER,2121.07,US,254706.32,252585.25,0,0,0,0,0,1,LOW
TXN005592,2024-11-24,14,CASH_OUT,6356.91,RU,205626.37,199269.46,0,0,0,1,0,31,LOW
TXN005593,2024-01-11,21,CASH_IN,3026.32,US,98215.2,101241.52,0,0,0,0,0,2,LOW
TXN005594,2024-10-23,13,CASH_OUT,1876.49,RU,93634.74,91758.25,0,0,0,1,0,32,LOW
TXN005595,2024-11-19,15,TRANSFER,2161.01,UK,454286.29,452125.28,0,0,0,0,0,2,LOW
TXN005596,2024-04-24,17,PAYMENT,395.61,MX,323840.55,323444.94,0,0,0,0,0,5,LOW
TXN005597,2024-04-12,21,TRANSFER,1075.68,CN,318036.05,316960.37,0,0,0,0,0,2,LOW
TXN005598,2024-01-11,19,TRANSFER,1816.65,US,392969.3,391152.65,0,0,0,0,0,1,LOW
TXN005599,2024-10-17,10,PAYMENT,3873.81,RU,348439.08,344565.27,0,0,0,1,0,32,LOW
TXN005600,2024-04-23,18,DEBIT,15824.61,CN,167253.51,151428.9,0,0,0,0,0,1,LOW
TXN005601,2024-03-16,4,CASH_OUT,26783.58,IR,444067.66,417284.08,0,1,0,1,1,93,HIGH
TXN005602,2024-11-17,11,CASH_OUT,2442.66,NG,133578.1,131135.44,0,0,0,1,0,33,LOW
TXN005603,2024-06-07,19,CASH_IN,315.18,CN,87884.0,88199.18,0,0,0,0,0,4,LOW
TXN005604,2024-02-11,7,CASH_OUT,6733.29,UK,604.33,0.0,0,0,0,0,0,1,LOW
TXN005605,2024-07-23,19,CASH_OUT,588.58,US,301869.86,301281.28,0,0,0,0,0,4,LOW
TXN005606,2024-07-26,9,CASH_OUT,7405.29,US,142589.23,135183.94,0,0,0,0,0,0,LOW
TXN005607,2024-08-16,3,TRANSFER,36932.18,US,131395.87,94463.69,0,1,0,0,1,65,MEDIUM
TXN005608,2024-03-04,16,CASH_OUT,3237.72,DE,48580.21,45342.49,0,0,0,0,0,1,LOW
TXN005609,2024-04-02,10,PAYMENT,3909.11,US,430192.97,426283.86,0,0,0,0,0,1,LOW
TXN005610,2024-06-02,7,TRANSFER,2481.08,US,332445.35,329964.27,0,0,0,0,0,1,LOW
TXN005611,2024-07-17,13,CASH_OUT,5.16,MX,18087.98,18082.82,0,0,0,0,0,5,LOW
TXN005612,2024-01-14,11,DEBIT,4299.27,IR,111319.81,107020.54,0,0,0,1,0,33,LOW
TXN005613,2024-06-06,13,DEBIT,1967.33,UK,311490.91,309523.58,0,0,0,0,0,2,LOW
TXN005614,2024-07-10,23,CASH_OUT,45261.56,DE,481633.91,436372.35,0,0,0,0,1,36,LOW
TXN005615,2024-09-06,17,CASH_IN,7215.71,UK,126843.07,134058.78,0,0,0,0,0,3,LOW
TXN005616,2024-12-22,14,PAYMENT,1469.87,RU,298768.16,297298.29,0,0,0,1,0,31,LOW
TXN005617,2024-11-16,19,CASH_IN,345.12,US,170694.14,171039.26,0,0,0,0,0,0,LOW
TXN005618,2024-06-23,10,PAYMENT,10539.57,CN,137716.65,127177.08,0,0,0,0,0,4,LOW
TXN005619,2024-03-23,3,TRANSFER,31532.52,IR,262401.82,230869.3,0,1,0,1,1,94,HIGH
TXN005620,2024-03-10,14,CASH_OUT,1894.49,MX,341923.86,340029.37,0,0,0,0,0,0,LOW
TXN005621,2024-09-04,18,PAYMENT,497.91,CN,450115.42,449617.51,0,0,0,0,0,2,LOW
TXN005622,2024-10-10,11,PAYMENT,712.13,US,436320.32,435608.19,0,0,0,0,0,2,LOW
TXN005623,2024-06-17,13,PAYMENT,12262.98,RU,220167.44,207904.46,0,0,0,1,0,33,LOW
TXN005624,2024-01-17,19,CASH_OUT,764.57,US,370159.57,369395.0,0,0,0,0,0,3,LOW
TXN005625,2024-11-13,13,CASH_OUT,1417.42,RU,478603.14,477185.72,0,0,0,1,0,33,LOW
TXN005626,2024-06-09,19,CASH_OUT,2848.17,IR,418287.12,415438.95,0,0,0,1,0,35,LOW
TXN005627,2024-07-26,20,TRANSFER,447.23,US,290489.54,290042.31,0,0,0,0,0,4,LOW
TXN005628,2024-08-04,7,CASH_IN,6269.92,IR,351646.06,357915.98,0,0,0,1,0,35,LOW
TXN005629,2024-03-13,11,TRANSFER,3923.22,US,131436.55,127513.33,0,0,0,0,0,1,LOW
TXN005630,2024-11-24,15,PAYMENT,3418.06,CN,329717.85,326299.79,0,0,0,0,0,0,LOW
TXN005631,2024-04-10,21,PAYMENT,7418.43,US,229937.37,222518.94,0,0,0,0,0,3,LOW
TXN005632,2024-08-15,12,TRANSFER,1627.34,NG,127820.35,126193.01,0,0,0,1,0,32,LOW
TXN005633,2024-12-10,9,PAYMENT,13.43,RU,347652.67,347639.24,0,0,0,1,0,33,LOW
TXN005634,2024-11-12,12,CASH_OUT,5212.8,US,112923.89,107711.09,0,0,0,0,0,4,LOW
TXN005635,2024-09-02,8,CASH_OUT,3266.28,RU,388099.85,384833.57,0,0,0,1,0,30,LOW
TXN005636,2024-09-19,12,CASH_IN,6053.85,UK,475761.08,481814.93,0,0,0,0,0,4,LOW
TXN005637,2024-08-20,21,PAYMENT,2355.24,RU,460667.98,458312.74,0,0,0,1,0,31,LOW
TXN005638,2024-05-17,19,CASH_IN,12969.01,UK,77026.07,89995.08,0,0,0,0,0,1,LOW
TXN005639,2024-02-05,20,CASH_IN,578.0,UK,26780.82,27358.82,0,0,0,0,0,0,LOW
TXN005640,2024-11-13,14,DEBIT,3319.8,UK,14875.1,11555.3,0,0,0,0,0,1,LOW
TXN005641,2024-11-03,20,PAYMENT,432.99,DE,179047.07,178614.08,0,0,0,0,0,1,LOW
TXN005642,2024-09-25,11,CASH_OUT,1960.59,CN,282057.82,280097.23,0,0,0,0,0,3,LOW
TXN005643,2024-01-24,10,TRANSFER,2042.1,US,339860.56,337818.46,0,0,0,0,0,5,LOW
TXN005644,2024-02-15,12,CASH_OUT,254.26,RU,147691.27,147437.01,0,0,0,1,0,31,LOW
TXN005645,2024-06-04,21,DEBIT,8666.91,IR,289968.81,281301.9,0,0,0,1,0,30,LOW
TXN005646,2024-11-11,2,TRANSFER,3561.07,RU,127554.06,123992.99,0,1,0,1,1,79,HIGH
TXN005647,2024-08-31,19,CASH_OUT,2143.07,MX,234624.44,232481.37,0,0,0,0,0,5,LOW
TXN005648,2024-06-09,17,CASH_IN,2143.9,UK,240906.23,243050.13,0,0,0,0,0,2,LOW
TXN005649,2024-03-21,16,TRANSFER,712.99,US,250105.82,249392.83,0,0,0,0,0,2,LOW
TXN005650,2024-08-18,14,DEBIT,5990.69,US,101219.95,95229.26,0,0,0,0,0,2,LOW
TXN005651,2024-04-20,10,PAYMENT,1430.82,US,141381.56,139950.74,0,0,0,0,0,0,LOW
TXN005652,2024-09-27,18,CASH_OUT,1981.85,UK,215501.43,213519.58,0,0,0,0,0,0,LOW
TXN005653,2024-12-13,15,DEBIT,3348.53,UK,80077.36,76728.83,0,0,0,0,0,0,LOW
TXN005654,2024-07-02,19,DEBIT,401.58,CN,333855.55,333453.97,0,0,0,0,0,3,LOW
TXN005655,2024-10-12,7,DEBIT,12691.67,RU,295357.29,282665.62,0,0,0,1,0,35,LOW
TXN005656,2024-09-11,20,DEBIT,1693.32,US,373031.16,371337.84,0,0,0,0,0,5,LOW
TXN005657,2024-08-17,10,DEBIT,2329.37,RU,393173.44,390844.07,0,0,0,1,0,31,LOW
TXN005658,2024-01-27,16,DEBIT,3701.77,RU,382104.6,378402.83,0,0,0,1,0,35,LOW
TXN005659,2024-10-23,18,CASH_IN,4242.78,US,116569.53,120812.31,0,0,0,0,0,0,LOW
TXN005660,2024-04-05,15,DEBIT,4660.71,US,453066.19,448405.48,0,0,0,0,0,2,LOW
TXN005661,2024-01-27,21,CASH_IN,1588.45,US,259492.51,261080.96,0,0,0,0,0,5,LOW
TXN005662,2024-02-20,15,PAYMENT,10159.28,MX,376370.01,366210.73,0,0,0,0,0,3,LOW
TXN005663,2024-10-17,19,DEBIT,4616.7,IR,207081.78,202465.08,0,0,0,1,0,30,LOW
TXN005664,2024-03-06,11,DEBIT,69.32,IR,149347.25,149277.93,0,0,0,1,0,34,LOW
TXN005665,2024-09-09,9,PAYMENT,2341.87,US,353080.22,350738.35,0,0,0,0,0,4,LOW
TXN005666,2024-12-20,21,CASH_IN,4335.09,DE,228988.96,233324.05,0,0,0,0,0,5,LOW
TXN005667,2024-07-03,7,TRANSFER,625.5,MX,352346.51,351721.01,0,0,0,0,0,2,LOW
TXN005668,2024-12-14,13,CASH_OUT,12251.88,RU,54476.22,42224.34,0,0,0,1,0,35,LOW
TXN005669,2024-09-09,21,PAYMENT,13246.37,UK,176097.33,162850.96,0,0,0,0,0,1,LOW
TXN005670,2024-04-25,11,PAYMENT,1510.91,US,268850.55,267339.64,0,0,0,0,0,1,LOW
TXN005671,2024-01-19,18,DEBIT,1695.16,DE,291553.55,289858.39,0,0,0,0,0,4,LOW
TXN005672,2024-02-22,11,CASH_IN,1788.8,US,355978.01,357766.81,0,0,0,0,0,4,LOW
TXN005673,2024-02-10,2,TRANSFER,50438.79,DE,131027.66,80588.87,0,1,0,0,1,85,HIGH
TXN005674,2024-09-24,8,TRANSFER,7261.23,NG,133021.02,125759.79,0,0,0,1,0,34,LOW
TXN005675,2024-02-14,13,CASH_OUT,294.12,RU,443608.18,443314.06,0,0,0,1,0,31,LOW
TXN005676,2024-09-28,19,DEBIT,4155.71,UK,357726.06,353570.35,0,0,0,0,0,5,LOW
TXN005677,2024-01-14,14,PAYMENT,1821.38,US,754.77,0.0,0,0,0,0,0,1,LOW
TXN005678,2024-04-25,17,CASH_OUT,1555.61,US,338879.85,337324.24,0,0,0,0,0,2,LOW
TXN005679,2024-10-26,16,TRANSFER,896.77,US,83450.48,82553.71,0,0,0,0,0,2,LOW
TXN005680,2024-06-03,16,CASH_OUT,445.8,RU,203096.98,202651.18,0,0,0,1,0,30,LOW
TXN005681,2024-12-25,10,CASH_IN,11681.48,MX,370668.25,382349.73,0,0,0,0,0,0,LOW
TXN005682,2024-03-19,15,CASH_IN,5970.06,US,35144.81,41114.87,0,0,0,0,0,1,LOW
TXN005683,2024-11-30,10,DEBIT,3369.6,US,333691.48,330321.88,0,0,0,0,0,3,LOW
TXN005684,2024-09-16,10,PAYMENT,740.16,US,402651.79,401911.63,0,0,0,0,0,0,LOW
TXN005685,2024-07-01,19,CASH_OUT,1634.99,DE,367093.9,365458.91,0,0,0,0,0,0,LOW
TXN005686,2024-05-16,8,CASH_IN,5353.75,US,92273.92,97627.67,0,0,0,0,0,3,LOW
TXN005687,2024-02-14,4,TRANSFER,50872.4,NG,132505.77,81633.37,0,0,0,1,1,91,HIGH
TXN005688,2024-06-30,19,PAYMENT,7182.81,UK,365596.37,358413.56,0,0,0,0,0,4,LOW
TXN005689,2024-08-18,11,TRANSFER,6051.48,NG,245352.67,239301.19,0,0,0,1,0,32,LOW
TXN005690,2024-05-03,13,PAYMENT,969.85,UK,115321.12,114351.27,0,0,0,0,0,4,LOW
TXN005691,2024-12-15,8,PAYMENT,3444.68,CN,346558.97,343114.29,0,0,0,0,0,3,LOW
TXN005692,2024-03-11,12,CASH_IN,4017.36,IR,293757.84,297775.2,0,0,0,1,0,31,LOW
TXN005693,2024-11-01,18,CASH_IN,1719.28,DE,142974.65,144693.93,0,0,0,0,0,2,LOW
TXN005694,2024-10-09,18,TRANSFER,626.66,IR,226152.81,225526.15,0,0,0,1,0,31,LOW
TXN005695,2024-09-13,8,TRANSFER,1195.0,CN,199028.91,197833.91,0,0,0,0,0,3,LOW
TXN005696,2024-12-08,21,PAYMENT,300.49,IR,139878.91,139578.42,0,0,0,1,0,35,LOW
TXN005697,2024-05-15,21,PAYMENT,10044.83,US,137688.93,127644.1,0,0,0,0,0,5,LOW
TXN005698,2024-10-08,13,DEBIT,636.4,US,105127.93,104491.53,0,0,0,0,0,2,LOW
TXN005699,2024-06-18,17,TRANSFER,1744.17,US,492202.54,490458.37,0,0,0,0,0,3,LOW
TXN005700,2024-04-28,12,PAYMENT,2652.57,CN,47340.91,44688.34,0,0,0,0,0,1,LOW
TXN005701,2024-10-17,18,PAYMENT,3202.04,NG,320792.12,317590.08,0,0,0,1,0,31,LOW
TXN005702,2024-01-06,19,DEBIT,3022.84,US,358841.11,355818.27,0,0,0,0,0,4,LOW
TXN005703,2024-03-16,16,TRANSFER,1692.83,UK,391301.53,389608.7,0,0,0,0,0,5,LOW
TXN005704,2024-08-08,18,PAYMENT,5678.14,US,209425.97,203747.83,0,0,0,0,0,2,LOW
TXN005705,2024-04-12,11,CASH_OUT,6151.14,US,88638.33,82487.19,0,0,0,0,0,2,LOW
TXN005706,2024-11-04,18,DEBIT,834.1,NG,362983.11,362149.01,0,0,0,1,0,32,LOW
TXN005707,2024-11-18,20,TRANSFER,359.86,MX,415594.6,415234.74,0,0,0,0,0,4,LOW
TXN005708,2024-07-17,20,CASH_IN,1000.08,US,111182.12,112182.2,0,0,0,0,0,5,LOW
TXN005709,2024-06-08,20,CASH_OUT,1325.29,US,447487.57,446162.28,0,0,0,0,0,3,LOW
TXN005710,2024-08-15,20,CASH_IN,42.62,US,15267.8,15310.42,0,0,0,0,0,0,LOW
TXN005711,2024-05-07,12,CASH_OUT,435.77,MX,3514.38,3078.61,0,0,0,0,0,3,LOW
TXN005712,2024-07-07,20,DEBIT,12521.12,DE,3452.57,0.0,0,0,0,0,0,2,LOW
TXN005713,2024-09-02,10,TRANSFER,8845.03,US,149895.9,141050.87,0,0,0,0,0,1,LOW
TXN005714,2024-02-17,10,CASH_OUT,44.41,UK,46723.38,46678.97,0,0,0,0,0,3,LOW
TXN005715,2024-06-04,20,CASH_OUT,1198.94,RU,180533.07,179334.13,0,0,0,1,0,30,LOW
TXN005716,2024-10-01,12,PAYMENT,2457.68,US,103768.95,101311.27,0,0,0,0,0,1,LOW
TXN005717,2024-10-14,19,DEBIT,2900.55,DE,322111.05,319210.5,0,0,0,0,0,1,LOW
TXN005718,2024-01-12,8,PAYMENT,1939.85,US,435909.67,433969.82,0,0,0,0,0,1,LOW
TXN005719,2024-03-07,21,CASH_IN,3989.56,UK,307183.56,311173.12,0,0,0,0,0,3,LOW
TXN005720,2024-06-16,17,CASH_OUT,6316.54,RU,266228.9,259912.36,0,0,0,1,0,35,LOW
TXN005721,2024-02-03,16,DEBIT,19995.08,NG,83800.03,63804.95,0,0,0,1,0,33,LOW
TXN005722,2024-02-11,21,CASH_OUT,4364.34,US,92868.85,88504.51,0,0,0,0,0,5,LOW
TXN005723,2024-04-17,15,CASH_IN,4481.36,CN,343996.36,348477.72,0,0,0,0,0,5,LOW
TXN005724,2024-04-29,13,CASH_OUT,14379.67,UK,18310.95,3931.28,0,0,0,0,0,15,LOW
TXN005725,2024-10-30,19,TRANSFER,2871.49,NG,76609.0,73737.51,0,0,0,1,0,34,LOW
TXN005726,2024-11-11,13,PAYMENT,5242.84,US,369685.75,364442.91,0,0,0,0,0,2,LOW
TXN005727,2024-05-25,13,CASH_IN,1236.63,CN,292695.06,293931.69,0,0,0,0,0,1,LOW
TXN005728,2024-01-18,18,CASH_OUT,83.57,RU,373993.18,373909.61,0,0,0,1,0,33,LOW
TXN005729,2024-09-14,8,CASH_IN,8251.52,CN,320529.61,328781.13,0,0,0,0,0,4,LOW
TXN005730,2024-05-05,7,CASH_OUT,2053.95,DE,473867.94,471813.99,0,0,0,0,0,5,LOW
TXN005731,2024-09-11,21,DEBIT,1143.42,US,41985.64,40842.22,0,0,0,0,0,2,LOW
TXN005732,2024-10-29,13,CASH_IN,12144.42,MX,206779.61,218924.03,0,0,0,0,0,4,LOW
TXN005733,2024-09-17,17,CASH_IN,11816.62,US,128217.42,140034.04,0,0,0,0,0,3,LOW
TXN005734,2024-01-17,16,CASH_IN,2229.8,NG,58691.85,60921.65,0,0,0,1,0,32,LOW
TXN005735,2024-03-06,2,CASH_OUT,30153.82,NG,359784.68,329630.86,0,1,0,1,1,94,HIGH
TXN005736,2024-03-05,9,CASH_OUT,1810.19,US,90761.8,88951.61,0,0,0,0,0,1,LOW
TXN005737,2024-03-09,10,DEBIT,10710.58,US,230138.08,219427.5,0,0,0,0,0,1,LOW
TXN005738,2024-06-30,9,DEBIT,1295.3,NG,488612.59,487317.29,0,0,0,1,0,32,LOW
TXN005739,2024-09-03,20,CASH_OUT,3429.76,UK,40099.98,36670.22,0,0,0,0,0,2,LOW
TXN005740,2024-05-15,1,CASH_OUT,72744.62,RU,354911.88,282167.26,0,0,0,1,1,93,HIGH
TXN005741,2024-12-12,8,DEBIT,553.92,US,27989.4,27435.48,0,0,0,0,0,0,LOW
TXN005742,2024-07-01,14,CASH_IN,3413.98,US,46331.32,49745.3,0,0,0,0,0,0,LOW
TXN005743,2024-10-13,13,CASH_OUT,2048.42,UK,245373.61,243325.19,0,0,0,0,0,1,LOW
TXN005744,2024-03-13,2,CASH_OUT,2493.23,CN,376026.82,373533.59,0,1,0,0,1,48,MEDIUM
TXN005745,2024-01-02,10,TRANSFER,6668.2,US,311317.91,304649.71,0,0,0,0,0,2,LOW
TXN005746,2024-08-12,8,CASH_IN,5390.53,UK,328174.19,333564.72,0,0,0,0,0,3,LOW
TXN005747,2024-06-03,20,DEBIT,1091.9,UK,413824.14,412732.24,0,0,0,0,0,0,LOW
TXN005748,2024-11-22,14,CASH_OUT,7549.96,US,362233.04,354683.08,0,0,0,0,0,3,LOW
TXN005749,2024-10-12,16,DEBIT,3111.52,US,267668.52,264557.0,0,0,0,0,0,0,LOW
TXN005750,2024-11-08,3,CASH_OUT,1068.24,NG,151944.24,150876.0,0,0,0,1,1,53,MEDIUM
TXN005751,2024-12-07,15,CASH_IN,617.07,UK,492485.6,493102.67,0,0,0,0,0,1,LOW
TXN005752,2024-05-04,17,CASH_IN,7175.32,IR,477379.35,484554.67,0,0,0,1,0,33,LOW
TXN005753,2024-05-27,20,PAYMENT,2670.43,NG,51789.74,49119.31,0,0,0,1,0,35,LOW
TXN005754,2024-01-13,18,DEBIT,335.8,IR,174665.44,174329.64,0,0,0,1,0,31,LOW
TXN005755,2024-05-09,15,CASH_IN,3770.75,DE,121563.56,125334.31,0,0,0,0,0,1,LOW
TXN005756,2024-08-11,21,CASH_OUT,400.19,IR,404350.79,403950.6,0,0,0,1,0,31,LOW
TXN005757,2024-01-07,18,CASH_IN,2324.47,US,219357.03,221681.5,0,0,0,0,0,3,LOW
TXN005758,2024-10-17,12,TRANSFER,6530.25,NG,68057.2,61526.95,0,0,0,1,0,32,LOW
TXN005759,2024-06-22,19,DEBIT,5754.73,UK,278960.14,273205.41,0,0,0,0,0,2,LOW
TXN005760,2024-06-10,18,CASH_OUT,2305.09,MX,76807.76,74502.67,0,0,0,0,0,4,LOW
TXN005761,2024-08-18,16,TRANSFER,1194.53,IR,341370.26,340175.73,0,0,0,1,0,30,LOW
TXN005762,2024-10-10,10,CASH_OUT,3638.63,CN,357484.7,353846.07,0,0,0,0,0,2,LOW
TXN005763,2024-10-11,8,CASH_OUT,14601.38,UK,174714.81,160113.43,0,0,0,0,0,17,LOW
TXN005764,2024-11-21,13,CASH_OUT,1748.42,US,418036.6,416288.18,0,0,0,0,0,2,LOW
TXN005765,2024-06-01,9,DEBIT,1320.86,US,5169.13,3848.27,0,0,0,0,0,1,LOW
TXN005766,2024-11-17,9,TRANSFER,525.82,US,80075.0,79549.18,0,0,0,0,0,5,LOW
TXN005767,2024-11-29,9,PAYMENT,183.82,US,204315.75,204131.93,0,0,0,0,0,4,LOW
TXN005768,2024-06-27,10,CASH_OUT,6409.7,RU,486173.11,479763.41,0,0,0,1,0,31,LOW
TXN005769,2024-08-02,8,TRANSFER,324.29,RU,328720.84,328396.55,0,0,0,1,0,34,LOW
TXN005770,2024-11-06,3,TRANSFER,25113.49,NG,419970.77,394857.28,0,1,0,1,1,94,HIGH
TXN005771,2024-03-01,14,CASH_OUT,517.81,US,323890.07,323372.26,0,0,0,0,0,1,LOW
TXN005772,2024-09-17,4,TRANSFER,50199.46,RU,322001.9,271802.44,0,0,0,1,1,94,HIGH
TXN005773,2024-09-09,17,DEBIT,3293.01,DE,30520.89,27227.88,0,0,0,0,0,5,LOW
TXN005774,2024-08-07,12,PAYMENT,1650.85,US,290280.56,288629.71,0,0,0,0,0,1,LOW
TXN005775,2024-05-12,20,CASH_IN,6639.35,IR,459583.2,466222.55,0,0,0,1,0,34,LOW
TXN005776,2024-10-19,20,CASH_OUT,822.14,IR,302188.54,301366.4,0,0,0,1,0,35,LOW
TXN005777,2024-01-09,10,PAYMENT,3667.61,MX,107863.66,104196.05,0,0,0,0,0,5,LOW
TXN005778,2024-09-25,21,CASH_IN,10326.85,US,284577.23,294904.08,0,0,0,0,0,0,LOW
TXN005779,2024-04-08,9,CASH_IN,1252.76,IR,108270.68,109523.44,0,0,0,1,0,33,LOW
TXN005780,2024-10-14,8,CASH_IN,1793.55,US,316780.7,318574.25,0,0,0,0,0,2,LOW
TXN005781,2024-01-29,9,TRANSFER,1571.13,UK,157264.71,155693.58,0,0,0,0,0,4,LOW
TXN005782,2024-02-06,18,PAYMENT,6526.05,DE,141433.98,134907.93,0,0,0,0,0,3,LOW
TXN005783,2024-12-13,21,CASH_IN,1685.13,NG,386310.53,387995.66,0,0,0,1,0,35,LOW
TXN005784,2024-02-25,8,CASH_IN,2128.64,US,450205.91,452334.55,0,0,0,0,0,2,LOW
TXN005785,2024-06-25,21,TRANSFER,335.19,UK,486235.62,485900.43,0,0,0,0,0,5,LOW
TXN005786,2024-01-27,4,CASH_OUT,30611.21,US,316786.93,286175.72,0,0,0,0,1,40,MEDIUM
TXN005787,2024-11-15,1,TRANSFER,20394.06,DE,192562.15,172168.09,0,1,0,0,1,62,MEDIUM
TXN005788,2024-12-20,7,DEBIT,442.03,DE,297391.33,296949.3,0,0,0,0,0,1,LOW
TXN005789,2024-01-19,21,CASH_IN,5588.28,UK,46653.83,52242.11,0,0,0,0,0,2,LOW
TXN005790,2024-03-22,18,PAYMENT,238.57,MX,274653.44,274414.87,0,0,0,0,0,0,LOW
TXN005791,2024-06-21,13,PAYMENT,1832.17,UK,337530.64,335698.47,0,0,0,0,0,0,LOW
TXN005792,2024-06-05,17,CASH_OUT,13313.1,US,450573.66,437260.56,0,0,0,0,0,17,LOW
TXN005793,2024-04-27,19,PAYMENT,782.24,US,45077.25,44295.01,0,0,0,0,0,1,LOW
TXN005794,2024-07-15,20,CASH_OUT,838.19,US,481918.16,481079.97,0,0,0,0,0,4,LOW
TXN005795,2024-06-30,18,PAYMENT,5766.41,RU,355656.09,349889.68,0,0,0,1,0,32,LOW
TXN005796,2024-08-22,15,CASH_IN,4725.27,RU,343290.56,348015.83,0,0,0,1,0,31,LOW
TXN005797,2024-12-24,11,DEBIT,1050.54,CN,316691.66,315641.12,0,0,0,0,0,1,LOW
TXN005798,2024-04-21,7,CASH_IN,8280.95,US,372879.2,381160.15,0,0,0,0,0,1,LOW
TXN005799,2024-04-29,10,PAYMENT,2921.64,CN,107303.08,104381.44,0,0,0,0,0,2,LOW
TXN005800,2024-12-10,17,PAYMENT,352.04,US,419655.91,419303.87,0,0,0,0,0,0,LOW
TXN005801,2024-03-28,19,CASH_IN,1408.74,DE,305856.62,307265.36,0,0,0,0,0,2,LOW
TXN005802,2024-07-06,15,CASH_OUT,5267.54,US,483372.42,478104.88,0,0,0,0,0,2,LOW
TXN005803,2024-10-06,16,DEBIT,7449.42,US,170134.76,162685.34,0,0,0,0,0,3,LOW
TXN005804,2024-06-19,11,DEBIT,389.61,US,9055.66,8666.05,0,0,0,0,0,4,LOW
TXN005805,2024-11-30,15,DEBIT,144.06,US,268695.77,268551.71,0,0,0,0,0,2,LOW
TXN005806,2024-08-20,23,TRANSFER,58158.09,US,399260.87,341102.78,0,1,0,0,1,89,HIGH
TXN005807,2024-02-24,12,DEBIT,2289.65,UK,336294.94,334005.29,0,0,0,0,0,3,LOW
TXN005808,2024-12-02,18,PAYMENT,850.91,UK,482208.57,481357.66,0,0,0,0,0,4,LOW
TXN005809,2024-02-11,20,DEBIT,500.24,MX,331229.49,330729.25,0,0,0,0,0,4,LOW
TXN005810,2024-04-01,18,CASH_IN,3073.52,UK,76444.03,79517.55,0,0,0,0,0,1,LOW
TXN005811,2024-09-22,17,CASH_OUT,4721.62,NG,151588.73,146867.11,0,0,0,1,0,34,LOW
TXN005812,2024-11-14,18,CASH_IN,5949.79,US,465159.55,471109.34,0,0,0,0,0,1,LOW
TXN005813,2024-01-11,7,CASH_OUT,13393.78,US,9185.04,0.0,0,0,0,0,0,19,LOW
TXN005814,2024-11-15,14,DEBIT,3221.15,NG,403936.25,400715.1,0,0,0,1,0,32,LOW
TXN005815,2024-11-10,17,CASH_OUT,715.29,DE,21389.41,20674.12,0,0,0,0,0,1,LOW
TXN005816,2024-02-07,12,CASH_OUT,209.47,NG,90918.74,90709.27,0,0,0,1,0,34,LOW
TXN005817,2024-08-21,10,CASH_IN,3174.43,CN,323996.03,327170.46,0,0,0,0,0,5,LOW
TXN005818,2024-04-22,4,CASH_OUT,36462.28,IR,444790.86,408328.58,0,0,0,1,1,69,MEDIUM
TXN005819,2024-11-23,19,PAYMENT,1933.76,IR,334577.56,332643.8,0,0,0,1,0,33,LOW
TXN005820,2024-10-03,13,TRANSFER,1808.25,US,1190.9,0.0,0,0,0,0,0,4,LOW
TXN005821,2024-07-01,13,CASH_IN,509.29,US,253009.66,253518.95,0,0,0,0,0,4,LOW
TXN005822,2024-01-01,15,TRANSFER,2097.78,CN,412971.79,410874.01,0,0,0,0,0,4,LOW
TXN005823,2024-09-26,21,DEBIT,832.64,IR,263798.71,262966.07,0,0,0,1,0,30,LOW
TXN005824,2024-01-09,20,CASH_IN,1440.18,US,120129.86,121570.04,0,0,0,0,0,0,LOW
TXN005825,2024-05-20,21,DEBIT,5780.2,DE,172758.6,166978.4,0,0,0,0,0,3,LOW
TXN005826,2024-01-13,8,TRANSFER,531.37,CN,190497.07,189965.7,0,0,0,0,0,0,LOW
TXN005827,2024-11-21,18,DEBIT,710.89,US,334630.09,333919.2,0,0,0,0,0,1,LOW
TXN005828,2024-10-07,18,DEBIT,1102.68,US,209131.86,208029.18,0,0,0,0,0,0,LOW
TXN005829,2024-10-03,17,PAYMENT,1057.89,UK,33580.23,32522.34,0,0,0,0,0,2,LOW
TXN005830,2024-10-14,18,CASH_IN,8621.52,NG,432434.26,441055.78,0,0,0,1,0,35,LOW
TXN005831,2024-01-01,21,CASH_OUT,2855.09,RU,417074.38,414219.29,0,0,0,1,0,34,LOW
TXN005832,2024-09-30,18,TRANSFER,2459.35,US,140238.2,137778.85,0,0,0,0,0,3,LOW
TXN005833,2024-05-11,7,CASH_OUT,2805.04,IR,30727.64,27922.6,0,0,0,1,0,31,LOW
TXN005834,2024-01-11,14,CASH_IN,1006.76,CN,499002.9,500009.66,0,0,0,0,0,3,LOW
TXN005835,2024-10-15,16,CASH_IN,1092.22,DE,318847.59,319939.81,0,0,0,0,0,5,LOW
TXN005836,2024-12-14,21,TRANSFER,477.01,US,95905.49,95428.48,0,0,0,0,0,0,LOW
TXN005837,2024-03-03,2,CASH_OUT,15170.66,IR,360688.35,345517.69,0,1,0,1,1,93,HIGH
TXN005838,2024-09-09,11,PAYMENT,9870.17,UK,445300.64,435430.47,0,0,0,0,0,0,LOW
TXN005839,2024-01-22,19,TRANSFER,6899.71,RU,173667.16,166767.45,0,0,0,1,0,33,LOW
TXN005840,2024-10-17,23,TRANSFER,74903.91,US,51550.91,0.0,0,0,0,0,1,61,MEDIUM
TXN005841,2024-10-21,11,CASH_IN,672.39,NG,16818.44,17490.83,0,0,0,1,0,34,LOW
TXN005842,2024-11-28,20,CASH_IN,1859.16,NG,44015.17,45874.33,0,0,0,1,0,31,LOW
TXN005843,2024-03-22,12,CASH_IN,1253.2,IR,144342.94,145596.14,0,0,0,1,0,33,LOW
TXN005844,2024-03-08,18,DEBIT,482.91,US,441085.67,440602.76,0,0,0,0,0,2,LOW
TXN005845,2024-11-07,16,DEBIT,5580.02,US,458395.39,452815.37,0,0,0,0,0,5,LOW
TXN005846,2024-10-27,15,TRANSFER,1264.04,UK,337581.2,336317.16,0,0,0,0,0,1,LOW
TXN005847,2024-03-22,15,PAYMENT,526.95,US,32901.92,32374.97,0,0,0,0,0,5,LOW
TXN005848,2024-03-31,17,DEBIT,1006.27,US,492475.29,491469.02,0,0,0,0,0,2,LOW
TXN005849,2024-02-07,12,PAYMENT,1377.36,MX,4756.8,3379.44,0,0,0,0,0,4,LOW
TXN005850,2024-01-11,12,DEBIT,63.6,DE,88839.77,88776.17,0,0,0,0,0,2,LOW
TXN005851,2024-10-16,16,CASH_IN,1764.27,CN,445565.45,447329.72,0,0,0,0,0,1,LOW
TXN005852,2024-01-25,12,CASH_OUT,3144.92,RU,70511.48,67366.56,0,0,0,1,0,33,LOW
TXN005853,2024-07-04,8,CASH_IN,5835.3,RU,383532.8,389368.1,0,0,0,1,0,34,LOW
TXN005854,2024-01-03,18,PAYMENT,7008.55,RU,420380.73,413372.18,0,0,0,1,0,33,LOW
TXN005855,2024-08-24,10,CASH_OUT,8841.8,MX,38497.03,29655.23,0,0,0,0,0,2,LOW
TXN005856,2024-01-25,15,DEBIT,871.62,US,165491.08,164619.46,0,0,0,0,0,0,LOW
TXN005857,2024-11-22,11,CASH_OUT,7807.82,US,365516.17,357708.35,0,0,0,0,0,3,LOW
TXN005858,2024-09-14,8,CASH_IN,4816.8,UK,336695.53,341512.33,0,0,0,0,0,0,LOW
TXN005859,2024-01-07,9,TRANSFER,757.56,DE,81130.35,80372.79,0,0,0,0,0,5,LOW
TXN005860,2024-12-17,13,PAYMENT,280.32,US,72662.46,72382.14,0,0,0,0,0,0,LOW
TXN005861,2024-12-17,21,CASH_OUT,3325.3,US,211689.61,208364.31,0,0,0,0,0,0,LOW
TXN005862,2024-10-16,9,DEBIT,3860.07,US,474361.04,470500.97,0,0,0,0,0,5,LOW
TXN005863,2024-06-24,10,TRANSFER,393.01,UK,113565.22,113172.21,0,0,0,0,0,0,LOW
TXN005864,2024-09-06,14,CASH_OUT,1322.07,UK,37510.8,36188.73,0,0,0,0,0,3,LOW
TXN005865,2024-11-21,9,TRANSFER,3223.89,DE,10926.77,7702.88,0,0,0,0,0,1,LOW
TXN005866,2024-06-24,8,CASH_IN,830.39,DE,37502.38,38332.77,0,0,0,0,0,1,LOW
TXN005867,2024-10-07,16,PAYMENT,2000.71,DE,296900.53,294899.82,0,0,0,0,0,0,LOW
TXN005868,2024-06-11,8,PAYMENT,6082.33,RU,61712.54,55630.21,0,0,0,1,0,33,LOW
TXN005869,2024-05-18,9,DEBIT,4980.43,MX,168723.88,163743.45,0,0,0,0,0,0,LOW
TXN005870,2024-09-14,16,PAYMENT,3723.8,DE,256793.53,253069.73,0,0,0,0,0,4,LOW
TXN005871,2024-07-02,23,TRANSFER,64387.7,UK,164684.65,100296.95,0,1,0,0,1,87,HIGH
TXN005872,2024-05-23,4,TRANSFER,11275.9,IR,42359.05,31083.15,0,1,0,1,1,90,HIGH
TXN005873,2024-06-22,23,TRANSFER,20303.72,DE,97398.26,77094.54,0,0,0,0,1,35,LOW
TXN005874,2024-09-10,11,CASH_OUT,1804.79,US,276142.15,274337.36,0,0,0,0,0,4,LOW
TXN005875,2024-12-01,14,TRANSFER,433.31,US,264930.9,264497.59,0,0,0,0,0,0,LOW
TXN005876,2024-08-10,10,CASH_OUT,119.67,MX,184383.14,184263.47,0,0,0,0,0,3,LOW
TXN005877,2024-04-26,21,TRANSFER,1871.3,UK,49294.71,47423.41,0,0,0,0,0,0,LOW
TXN005878,2024-10-27,10,TRANSFER,531.42,US,167177.18,166645.76,0,0,0,0,0,1,LOW
TXN005879,2024-06-10,9,DEBIT,1358.51,DE,424001.2,422642.69,0,0,0,0,0,5,LOW
TXN005880,2024-01-02,18,CASH_OUT,5021.23,NG,155651.14,150629.91,0,0,0,1,0,34,LOW
TXN005881,2024-11-18,8,CASH_IN,330.84,UK,302617.32,302948.16,0,0,0,0,0,2,LOW
TXN005882,2024-12-18,20,PAYMENT,2853.01,US,165368.79,162515.78,0,0,0,0,0,3,LOW
TXN005883,2024-05-29,9,CASH_OUT,1296.86,DE,150379.44,149082.58,0,0,0,0,0,3,LOW
TXN005884,2024-05-02,7,PAYMENT,999.32,US,335613.68,334614.36,0,0,0,0,0,3,LOW
TXN005885,2024-09-29,18,CASH_IN,6522.09,UK,12415.91,18938.0,0,0,0,0,0,0,LOW
TXN005886,2024-01-16,17,TRANSFER,3024.12,UK,407281.11,404256.99,0,0,0,0,0,2,LOW
TXN005887,2024-09-20,16,DEBIT,1628.35,US,69976.51,68348.16,0,0,0,0,0,4,LOW
TXN005888,2024-08-30,12,DEBIT,9471.45,MX,333325.36,323853.91,0,0,0,0,0,1,LOW
TXN005889,2024-05-17,18,CASH_OUT,1421.46,NG,253387.59,251966.13,0,0,0,1,0,32,LOW
TXN005890,2024-04-11,18,PAYMENT,4079.92,NG,333180.71,329100.79,0,0,0,1,0,30,LOW
TXN005891,2024-01-16,8,CASH_OUT,1721.62,US,237764.46,236042.84,0,0,0,0,0,1,LOW
TXN005892,2024-08-24,13,PAYMENT,421.89,CN,116004.59,115582.7,0,0,0,0,0,3,LOW
TXN005893,2024-05-15,13,DEBIT,715.36,US,463266.38,462551.02,0,0,0,0,0,3,LOW
TXN005894,2024-05-07,16,PAYMENT,10338.15,US,334801.13,324462.98,0,0,0,0,0,3,LOW
TXN005895,2024-10-18,4,CASH_OUT,9952.12,NG,366136.56,356184.44,1,1,0,1,1,100,HIGH
TXN005896,2024-06-09,8,CASH_IN,4.5,US,281637.14,281641.64,0,0,0,0,0,0,LOW
TXN005897,2024-03-17,7,PAYMENT,5006.0,DE,119297.01,114291.01,0,0,0,0,0,0,LOW
TXN005898,2024-07-16,11,DEBIT,3922.94,CN,474793.58,470870.64,0,0,0,0,0,4,LOW
TXN005899,2024-11-09,16,CASH_IN,205.51,RU,138914.77,139120.28,0,0,0,1,0,35,LOW
TXN005900,2024-10-11,15,PAYMENT,3456.37,CN,285377.04,281920.67,0,0,0,0,0,4,LOW
TXN005901,2024-12-10,20,PAYMENT,1414.53,US,375854.45,374439.92,0,0,0,0,0,3,LOW
TXN005902,2024-03-03,2,TRANSFER,1092.04,UK,424694.26,423602.22,0,1,0,0,1,46,MEDIUM
TXN005903,2024-01-01,8,CASH_IN,885.82,US,414571.37,415457.19,0,0,0,0,0,1,LOW
TXN005904,2024-06-21,21,CASH_OUT,8322.21,US,52472.24,44150.03,0,0,0,0,0,4,LOW
TXN005905,2024-03-15,12,DEBIT,967.91,DE,389362.23,388394.32,0,0,0,0,0,1,LOW
TXN005906,2024-07-25,13,DEBIT,217.41,US,403417.91,403200.5,0,0,0,0,0,4,LOW
TXN005907,2024-12-24,13,CASH_OUT,1097.86,CN,447799.41,446701.55,0,0,0,0,0,3,LOW
TXN005908,2024-04-25,10,PAYMENT,1224.89,US,9134.65,7909.76,0,0,0,0,0,2,LOW
TXN005909,2024-05-08,13,DEBIT,6414.0,DE,240380.9,233966.9,0,0,0,0,0,3,LOW
TXN005910,2024-02-13,16,TRANSFER,1065.76,US,441607.46,440541.7,0,0,0,0,0,4,LOW
TXN005911,2024-04-08,15,DEBIT,6051.43,CN,425169.48,419118.05,0,0,0,0,0,1,LOW
TXN005912,2024-11-18,7,TRANSFER,964.23,CN,280573.8,279609.57,0,0,0,0,0,5,LOW
TXN005913,2024-01-06,12,TRANSFER,2448.02,US,198121.67,195673.65,0,0,0,0,0,3,LOW
TXN005914,2024-05-18,10,CASH_OUT,3672.26,US,358397.76,354725.5,0,0,0,0,0,1,LOW
TXN005915,2024-04-26,12,CASH_IN,744.1,DE,320877.21,321621.31,0,0,0,0,0,2,LOW
TXN005916,2024-11-23,7,TRANSFER,2565.26,US,2332.46,0.0,0,0,0,0,0,3,LOW
TXN005917,2024-02-16,10,DEBIT,2183.3,US,399915.63,397732.33,0,0,0,0,0,2,LOW
TXN005918,2024-01-20,7,CASH_IN,10064.49,UK,284117.97,294182.46,0,0,0,0,0,5,LOW
TXN005919,2024-03-01,1,CASH_OUT,31862.06,IR,39728.42,7866.36,0,0,0,1,1,66,MEDIUM
TXN005920,2024-03-21,7,CASH_OUT,8.23,NG,114522.01,114513.78,0,0,0,1,0,32,LOW
TXN005921,2024-01-23,9,CASH_IN,4576.3,IR,64003.19,68579.49,0,0,0,1,0,33,LOW
TXN005922,2024-04-08,7,DEBIT,2153.82,IR,16425.9,14272.08,0,0,0,1,0,33,LOW
TXN005923,2024-08-18,11,TRANSFER,5688.96,UK,19372.34,13683.38,0,0,0,0,0,2,LOW
TXN005924,2024-09-12,15,DEBIT,4278.2,US,63207.3,58929.1,0,0,0,0,0,0,LOW
TXN005925,2024-02-21,8,CASH_OUT,2374.77,US,297012.68,294637.91,0,0,0,0,0,3,LOW
TXN005926,2024-02-14,8,PAYMENT,1239.74,MX,474823.89,473584.15,0,0,0,0,0,1,LOW
TXN005927,2024-10-18,17,TRANSFER,846.6,US,182100.84,181254.24,0,0,0,0,0,2,LOW
TXN005928,2024-10-19,8,DEBIT,4325.79,US,256121.28,251795.49,0,0,0,0,0,3,LOW
TXN005929,2024-01-02,14,CASH_IN,1629.22,RU,93478.68,95107.9,0,0,0,1,0,31,LOW
TXN005930,2024-01-15,11,PAYMENT,3408.19,RU,356834.73,353426.54,0,0,0,1,0,33,LOW
TXN005931,2024-12-29,16,CASH_IN,5723.79,US,375369.35,381093.14,0,0,0,0,0,5,LOW
TXN005932,2024-01-06,18,PAYMENT,3012.36,DE,208002.1,204989.74,0,0,0,0,0,3,LOW
TXN005933,2024-02-09,10,TRANSFER,305.27,IR,39434.92,39129.65,0,0,0,1,0,32,LOW
TXN005934,2024-06-13,17,CASH_OUT,803.56,US,190748.17,189944.61,0,0,0,0,0,0,LOW
TXN005935,2024-12-15,1,CASH_OUT,30037.98,UK,238884.74,208846.76,0,0,0,0,1,39,LOW
TXN005936,2024-10-08,16,PAYMENT,3418.98,NG,318524.42,315105.44,0,0,0,1,0,32,LOW
TXN005937,2024-04-28,20,CASH_OUT,5215.39,NG,294124.28,288908.89,0,0,0,1,0,35,LOW
TXN005938,2024-12-29,15,CASH_IN,1352.74,US,244570.63,245923.37,0,0,0,0,0,3,LOW
TXN005939,2024-07-20,7,TRANSFER,6507.41,US,143994.03,137486.62,0,0,0,0,0,5,LOW
TXN005940,2024-04-17,8,CASH_IN,1390.42,UK,181353.01,182743.43,0,0,0,0,0,4,LOW
TXN005941,2024-09-06,15,CASH_IN,822.4,CN,498034.45,498856.85,0,0,0,0,0,3,LOW
TXN005942,2024-02-13,16,CASH_OUT,1079.96,DE,149847.88,148767.92,0,0,0,0,0,3,LOW
TXN005943,2024-03-20,16,CASH_IN,12643.08,DE,442718.35,455361.43,0,0,0,0,0,5,LOW
TXN005944,2024-06-16,17,PAYMENT,2986.4,NG,118427.41,115441.01,0,0,0,1,0,30,LOW
TXN005945,2024-06-27,9,CASH_IN,2434.96,DE,265892.68,268327.64,0,0,0,0,0,4,LOW
TXN005946,2024-08-02,17,DEBIT,6449.55,US,167710.41,161260.86,0,0,0,0,0,2,LOW
TXN005947,2024-09-26,9,PAYMENT,4671.87,IR,496023.18,491351.31,0,0,0,1,0,31,LOW
TXN005948,2024-08-22,16,CASH_IN,2297.35,NG,291461.18,293758.53,0,0,0,1,0,33,LOW
TXN005949,2024-02-28,18,CASH_IN,408.07,RU,388918.16,389326.23,0,0,0,1,0,31,LOW
TXN005950,2024-08-26,12,PAYMENT,1710.24,US,284129.82,282419.58,0,0,0,0,0,5,LOW
TXN005951,2024-08-31,11,PAYMENT,16882.84,IR,22611.96,5729.12,0,0,0,1,0,32,LOW
TXN005952,2024-06-27,9,TRANSFER,3085.45,DE,120402.42,117316.97,0,0,0,0,0,4,LOW
TXN005953,2024-03-31,3,CASH_OUT,31819.7,US,351655.0,319835.3,0,0,0,0,1,38,LOW
TXN005954,2024-04-20,14,CASH_OUT,2181.43,US,480768.36,478586.93,0,0,0,0,0,2,LOW
TXN005955,2024-11-27,10,DEBIT,3691.22,US,142337.92,138646.7,0,0,0,0,0,5,LOW
TXN005956,2024-02-09,19,PAYMENT,1459.87,MX,359535.71,358075.84,0,0,0,0,0,3,LOW
TXN005957,2024-05-03,14,PAYMENT,187.93,US,54455.72,54267.79,0,0,0,0,0,5,LOW
TXN005958,2024-11-24,14,TRANSFER,3582.69,RU,281879.93,278297.24,0,0,0,1,0,31,LOW
TXN005959,2024-02-06,20,CASH_IN,4559.27,DE,39648.05,44207.32,0,0,0,0,0,2,LOW
TXN005960,2024-10-25,15,TRANSFER,1417.39,UK,96358.38,94940.99,0,0,0,0,0,2,LOW
TXN005961,2024-04-16,16,PAYMENT,1353.6,CN,334745.38,333391.78,0,0,0,0,0,3,LOW
TXN005962,2024-08-11,16,PAYMENT,958.27,US,339493.71,338535.44,0,0,0,0,0,2,LOW
TXN005963,2024-12-28,23,CASH_OUT,8953.56,UK,349180.92,340227.36,0,0,0,0,1,25,LOW
TXN005964,2024-12-01,8,PAYMENT,13121.17,US,198316.48,185195.31,0,0,0,0,0,5,LOW
TXN005965,2024-09-22,21,PAYMENT,4987.92,US,433287.84,428299.92,0,0,0,0,0,5,LOW
TXN005966,2024-11-30,9,PAYMENT,407.94,DE,470901.82,470493.88,0,0,0,0,0,1,LOW
TXN005967,2024-02-28,18,DEBIT,11081.6,US,420527.66,409446.06,0,0,0,0,0,2,LOW
TXN005968,2024-04-04,17,CASH_IN,3101.82,US,480719.11,483820.93,0,0,0,0,0,1,LOW
TXN005969,2024-08-07,17,CASH_IN,3547.19,US,428488.08,432035.27,0,0,0,0,0,5,LOW
TXN005970,2024-05-31,21,PAYMENT,2107.21,US,301857.63,299750.42,0,0,0,0,0,5,LOW
TXN005971,2024-04-14,14,TRANSFER,872.54,US,30666.95,29794.41,0,0,0,0,0,4,LOW
TXN005972,2024-04-27,13,DEBIT,8359.59,US,349873.8,341514.21,0,0,0,0,0,1,LOW
TXN005973,2024-10-21,19,DEBIT,1540.03,US,152272.79,150732.76,0,0,0,0,0,4,LOW
TXN005974,2024-06-01,7,PAYMENT,5920.03,CN,158954.81,153034.78,0,0,0,0,0,0,LOW
TXN005975,2024-09-17,18,TRANSFER,2319.32,US,1384.0,0.0,0,0,0,0,0,0,LOW
TXN005976,2024-11-10,18,TRANSFER,7347.9,RU,489338.38,481990.48,0,0,0,1,0,32,LOW
TXN005977,2024-12-01,11,PAYMENT,509.45,MX,105790.12,105280.67,0,0,0,0,0,1,LOW
TXN005978,2024-03-03,18,DEBIT,4774.76,US,300042.91,295268.15,0,0,0,0,0,5,LOW
TXN005979,2024-01-30,18,DEBIT,959.7,DE,352646.18,351686.48,0,0,0,0,0,2,LOW
TXN005980,2024-09-19,7,DEBIT,1595.13,US,365352.49,363757.36,0,0,0,0,0,4,LOW
TXN005981,2024-07-07,1,TRANSFER,5884.79,RU,176094.9,170210.11,0,1,0,1,1,80,HIGH
TXN005982,2024-03-07,10,PAYMENT,4293.88,US,490556.67,486262.79,0,0,0,0,0,3,LOW
TXN005983,2024-01-02,13,PAYMENT,5135.49,MX,55369.06,50233.57,0,0,0,0,0,4,LOW
TXN005984,2024-09-27,7,CASH_OUT,3422.27,IR,9607.93,6185.66,0,0,0,1,0,34,LOW
TXN005985,2024-11-29,16,PAYMENT,471.91,NG,192243.62,191771.71,0,0,0,1,0,35,LOW
TXN005986,2024-11-12,18,CASH_IN,4868.55,DE,274821.1,279689.65,0,0,0,0,0,2,LOW
TXN005987,2024-10-06,14,PAYMENT,2081.75,US,93161.75,91080.0,0,0,0,0,0,0,LOW
TXN005988,2024-05-29,13,CASH_IN,1190.86,MX,214824.33,216015.19,0,0,0,0,0,1,LOW
TXN005989,2024-02-19,17,CASH_OUT,4000.27,UK,416043.23,412042.96,0,0,0,0,0,4,LOW
TXN005990,2024-02-22,16,TRANSFER,1806.67,NG,444752.66,442945.99,0,0,0,1,0,30,LOW
TXN005991,2024-09-28,20,CASH_OUT,6538.83,CN,459319.64,452780.81,0,0,0,0,0,3,LOW
TXN005992,2024-11-03,16,DEBIT,0.11,US,467864.02,467863.91,0,0,0,0,0,1,LOW
TXN005993,2024-06-04,7,PAYMENT,1108.65,UK,290648.64,289539.99,0,0,0,0,0,2,LOW
TXN005994,2024-04-14,9,CASH_OUT,7094.57,MX,260391.75,253297.18,0,0,0,0,0,5,LOW
TXN005995,2024-08-17,9,DEBIT,311.68,UK,258445.17,258133.49,0,0,0,0,0,2,LOW
TXN005996,2024-10-30,23,TRANSFER,12747.44,US,231312.72,218565.28,0,0,0,0,1,38,LOW
TXN005997,2024-05-08,2,TRANSFER,36135.12,CN,480323.01,444187.89,0,0,0,0,1,36,LOW
TXN005998,2024-10-22,11,DEBIT,6304.85,UK,172243.72,165938.87,0,0,0,0,0,5,LOW
TXN005999,2024-05-17,16,CASH_IN,1141.84,IR,394788.59,395930.43,0,0,0,1,0,31,LOW
TXN006000,2024-07-19,17,PAYMENT,4070.63,IR,88623.48,84552.85,0,0,0,1,0,30,LOW
TXN006001,2024-07-25,21,CASH_IN,273.22,DE,26595.88,26869.1,0,0,0,0,0,5,LOW
TXN006002,2024-12-14,7,DEBIT,1693.56,UK,425408.63,423715.07,0,0,0,0,0,0,LOW
TXN006003,2024-09-09,16,DEBIT,2508.73,UK,498893.78,496385.05,0,0,0,0,0,1,LOW
TXN006004,2024-03-04,17,PAYMENT,935.94,CN,321992.7,321056.76,0,0,0,0,0,0,LOW
TXN006005,2024-10-30,21,DEBIT,3355.57,MX,75452.2,72096.63,0,0,0,0,0,0,LOW
TXN006006,2024-03-26,3,CASH_OUT,38395.15,IR,311389.75,272994.6,0,1,0,1,1,95,HIGH
TXN006007,2024-07-31,10,TRANSFER,4285.31,RU,242812.89,238527.58,0,0,0,1,0,35,LOW
TXN006008,2024-12-29,12,TRANSFER,7086.8,NG,30708.88,23622.08,0,0,0,1,0,32,LOW
TXN006009,2024-01-21,11,TRANSFER,263.7,NG,139154.66,138890.96,0,0,0,1,0,33,LOW
TXN006010,2024-02-15,19,CASH_OUT,326.72,UK,77198.26,76871.54,0,0,0,0,0,3,LOW
TXN006011,2024-08-14,7,TRANSFER,1780.1,US,27488.94,25708.84,0,0,0,0,0,4,LOW
TXN006012,2024-08-30,13,CASH_IN,3659.46,US,16865.08,20524.54,0,0,0,0,0,3,LOW
TXN006013,2024-12-22,12,TRANSFER,3011.51,RU,125134.13,122122.62,0,0,0,1,0,32,LOW
TXN006014,2024-09-28,7,DEBIT,7733.87,US,361124.14,353390.27,0,0,0,0,0,4,LOW
TXN006015,2024-08-12,18,CASH_IN,3640.75,UK,86540.98,90181.73,0,0,0,0,0,5,LOW
TXN006016,2024-11-16,15,CASH_OUT,1315.25,US,49862.54,48547.29,0,0,0,0,0,5,LOW
TXN006017,2024-03-06,14,CASH_OUT,3167.13,UK,280441.05,277273.92,0,0,0,0,0,4,LOW
TXN006018,2024-02-19,16,CASH_IN,890.24,UK,151900.02,152790.26,0,0,0,0,0,0,LOW
TXN006019,2024-02-23,11,PAYMENT,1579.49,MX,74075.09,72495.6,0,0,0,0,0,4,LOW
TXN006020,2024-09-24,12,DEBIT,2083.6,IR,455400.5,453316.9,0,0,0,1,0,32,LOW
TXN006021,2024-04-21,3,TRANSFER,8304.37,NG,39426.98,31122.61,0,0,0,1,1,53,MEDIUM
TXN006022,2024-06-02,2,CASH_OUT,77132.98,RU,463209.99,386077.01,0,0,0,1,1,93,HIGH
TXN006023,2024-01-17,9,CASH_OUT,2776.1,UK,346136.04,343359.94,0,0,0,0,0,0,LOW
TXN006024,2024-07-07,16,CASH_OUT,1952.72,US,420988.81,419036.09,0,0,0,0,0,0,LOW
TXN006025,2024-01-12,13,PAYMENT,2587.73,DE,92046.78,89459.05,0,0,0,0,0,5,LOW
TXN006026,2024-12-22,9,CASH_OUT,2467.48,US,363232.91,360765.43,0,0,0,0,0,1,LOW
TXN006027,2024-06-19,19,TRANSFER,3919.2,UK,343894.13,339974.93,0,0,0,0,0,4,LOW
TXN006028,2024-07-19,18,CASH_IN,1148.63,US,15593.18,16741.81,0,0,0,0,0,5,LOW
TXN006029,2024-07-12,18,DEBIT,7281.79,MX,466764.33,459482.54,0,0,0,0,0,4,LOW
TXN006030,2024-04-23,10,TRANSFER,69.68,UK,356128.34,356058.66,0,0,0,0,0,5,LOW
TXN006031,2024-01-25,16,TRANSFER,77.31,NG,53210.83,53133.52,0,0,0,1,0,31,LOW
TXN006032,2024-06-09,14,DEBIT,452.6,DE,157005.88,156553.28,0,0,0,0,0,4,LOW
TXN006033,2024-12-17,12,DEBIT,539.5,US,366362.06,365822.56,0,0,0,0,0,5,LOW
TXN006034,2024-03-28,7,DEBIT,1306.4,RU,461154.94,459848.54,0,0,0,1,0,34,LOW
TXN006035,2024-10-17,1,TRANSFER,10893.49,RU,90346.61,79453.12,0,0,0,1,1,68,MEDIUM
TXN006036,2024-12-01,18,DEBIT,6699.87,US,220758.64,214058.77,0,0,0,0,0,2,LOW
TXN006037,2024-08-11,14,CASH_OUT,225.98,NG,394814.92,394588.94,0,0,0,1,0,34,LOW
TXN006038,2024-10-11,7,CASH_IN,10061.34,MX,290576.24,300637.58,0,0,0,0,0,2,LOW
TXN006039,2024-09-30,8,PAYMENT,2752.17,NG,433489.77,430737.6,0,0,0,1,0,33,LOW
TXN006040,2024-03-23,11,PAYMENT,3888.04,CN,102722.62,98834.58,0,0,0,0,0,0,LOW
TXN006041,2024-04-04,17,PAYMENT,3959.07,US,196496.22,192537.15,0,0,0,0,0,0,LOW
TXN006042,2024-11-11,9,TRANSFER,4785.67,UK,441532.14,436746.47,0,0,0,0,0,2,LOW
TXN006043,2024-11-02,20,TRANSFER,1385.68,US,347638.42,346252.74,0,0,0,0,0,0,LOW
TXN006044,2024-12-05,16,TRANSFER,639.67,DE,263446.87,262807.2,0,0,0,0,0,2,LOW
TXN006045,2024-05-28,4,TRANSFER,25123.85,IR,309101.91,283978.06,0,1,0,1,1,91,HIGH
TXN006046,2024-04-14,10,CASH_IN,1970.04,US,51893.15,53863.19,0,0,0,0,0,0,LOW
TXN006047,2024-02-29,11,CASH_OUT,2467.23,US,145559.15,143091.92,0,0,0,0,0,0,LOW
TXN006048,2024-03-02,13,TRANSFER,327.55,US,38125.69,37798.14,0,0,0,0,0,3,LOW
TXN006049,2024-04-11,19,TRANSFER,2102.29,UK,289324.11,287221.82,0,0,0,0,0,1,LOW
TXN006050,2024-02-07,14,DEBIT,4021.06,UK,344337.92,340316.86,0,0,0,0,0,1,LOW
TXN006051,2024-08-10,13,CASH_IN,2825.97,CN,482215.47,485041.44,0,0,0,0,0,2,LOW
TXN006052,2024-04-28,21,PAYMENT,4676.37,US,409719.45,405043.08,0,0,0,0,0,3,LOW
TXN006053,2024-10-15,17,PAYMENT,9893.0,IR,384643.09,374750.09,0,0,0,1,0,35,LOW
TXN006054,2024-09-06,18,CASH_IN,759.01,US,405449.57,406208.58,0,0,0,0,0,2,LOW
TXN006055,2024-04-21,21,TRANSFER,184.18,CN,490472.0,490287.82,0,0,0,0,0,5,LOW
TXN006056,2024-03-06,20,PAYMENT,2167.79,IR,184846.81,182679.02,0,0,0,1,0,33,LOW
TXN006057,2024-07-29,14,CASH_OUT,9442.38,US,467593.53,458151.15,0,0,0,0,0,3,LOW
TXN006058,2024-04-07,13,PAYMENT,1584.61,US,168714.78,167130.17,0,0,0,0,0,0,LOW
TXN006059,2024-04-04,19,DEBIT,379.83,UK,30193.04,29813.21,0,0,0,0,0,0,LOW
TXN006060,2024-08-28,7,TRANSFER,1769.79,UK,456239.5,454469.71,0,0,0,0,0,0,LOW
TXN006061,2024-08-01,21,DEBIT,2522.77,US,166550.93,164028.16,0,0,0,0,0,2,LOW
TXN006062,2024-05-31,20,TRANSFER,2104.34,DE,89306.1,87201.76,0,0,0,0,0,5,LOW
TXN006063,2024-04-10,23,TRANSFER,16828.58,US,32685.33,15856.75,0,0,0,0,1,35,LOW
TXN006064,2024-08-10,20,TRANSFER,5073.31,US,246862.54,241789.23,0,0,0,0,0,1,LOW
TXN006065,2024-05-06,16,DEBIT,5532.93,US,38854.55,33321.62,0,0,0,0,0,0,LOW
TXN006066,2024-09-15,1,CASH_OUT,78362.49,UK,7278.06,0.0,0,1,0,0,1,86,HIGH
TXN006067,2024-01-20,1,CASH_OUT,112652.75,MX,190451.8,77799.05,0,0,0,0,1,60,MEDIUM
TXN006068,2024-12-23,1,CASH_OUT,20453.17,IR,319939.98,299486.81,0,1,0,1,1,90,HIGH
TXN006069,2024-10-28,15,DEBIT,5604.8,US,139721.86,134117.06,0,0,0,0,0,0,LOW
TXN006070,2024-04-04,12,DEBIT,3728.63,NG,433642.62,429913.99,0,0,0,1,0,33,LOW
TXN006071,2024-02-26,15,CASH_IN,992.25,IR,389620.7,390612.95,0,0,0,1,0,33,LOW
TXN006072,2024-05-02,19,PAYMENT,163.3,UK,420110.33,419947.03,0,0,0,0,0,5,LOW
TXN006073,2024-11-26,23,CASH_OUT,34363.31,UK,490614.29,456250.98,0,1,0,0,1,63,MEDIUM
TXN006074,2024-03-15,19,DEBIT,1457.36,US,162265.49,160808.13,0,0,0,0,0,4,LOW
TXN006075,2024-03-07,8,DEBIT,1881.14,US,465547.88,463666.74,0,0,0,0,0,5,LOW
TXN006076,2024-02-04,19,PAYMENT,103.89,UK,153955.5,153851.61,0,0,0,0,0,4,LOW
TXN006077,2024-02-09,18,DEBIT,3008.88,US,478109.67,475100.79,0,0,0,0,0,4,LOW
TXN006078,2024-03-08,7,TRANSFER,40.19,CN,248388.64,248348.45,0,0,0,0,0,0,LOW
TXN006079,2024-01-17,9,CASH_OUT,4745.22,RU,59026.33,54281.11,0,0,0,1,0,35,LOW
TXN006080,2024-10-17,10,CASH_OUT,3273.67,US,473480.03,470206.36,0,0,0,0,0,0,LOW
TXN006081,2024-03-18,15,CASH_IN,133.22,MX,478865.41,478998.63,0,0,0,0,0,3,LOW
TXN006082,2024-06-13,21,PAYMENT,4768.29,US,378448.18,373679.89,0,0,0,0,0,4,LOW
TXN006083,2024-01-12,14,CASH_OUT,1147.83,UK,141326.69,140178.86,0,0,0,0,0,4,LOW
TXN006084,2024-04-05,9,PAYMENT,7811.52,US,78762.94,70951.42,0,0,0,0,0,4,LOW
TXN006085,2024-09-14,13,TRANSFER,629.9,UK,50591.34,49961.44,0,0,0,0,0,1,LOW
TXN006086,2024-09-01,4,CASH_OUT,59674.12,UK,462444.15,402770.03,0,0,0,0,1,65,MEDIUM
TXN006087,2024-02-22,1,CASH_OUT,125675.53,UK,227544.89,101869.36,0,1,0,0,1,87,HIGH
TXN006088,2024-09-05,15,DEBIT,2963.67,DE,302415.7,299452.03,0,0,0,0,0,1,LOW
TXN006089,2024-04-05,17,TRANSFER,4030.61,RU,484590.99,480560.38,0,0,0,1,0,30,LOW
TXN006090,2024-09-09,1,CASH_OUT,53744.55,RU,328427.37,274682.82,0,0,0,1,1,90,HIGH
TXN006091,2024-05-20,17,CASH_IN,529.2,US,96353.06,96882.26,0,0,0,0,0,1,LOW
TXN006092,2024-08-16,18,DEBIT,1867.33,US,456576.03,454708.7,0,0,0,0,0,4,LOW
TXN006093,2024-05-18,8,CASH_IN,4257.17,MX,342923.5,347180.67,0,0,0,0,0,5,LOW
TXN006094,2024-04-23,13,PAYMENT,1696.95,MX,286295.6,284598.65,0,0,0,0,0,1,LOW
TXN006095,2024-05-23,7,PAYMENT,19336.32,NG,415806.45,396470.13,0,0,0,1,0,32,LOW
TXN006096,2024-01-21,16,TRANSFER,1714.14,RU,123299.26,121585.12,0,0,0,1,0,31,LOW
TXN006097,2024-10-20,18,CASH_OUT,892.85,UK,225671.03,224778.18,0,0,0,0,0,1,LOW
TXN006098,2024-12-19,17,DEBIT,1011.56,US,111565.0,110553.44,0,0,0,0,0,5,LOW
TXN006099,2024-01-20,16,PAYMENT,8599.11,US,362274.91,353675.8,0,0,0,0,0,3,LOW
TXN006100,2024-07-23,9,TRANSFER,21337.94,US,69856.54,48518.6,0,0,0,0,0,18,LOW
TXN006101,2024-09-29,20,TRANSFER,1524.49,US,62912.55,61388.06,0,0,0,0,0,4,LOW
TXN006102,2024-01-06,16,CASH_OUT,2478.29,US,113640.23,111161.94,0,0,0,0,0,5,LOW
TXN006103,2024-06-25,18,PAYMENT,1839.21,US,105947.3,104108.09,0,0,0,0,0,5,LOW
TXN006104,2024-05-18,10,CASH_IN,286.62,CN,389567.29,389853.91,0,0,0,0,0,1,LOW
TXN006105,2024-01-30,14,PAYMENT,2400.18,IR,173155.85,170755.67,0,0,0,1,0,33,LOW
TXN006106,2024-06-08,1,TRANSFER,36999.32,US,312597.49,275598.17,0,0,0,0,1,39,LOW
TXN006107,2024-10-24,1,CASH_OUT,1529.51,NG,147206.87,145677.36,0,1,0,1,1,77,HIGH
TXN006108,2024-03-18,19,CASH_OUT,223.82,US,212433.71,212209.89,0,0,0,0,0,5,LOW
TXN006109,2024-12-18,19,CASH_IN,3764.55,US,173445.13,177209.68,0,0,0,0,0,4,LOW
TXN006110,2024-09-25,12,CASH_OUT,1895.37,US,392859.61,390964.24,0,0,0,0,0,4,LOW
TXN006111,2024-12-05,12,CASH_OUT,1350.07,CN,239237.65,237887.58,0,0,0,0,0,3,LOW
TXN006112,2024-01-03,20,DEBIT,1995.35,NG,80869.83,78874.48,0,0,0,1,0,34,LOW
TXN006113,2024-03-16,10,PAYMENT,3894.86,MX,180156.84,176261.98,0,0,0,0,0,2,LOW
TXN006114,2024-07-20,16,TRANSFER,3614.88,RU,268622.31,265007.43,0,0,0,1,0,30,LOW
TXN006115,2024-06-18,4,CASH_OUT,5040.01,NG,269722.25,264682.24,0,1,0,1,1,77,HIGH
TXN006116,2024-04-05,3,CASH_OUT,140580.62,IR,171461.8,30881.18,0,1,0,1,1,100,HIGH
TXN006117,2024-04-26,8,CASH_IN,991.07,US,487546.43,488537.5,0,0,0,0,0,0,LOW
TXN006118,2024-08-17,18,CASH_IN,42.5,RU,134405.95,134448.45,0,0,0,1,0,30,LOW
TXN006119,2024-12-16,18,CASH_IN,905.98,UK,24735.21,25641.19,0,0,0,0,0,4,LOW
TXN006120,2024-10-22,15,CASH_IN,6256.04,NG,363405.17,369661.21,0,0,0,1,0,35,LOW
TXN006121,2024-11-25,17,CASH_IN,2086.31,US,83916.81,86003.12,0,0,0,0,0,0,LOW
TXN006122,2024-11-17,9,CASH_OUT,852.32,UK,485820.24,484967.92,0,0,0,0,0,0,LOW
TXN006123,2024-05-27,16,PAYMENT,1209.67,IR,366967.75,365758.08,0,0,0,1,0,30,LOW
TXN006124,2024-02-24,13,DEBIT,8514.73,UK,370262.74,361748.01,0,0,0,0,0,5,LOW
TXN006125,2024-06-19,14,CASH_OUT,7851.56,US,315553.28,307701.72,0,0,0,0,0,1,LOW
TXN006126,2024-03-19,14,CASH_OUT,4225.23,US,227543.84,223318.61,0,0,0,0,0,4,LOW
TXN006127,2024-07-29,1,CASH_OUT,8179.31,IR,468637.07,460457.76,0,1,0,1,1,80,HIGH
TXN006128,2024-11-13,21,CASH_OUT,1690.5,CN,270612.65,268922.15,0,0,0,0,0,4,LOW
TXN006129,2024-03-16,10,CASH_IN,1668.01,US,103151.47,104819.48,0,0,0,0,0,1,LOW
TXN006130,2024-09-14,8,TRANSFER,7247.1,CN,147196.49,139949.39,0,0,0,0,0,0,LOW
TXN006131,2024-03-13,15,PAYMENT,1803.91,UK,379638.87,377834.96,0,0,0,0,0,2,LOW
TXN006132,2024-08-09,11,CASH_OUT,2344.66,US,408966.26,406621.6,0,0,0,0,0,5,LOW
TXN006133,2024-01-13,16,TRANSFER,8830.99,UK,85193.58,76362.59,0,0,0,0,0,0,LOW
TXN006134,2024-03-28,18,PAYMENT,7288.23,UK,81525.39,74237.16,0,0,0,0,0,2,LOW
TXN006135,2024-01-15,18,CASH_OUT,647.24,CN,28742.14,28094.9,0,0,0,0,0,5,LOW
TXN006136,2024-07-23,12,DEBIT,320.77,NG,452033.95,451713.18,0,0,0,1,0,35,LOW
TXN006137,2024-02-17,8,PAYMENT,3807.14,CN,1669.82,0.0,0,0,0,0,0,0,LOW
TXN006138,2024-06-08,17,CASH_OUT,4181.5,UK,342060.38,337878.88,0,0,0,0,0,3,LOW
TXN006139,2024-06-16,19,TRANSFER,2554.45,US,287846.04,285291.59,0,0,0,0,0,5,LOW
TXN006140,2024-04-08,14,PAYMENT,1725.46,RU,478672.96,476947.5,0,0,0,1,0,32,LOW
TXN006141,2024-08-07,19,CASH_IN,4167.89,US,422593.07,426760.96,0,0,0,0,0,4,LOW
TXN006142,2024-08-22,19,TRANSFER,431.83,IR,18588.2,18156.37,0,0,0,1,0,31,LOW
TXN006143,2024-01-04,21,CASH_IN,1945.99,US,91112.38,93058.37,0,0,0,0,0,2,LOW
TXN006144,2024-01-25,15,CASH_IN,11077.83,CN,400149.97,411227.8,0,0,0,0,0,2,LOW
TXN006145,2024-06-02,12,CASH_OUT,3062.23,CN,213291.9,210229.67,0,0,0,0,0,1,LOW
TXN006146,2024-09-30,12,PAYMENT,2494.77,UK,429613.81,427119.04,0,0,0,0,0,0,LOW
TXN006147,2024-05-31,12,PAYMENT,11702.61,US,374307.39,362604.78,0,0,0,0,0,5,LOW
TXN006148,2024-11-02,18,PAYMENT,11090.79,CN,200531.52,189440.73,0,0,0,0,0,1,LOW
TXN006149,2024-08-26,9,PAYMENT,1365.44,IR,305086.61,303721.17,0,0,0,1,0,35,LOW
TXN006150,2024-09-11,20,DEBIT,632.33,US,231805.62,231173.29,0,0,0,0,0,3,LOW
TXN006151,2024-10-24,8,CASH_IN,1965.41,UK,324042.29,326007.7,0,0,0,0,0,5,LOW
TXN006152,2024-07-25,18,CASH_IN,870.11,UK,10247.75,11117.86,0,0,0,0,0,4,LOW
TXN006153,2024-04-25,20,PAYMENT,829.49,US,245334.88,244505.39,0,0,0,0,0,1,LOW
TXN006154,2024-06-20,11,CASH_OUT,5359.43,MX,168913.57,163554.14,0,0,0,0,0,0,LOW
TXN006155,2024-04-22,7,DEBIT,11943.11,US,379288.02,367344.91,0,0,0,0,0,1,LOW
TXN006156,2024-07-11,9,TRANSFER,783.3,RU,328231.67,327448.37,0,0,0,1,0,35,LOW
TXN006157,2024-11-02,16,TRANSFER,3956.38,US,329232.39,325276.01,0,0,0,0,0,3,LOW
TXN006158,2024-11-04,11,TRANSFER,2230.58,DE,106166.36,103935.78,0,0,0,0,0,1,LOW
TXN006159,2024-11-25,20,DEBIT,2321.6,UK,324221.45,321899.85,0,0,0,0,0,2,LOW
TXN006160,2024-10-16,17,CASH_IN,4091.36,US,383676.45,387767.81,0,0,0,0,0,0,LOW
TXN006161,2024-12-05,20,CASH_IN,5959.93,US,399490.77,405450.7,0,0,0,0,0,0,LOW
TXN006162,2024-10-10,10,PAYMENT,173.87,UK,368134.73,367960.86,0,0,0,0,0,1,LOW
TXN006163,2024-04-13,13,CASH_OUT,1019.82,US,382000.08,380980.26,0,0,0,0,0,0,LOW
TXN006164,2024-01-23,15,PAYMENT,4078.14,US,231137.53,227059.39,0,0,0,0,0,0,LOW
TXN006165,2024-01-28,12,TRANSFER,77.55,UK,175342.5,175264.95,0,0,0,0,0,3,LOW
TXN006166,2024-05-20,7,CASH_IN,1438.02,US,53328.22,54766.24,0,0,0,0,0,5,LOW
TXN006167,2024-04-08,16,CASH_IN,11549.84,UK,54092.49,65642.33,0,0,0,0,0,0,LOW
TXN006168,2024-02-02,10,CASH_OUT,4930.62,IR,207492.46,202561.84,0,0,0,1,0,32,LOW
TXN006169,2024-12-03,19,PAYMENT,2508.94,IR,430147.5,427638.56,0,0,0,1,0,35,LOW
TXN006170,2024-07-01,18,TRANSFER,1854.46,NG,407664.02,405809.56,0,0,0,1,0,33,LOW
TXN006171,2024-04-14,12,DEBIT,10950.12,MX,292068.44,281118.32,0,0,0,0,0,5,LOW
TXN006172,2024-01-27,12,CASH_IN,4445.42,NG,55572.18,60017.6,0,0,0,1,0,32,LOW
TXN006173,2024-12-11,2,CASH_OUT,36933.19,US,194387.59,157454.4,0,1,0,0,1,64,MEDIUM
TXN006174,2024-02-14,23,CASH_OUT,42257.05,RU,160524.4,118267.35,0,0,0,1,1,68,MEDIUM
TXN006175,2024-05-07,18,DEBIT,4299.39,NG,241016.65,236717.26,0,0,0,1,0,35,LOW
TXN006176,2024-03-07,18,CASH_IN,509.02,UK,144899.21,145408.23,0,0,0,0,0,4,LOW
TXN006177,2024-06-05,10,TRANSFER,2558.42,US,191347.7,188789.28,0,0,0,0,0,3,LOW
TXN006178,2024-04-29,14,CASH_IN,965.12,MX,304838.5,305803.62,0,0,0,0,0,0,LOW
TXN006179,2024-06-07,19,DEBIT,10152.57,US,413425.97,403273.4,0,0,0,0,0,1,LOW
TXN006180,2024-03-09,14,PAYMENT,2593.71,CN,460459.96,457866.25,0,0,0,0,0,0,LOW
TXN006181,2024-05-11,8,DEBIT,3266.04,US,96935.65,93669.61,0,0,0,0,0,5,LOW
TXN006182,2024-03-25,17,CASH_OUT,1771.5,RU,378627.32,376855.82,0,0,0,1,0,31,LOW
TXN006183,2024-09-11,10,DEBIT,3769.9,US,252153.39,248383.49,0,0,0,0,0,3,LOW
TXN006184,2024-10-12,16,CASH_IN,6462.36,US,190870.53,197332.89,0,0,0,0,0,1,LOW
TXN006185,2024-05-30,21,DEBIT,855.02,US,361525.2,360670.18,0,0,0,0,0,3,LOW
TXN006186,2024-08-23,15,DEBIT,9264.91,US,409924.88,400659.97,0,0,0,0,0,4,LOW
TXN006187,2024-01-21,19,DEBIT,1126.7,MX,191644.04,190517.34,0,0,0,0,0,5,LOW
TXN006188,2024-04-22,21,CASH_OUT,3918.82,RU,184051.3,180132.48,0,0,0,1,0,35,LOW
TXN006189,2024-10-14,14,CASH_OUT,917.82,CN,463182.35,462264.53,0,0,0,0,0,0,LOW
TXN006190,2024-10-02,4,CASH_OUT,61714.13,US,468423.13,406709.0,0,1,0,0,1,86,HIGH
TXN006191,2024-07-27,9,TRANSFER,79.38,RU,97433.49,97354.11,0,0,0,1,0,35,LOW
TXN006192,2024-11-04,20,CASH_IN,422.69,UK,179182.43,179605.12,0,0,0,0,0,0,LOW
TXN006193,2024-10-10,18,CASH_OUT,4736.92,US,231646.73,226909.81,0,0,0,0,0,0,LOW
TXN006194,2024-07-20,11,CASH_OUT,931.21,DE,74091.4,73160.19,0,0,0,0,0,2,LOW
TXN006195,2024-07-19,2,CASH_OUT,65836.63,NG,429328.34,363491.71,0,1,0,1,1,100,HIGH
TXN006196,2024-12-09,17,CASH_IN,1328.96,DE,383729.83,385058.79,0,0,0,0,0,3,LOW
TXN006197,2024-07-21,10,PAYMENT,1718.42,US,410347.64,408629.22,0,0,0,0,0,2,LOW
TXN006198,2024-01-21,10,TRANSFER,2450.02,UK,461297.39,458847.37,0,0,0,0,0,3,LOW
TXN006199,2024-09-14,16,CASH_IN,12543.26,NG,274106.47,286649.73,0,0,0,1,0,30,LOW
TXN006200,2024-08-02,9,PAYMENT,1540.72,DE,99808.96,98268.24,0,0,0,0,0,4,LOW
TXN006201,2024-11-24,11,PAYMENT,11626.67,US,159700.49,148073.82,0,0,0,0,0,2,LOW
TXN006202,2024-01-15,13,TRANSFER,154.47,US,80201.62,80047.15,0,0,0,0,0,2,LOW
TXN006203,2024-07-14,2,CASH_OUT,22218.07,US,379424.21,357206.14,0,1,0,0,1,60,MEDIUM
TXN006204,2024-08-08,20,TRANSFER,624.24,RU,120325.42,119701.18,0,0,0,1,0,31,LOW
TXN006205,2024-03-09,14,CASH_OUT,2406.15,CN,429636.48,427230.33,0,0,0,0,0,0,LOW
TXN006206,2024-01-28,23,TRANSFER,8526.51,NG,274244.54,265718.03,0,1,0,1,1,80,HIGH
TXN006207,2024-11-04,1,TRANSFER,141707.2,RU,432155.53,290448.33,0,1,0,1,1,100,HIGH
TXN006208,2024-06-14,11,CASH_OUT,1395.16,MX,414188.97,412793.81,0,0,0,0,0,2,LOW
TXN006209,2024-11-04,19,CASH_OUT,3156.99,US,492546.47,489389.48,0,0,0,0,0,1,LOW
TXN006210,2024-05-08,7,CASH_OUT,86.43,CN,352013.9,351927.47,0,0,0,0,0,2,LOW
TXN006211,2024-05-30,3,TRANSFER,12078.54,RU,107802.76,95724.22,0,0,0,1,1,70,HIGH
TXN006212,2024-07-24,7,CASH_IN,2071.58,IR,230916.36,232987.94,0,0,0,1,0,34,LOW
TXN006213,2024-05-30,14,DEBIT,811.2,US,336180.8,335369.6,0,0,0,0,0,3,LOW
TXN006214,2024-11-22,13,PAYMENT,3751.35,RU,470151.92,466400.57,0,0,0,1,0,30,LOW
TXN006215,2024-11-25,16,DEBIT,1040.27,US,84956.87,83916.6,0,0,0,0,0,4,LOW
TXN006216,2024-01-03,18,TRANSFER,3516.49,US,345161.71,341645.22,0,0,0,0,0,5,LOW
TXN006217,2024-05-09,7,PAYMENT,1143.19,US,470537.69,469394.5,0,0,0,0,0,3,LOW
TXN006218,2024-08-01,10,DEBIT,718.76,RU,399755.89,399037.13,0,0,0,1,0,31,LOW
TXN006219,2024-10-03,11,TRANSFER,4036.87,DE,404594.77,400557.9,0,0,0,0,0,5,LOW
TXN006220,2024-01-08,8,PAYMENT,10199.51,US,192027.0,181827.49,0,0,0,0,0,4,LOW
TXN006221,2024-07-04,19,CASH_IN,545.18,DE,405986.5,406531.68,0,0,0,0,0,1,LOW
TXN006222,2024-11-23,13,CASH_OUT,1775.4,IR,480334.98,478559.58,0,0,0,1,0,35,LOW
TXN006223,2024-02-20,19,PAYMENT,8877.34,UK,127746.43,118869.09,0,0,0,0,0,4,LOW
TXN006224,2024-07-09,21,TRANSFER,1123.34,US,463546.32,462422.98,0,0,0,0,0,4,LOW
TXN006225,2024-11-24,21,DEBIT,2154.16,NG,329757.85,327603.69,0,0,0,1,0,32,LOW
TXN006226,2024-06-17,15,CASH_OUT,322.95,RU,477406.9,477083.95,0,0,0,1,0,35,LOW
TXN006227,2024-11-18,19,DEBIT,2960.85,MX,9489.28,6528.43,0,0,0,0,0,4,LOW
TXN006228,2024-01-23,12,TRANSFER,2620.83,IR,32492.29,29871.46,0,0,0,1,0,30,LOW
TXN006229,2024-07-03,13,TRANSFER,3362.26,MX,315260.84,311898.58,0,0,0,0,0,1,LOW
TXN006230,2024-03-15,11,DEBIT,5009.87,MX,265268.02,260258.15,0,0,0,0,0,3,LOW
TXN006231,2024-09-08,16,PAYMENT,1384.97,CN,341117.83,339732.86,0,0,0,0,0,4,LOW
TXN006232,2024-05-16,7,TRANSFER,3632.73,US,375924.17,372291.44,0,0,0,0,0,0,LOW
TXN006233,2024-05-15,18,CASH_OUT,2848.21,UK,108589.78,105741.57,0,0,0,0,0,1,LOW
TXN006234,2024-09-03,17,CASH_IN,7166.92,UK,53301.14,60468.06,0,0,0,0,0,4,LOW
TXN006235,2024-11-26,13,DEBIT,2466.44,NG,289874.22,287407.78,0,0,0,1,0,31,LOW
TXN006236,2024-11-05,8,DEBIT,1929.37,NG,295535.72,293606.35,0,0,0,1,0,31,LOW
TXN006237,2024-08-31,23,CASH_OUT,9975.61,US,138705.14,128729.53,1,1,0,0,1,87,HIGH
TXN006238,2024-07-22,15,CASH_OUT,5521.73,UK,298391.18,292869.45,0,0,0,0,0,3,LOW
TXN006239,2024-09-10,12,DEBIT,424.01,UK,211973.65,211549.64,0,0,0,0,0,5,LOW
TXN006240,2024-12-11,9,DEBIT,6030.52,DE,206796.87,200766.35,0,0,0,0,0,1,LOW
TXN006241,2024-02-17,18,PAYMENT,2572.86,UK,482502.3,479929.44,0,0,0,0,0,2,LOW
TXN006242,2024-09-04,20,CASH_IN,4022.93,CN,460702.11,464725.04,0,0,0,0,0,4,LOW
TXN006243,2024-10-05,20,CASH_IN,5133.3,US,456200.03,461333.33,0,0,0,0,0,0,LOW
TXN006244,2024-07-02,9,CASH_IN,5380.95,US,437085.82,442466.77,0,0,0,0,0,4,LOW
TXN006245,2024-07-31,21,CASH_OUT,4035.53,DE,360748.71,356713.18,0,0,0,0,0,0,LOW
TXN006246,2024-12-10,21,CASH_IN,4137.75,US,248489.94,252627.69,0,0,0,0,0,3,LOW
TXN006247,2024-06-14,15,PAYMENT,3430.99,CN,171634.76,168203.77,0,0,0,0,0,3,LOW
TXN006248,2024-05-23,1,TRANSFER,841.42,US,216145.13,215303.71,0,0,0,0,1,21,LOW
TXN006249,2024-05-20,17,DEBIT,7907.09,DE,392780.01,384872.92,0,0,0,0,0,5,LOW
TXN006250,2024-09-15,18,TRANSFER,1017.74,CN,211246.51,210228.77,0,0,0,0,0,0,LOW
TXN006251,2024-01-15,19,CASH_IN,1094.46,NG,467775.54,468870.0,0,0,0,1,0,33,LOW
TXN006252,2024-06-18,15,TRANSFER,1196.66,UK,219882.89,218686.23,0,0,0,0,0,4,LOW
TXN006253,2024-06-09,10,PAYMENT,4151.41,IR,316972.33,312820.92,0,0,0,1,0,33,LOW
TXN006254,2024-04-18,19,DEBIT,1466.34,IR,398272.13,396805.79,0,0,0,1,0,35,LOW
TXN006255,2024-06-19,13,DEBIT,3961.48,UK,160597.02,156635.54,0,0,0,0,0,0,LOW
TXN006256,2024-07-20,19,PAYMENT,1491.64,NG,409585.83,408094.19,0,0,0,1,0,34,LOW
TXN006257,2024-03-30,21,PAYMENT,128.39,UK,175123.6,174995.21,0,0,0,0,0,1,LOW
TXN006258,2024-03-05,7,CASH_OUT,3629.39,UK,370884.86,367255.47,0,0,0,0,0,4,LOW
TXN006259,2024-03-13,11,DEBIT,9456.8,RU,117652.69,108195.89,0,0,0,1,0,33,LOW
TXN006260,2024-05-05,23,CASH_OUT,45260.39,RU,232345.3,187084.91,0,1,0,1,1,91,HIGH
TXN006261,2024-11-06,3,TRANSFER,85940.39,UK,265575.74,179635.35,0,0,0,0,1,61,MEDIUM
TXN006262,2024-08-10,21,CASH_OUT,3021.53,CN,464445.7,461424.17,0,0,0,0,0,3,LOW
TXN006263,2024-07-19,18,CASH_OUT,3295.7,IR,5695.69,2399.99,0,0,0,1,0,30,LOW
TXN006264,2024-12-09,17,DEBIT,8032.86,MX,236829.36,228796.5,0,0,0,0,0,1,LOW
TXN006265,2024-08-18,20,TRANSFER,208.13,US,119566.09,119357.96,0,0,0,0,0,0,LOW
TXN006266,2024-10-01,15,PAYMENT,1312.84,US,203683.24,202370.4,0,0,0,0,0,5,LOW
TXN006267,2024-01-06,16,CASH_IN,5017.01,IR,130850.42,135867.43,0,0,0,1,0,32,LOW
TXN006268,2024-04-16,11,CASH_IN,1593.21,NG,461533.77,463126.98,0,0,0,1,0,34,LOW
TXN006269,2024-07-14,20,CASH_OUT,5059.26,RU,260783.82,255724.56,0,0,0,1,0,31,LOW
TXN006270,2024-11-24,14,TRANSFER,1462.64,RU,273322.46,271859.82,0,0,0,1,0,31,LOW
TXN006271,2024-03-11,13,TRANSFER,9196.47,US,167607.74,158411.27,0,0,0,0,0,2,LOW
TXN006272,2024-12-30,19,CASH_OUT,4023.85,US,25750.11,21726.26,0,0,0,0,0,2,LOW
TXN006273,2024-11-28,17,TRANSFER,8942.5,US,337950.19,329007.69,0,0,0,0,0,4,LOW
TXN006274,2024-05-10,8,TRANSFER,1159.16,US,89035.09,87875.93,0,0,0,0,0,3,LOW
TXN006275,2024-03-22,19,TRANSFER,133.88,UK,408553.97,408420.09,0,0,0,0,0,2,LOW
TXN006276,2024-03-30,8,DEBIT,688.37,CN,322811.25,322122.88,0,0,0,0,0,0,LOW
TXN006277,2024-05-25,18,CASH_IN,6368.58,US,16113.67,22482.25,0,0,0,0,0,2,LOW
TXN006278,2024-12-11,7,PAYMENT,6688.05,IR,163287.82,156599.77,0,0,0,1,0,31,LOW
TXN006279,2024-08-26,9,DEBIT,1247.96,NG,340493.44,339245.48,0,0,0,1,0,34,LOW
TXN006280,2024-12-08,14,TRANSFER,21450.88,UK,370240.52,348789.64,0,0,0,0,0,19,LOW
TXN006281,2024-10-26,12,TRANSFER,2489.3,CN,77740.65,75251.35,0,0,0,0,0,1,LOW
TXN006282,2024-02-10,15,DEBIT,8249.61,UK,349986.17,341736.56,0,0,0,0,0,3,LOW
TXN006283,2024-10-18,21,DEBIT,8923.02,US,123183.05,114260.03,0,0,0,0,0,4,LOW
TXN006284,2024-09-20,13,DEBIT,1969.36,US,20898.42,18929.06,0,0,0,0,0,4,LOW
TXN006285,2024-11-10,17,CASH_IN,1808.96,MX,296708.76,298517.72,0,0,0,0,0,5,LOW
TXN006286,2024-03-21,10,DEBIT,9233.58,RU,384133.57,374899.99,0,0,0,1,0,33,LOW
TXN006287,2024-10-30,18,CASH_IN,3352.55,US,108272.24,111624.79,0,0,0,0,0,5,LOW
TXN006288,2024-02-19,8,PAYMENT,1078.56,MX,117476.54,116397.98,0,0,0,0,0,4,LOW
TXN006289,2024-04-05,12,CASH_OUT,3322.11,US,352053.19,348731.08,0,0,0,0,0,1,LOW
TXN006290,2024-07-25,4,TRANSFER,52178.87,DE,367600.98,315422.11,0,0,0,0,1,64,MEDIUM
TXN006291,2024-03-25,16,CASH_OUT,48.44,MX,445953.4,445904.96,0,0,0,0,0,1,LOW
TXN006292,2024-12-30,19,CASH_IN,4083.73,US,274513.36,278597.09,0,0,0,0,0,4,LOW
TXN006293,2024-05-21,18,PAYMENT,8731.75,IR,452375.21,443643.46,0,0,0,1,0,35,LOW
TXN006294,2024-01-10,12,DEBIT,2722.69,CN,181362.57,178639.88,0,0,0,0,0,1,LOW
TXN006295,2024-01-08,17,CASH_IN,1865.59,UK,2401.29,4266.88,0,0,0,0,0,3,LOW
TXN006296,2024-01-12,21,CASH_IN,8144.19,US,368970.46,377114.65,0,0,0,0,0,4,LOW
TXN006297,2024-04-02,14,CASH_OUT,10274.72,US,216230.97,205956.25,0,0,0,0,0,16,LOW
TXN006298,2024-05-21,13,DEBIT,3309.07,US,341653.26,338344.19,0,0,0,0,0,0,LOW
TXN006299,2024-12-11,16,DEBIT,9706.88,DE,193363.73,183656.85,0,0,0,0,0,5,LOW
TXN006300,2024-03-19,8,CASH_IN,954.99,RU,283493.74,284448.73,0,0,0,1,0,33,LOW
TXN006301,2024-02-16,23,CASH_OUT,67096.16,NG,356729.04,289632.88,0,0,0,1,1,91,HIGH
TXN006302,2024-12-19,19,DEBIT,4946.34,US,97315.53,92369.19,0,0,0,0,0,0,LOW
TXN006303,2024-05-28,21,DEBIT,5455.91,US,438383.91,432928.0,0,0,0,0,0,0,LOW
TXN006304,2024-10-26,20,PAYMENT,529.91,UK,75211.82,74681.91,0,0,0,0,0,0,LOW
TXN006305,2024-07-13,18,CASH_OUT,2278.85,RU,111447.81,109168.96,0,0,0,1,0,31,LOW
TXN006306,2024-02-08,10,DEBIT,2917.92,RU,200575.46,197657.54,0,0,0,1,0,32,LOW
TXN006307,2024-06-18,15,DEBIT,12351.77,UK,309946.23,297594.46,0,0,0,0,0,4,LOW
TXN006308,2024-11-30,20,TRANSFER,8207.72,IR,375697.61,367489.89,0,0,0,1,0,32,LOW
TXN006309,2024-01-06,3,CASH_OUT,31945.96,IR,315938.85,283992.89,0,0,0,1,1,68,MEDIUM
TXN006310,2024-01-01,14,DEBIT,505.31,US,329338.44,328833.13,0,0,0,0,0,1,LOW
TXN006311,2024-10-21,14,PAYMENT,4190.54,MX,234667.52,230476.98,0,0,0,0,0,4,LOW
TXN006312,2024-05-22,20,DEBIT,134.49,US,393611.01,393476.52,0,0,0,0,0,1,LOW
TXN006313,2024-08-28,18,CASH_IN,2396.87,US,301258.83,303655.7,0,0,0,0,0,5,LOW
TXN006314,2024-06-13,18,TRANSFER,720.72,NG,106067.58,105346.86,0,0,0,1,0,33,LOW
TXN006315,2024-06-09,7,CASH_OUT,562.67,US,113022.56,112459.89,0,0,0,0,0,3,LOW
TXN006316,2024-06-03,18,CASH_OUT,5963.4,US,425161.59,419198.19,0,0,0,0,0,4,LOW
TXN006317,2024-05-30,19,PAYMENT,172.69,US,7894.64,7721.95,0,0,0,0,0,0,LOW
TXN006318,2024-05-27,14,CASH_IN,5043.29,US,291727.41,296770.7,0,0,0,0,0,0,LOW
TXN006319,2024-07-06,7,PAYMENT,5302.83,US,249660.37,244357.54,0,0,0,0,0,5,LOW
TXN006320,2024-12-21,12,TRANSFER,503.61,US,70765.14,70261.53,0,0,0,0,0,3,LOW
TXN006321,2024-04-20,11,CASH_IN,210.01,NG,116120.2,116330.21,0,0,0,1,0,31,LOW
TXN006322,2024-11-04,14,DEBIT,506.72,UK,96488.33,95981.61,0,0,0,0,0,0,LOW
TXN006323,2024-05-09,15,CASH_OUT,2094.66,US,293475.93,291381.27,0,0,0,0,0,2,LOW
TXN006324,2024-05-18,14,CASH_IN,638.81,UK,310335.04,310973.85,0,0,0,0,0,0,LOW
TXN006325,2024-05-09,21,CASH_OUT,1443.56,NG,564.59,0.0,0,0,0,1,0,31,LOW
TXN006326,2024-12-08,12,CASH_IN,2244.83,US,333522.51,335767.34,0,0,0,0,0,4,LOW
TXN006327,2024-08-13,8,CASH_OUT,14163.7,US,372621.69,358457.99,0,0,0,0,0,18,LOW
TXN006328,2024-01-13,11,CASH_OUT,2949.68,NG,80784.56,77834.88,0,0,0,1,0,34,LOW
TXN006329,2024-07-04,20,CASH_IN,134.03,IR,465478.0,465612.03,0,0,0,1,0,34,LOW
TXN006330,2024-02-29,15,PAYMENT,2314.43,US,343340.66,341026.23,0,0,0,0,0,0,LOW
TXN006331,2024-03-13,15,CASH_OUT,179.01,DE,289830.63,289651.62,0,0,0,0,0,3,LOW
TXN006332,2024-08-30,11,TRANSFER,1017.28,US,158620.11,157602.83,0,0,0,0,0,2,LOW
TXN006333,2024-09-10,18,PAYMENT,668.05,MX,218087.39,217419.34,0,0,0,0,0,3,LOW
TXN006334,2024-11-01,17,CASH_OUT,6038.15,US,436580.22,430542.07,0,0,0,0,0,0,LOW
TXN006335,2024-12-30,13,PAYMENT,2015.53,UK,324852.95,322837.42,0,0,0,0,0,0,LOW
TXN006336,2024-03-14,17,DEBIT,50.04,CN,387108.22,387058.18,0,0,0,0,0,1,LOW
TXN006337,2024-09-24,8,DEBIT,1773.89,CN,444968.75,443194.86,0,0,0,0,0,0,LOW
TXN006338,2024-05-28,20,CASH_OUT,3064.63,US,180171.31,177106.68,0,0,0,0,0,5,LOW
TXN006339,2024-01-21,14,CASH_OUT,11392.27,IR,67276.0,55883.73,0,0,0,1,0,35,LOW
TXN006340,2024-12-09,9,CASH_OUT,594.24,US,399850.06,399255.82,0,0,0,0,0,0,LOW
TXN006341,2024-11-18,11,TRANSFER,4741.72,IR,487273.75,482532.03,0,0,0,1,0,30,LOW
TXN006342,2024-03-28,7,DEBIT,906.06,US,327934.91,327028.85,0,0,0,0,0,3,LOW
TXN006343,2024-01-14,19,TRANSFER,4117.88,UK,343683.35,339565.47,0,0,0,0,0,4,LOW
TXN006344,2024-11-23,20,CASH_OUT,7653.17,RU,448531.68,440878.51,0,0,0,1,0,33,LOW
TXN006345,2024-09-30,17,TRANSFER,1352.58,MX,461719.49,460366.91,0,0,0,0,0,2,LOW
TXN006346,2024-10-02,20,CASH_IN,1658.02,CN,436320.55,437978.57,0,0,0,0,0,0,LOW
TXN006347,2024-05-27,17,PAYMENT,1976.69,MX,83433.61,81456.92,0,0,0,0,0,0,LOW
TXN006348,2024-01-08,12,CASH_OUT,1231.2,DE,217247.2,216016.0,0,0,0,0,0,5,LOW
TXN006349,2024-08-24,18,CASH_OUT,1090.33,US,29726.68,28636.35,0,0,0,0,0,3,LOW
TXN006350,2024-06-16,15,CASH_OUT,3460.08,US,195426.68,191966.6,0,0,0,0,0,5,LOW
TXN006351,2024-10-30,15,PAYMENT,1776.75,CN,304051.88,302275.13,0,0,0,0,0,0,LOW
TXN006352,2024-07-08,14,TRANSFER,8883.83,US,208558.59,199674.76,0,0,0,0,0,1,LOW
TXN006353,2024-08-15,15,PAYMENT,187.07,MX,376074.43,375887.36,0,0,0,0,0,5,LOW
TXN006354,2024-03-06,20,PAYMENT,663.8,UK,208564.05,207900.25,0,0,0,0,0,5,LOW
TXN006355,2024-07-05,12,DEBIT,4850.07,CN,460640.12,455790.05,0,0,0,0,0,5,LOW
TXN006356,2024-02-06,18,PAYMENT,4407.59,US,273623.4,269215.81,0,0,0,0,0,4,LOW
TXN006357,2024-11-26,14,CASH_OUT,1883.79,RU,264406.91,262523.12,0,0,0,1,0,32,LOW
TXN006358,2024-10-02,8,CASH_IN,1722.46,US,106655.84,108378.3,0,0,0,0,0,2,LOW
TXN006359,2024-05-17,18,TRANSFER,11.28,NG,497680.1,497668.82,0,0,0,1,0,35,LOW
TXN006360,2024-12-15,13,CASH_IN,56.9,US,459368.95,459425.85,0,0,0,0,0,2,LOW
TXN006361,2024-07-18,16,CASH_IN,1350.13,UK,439297.19,440647.32,0,0,0,0,0,3,LOW
TXN006362,2024-03-15,21,CASH_OUT,668.62,DE,328150.25,327481.63,0,0,0,0,0,4,LOW
TXN006363,2024-01-10,11,CASH_OUT,7154.99,CN,455468.87,448313.88,0,0,0,0,0,4,LOW
TXN006364,2024-06-17,11,CASH_OUT,2500.8,UK,398127.69,395626.89,0,0,0,0,0,5,LOW
TXN006365,2024-09-28,16,PAYMENT,6917.73,UK,81286.8,74369.07,0,0,0,0,0,2,LOW
TXN006366,2024-04-24,14,PAYMENT,1550.22,UK,242971.77,241421.55,0,0,0,0,0,2,LOW
TXN006367,2024-07-20,7,TRANSFER,1516.64,US,394322.35,392805.71,0,0,0,0,0,1,LOW
TXN006368,2024-03-30,17,DEBIT,6151.23,US,497133.27,490982.04,0,0,0,0,0,3,LOW
TXN006369,2024-01-06,21,CASH_IN,3756.35,DE,163400.84,167157.19,0,0,0,0,0,1,LOW
TXN006370,2024-10-20,20,TRANSFER,540.12,RU,160434.99,159894.87,0,0,0,1,0,33,LOW
TXN006371,2024-03-11,15,TRANSFER,499.55,US,133571.58,133072.03,0,0,0,0,0,5,LOW
TXN006372,2024-07-08,1,CASH_OUT,41131.87,US,247094.56,205962.69,0,0,0,0,1,36,LOW
TXN006373,2024-02-12,12,DEBIT,1357.53,CN,103854.85,102497.32,0,0,0,0,0,4,LOW
TXN006374,2024-01-01,8,CASH_OUT,2550.32,US,76595.74,74045.42,0,0,0,0,0,0,LOW
TXN006375,2024-08-13,19,CASH_IN,2013.62,US,273222.0,275235.62,0,0,0,0,0,3,LOW
TXN006376,2024-06-07,14,DEBIT,244.04,US,342270.54,342026.5,0,0,0,0,0,5,LOW
TXN006377,2024-05-03,16,TRANSFER,3103.57,US,393653.68,390550.11,0,0,0,0,0,0,LOW
TXN006378,2024-11-04,17,CASH_OUT,2485.03,CN,295428.91,292943.88,0,0,0,0,0,0,LOW
TXN006379,2024-08-12,9,CASH_OUT,178.07,UK,236751.54,236573.47,0,0,0,0,0,1,LOW
TXN006380,2024-09-25,18,CASH_IN,4437.97,RU,297428.49,301866.46,0,0,0,1,0,35,LOW
TXN006381,2024-11-16,10,CASH_IN,588.76,US,376731.53,377320.29,0,0,0,0,0,5,LOW
TXN006382,2024-10-29,18,CASH_IN,2017.16,IR,324170.3,326187.46,0,0,0,1,0,34,LOW
TXN006383,2024-05-27,21,TRANSFER,8008.81,MX,338837.68,330828.87,0,0,0,0,0,1,LOW
TXN006384,2024-01-11,14,DEBIT,5307.82,MX,429912.24,424604.42,0,0,0,0,0,4,LOW
TXN006385,2024-03-13,13,PAYMENT,16156.4,US,79987.64,63831.24,0,0,0,0,0,2,LOW
TXN006386,2024-11-09,20,CASH_IN,3100.97,MX,101612.1,104713.07,0,0,0,0,0,4,LOW
TXN006387,2024-12-01,13,CASH_IN,1095.15,US,102788.81,103883.96,0,0,0,0,0,2,LOW
TXN006388,2024-12-16,8,PAYMENT,3665.93,US,421017.75,417351.82,0,0,0,0,0,1,LOW
TXN006389,2024-07-01,20,PAYMENT,8722.52,DE,264429.63,255707.11,0,0,0,0,0,4,LOW
TXN006390,2024-06-30,9,CASH_OUT,99.84,US,257106.95,257007.11,0,0,0,0,0,1,LOW
TXN006391,2024-01-25,12,CASH_OUT,6769.71,UK,432912.56,426142.85,0,0,0,0,0,2,LOW
TXN006392,2024-06-26,20,DEBIT,434.73,DE,68919.27,68484.54,0,0,0,0,0,1,LOW
TXN006393,2024-09-06,13,CASH_OUT,12747.04,US,7094.65,0.0,0,0,0,0,0,15,LOW
TXN006394,2024-06-03,20,CASH_IN,1660.95,CN,56361.03,58021.98,0,0,0,0,0,3,LOW
TXN006395,2024-09-08,4,TRANSFER,46724.47,IR,89645.88,42921.41,0,1,0,1,1,94,HIGH
TXN006396,2024-03-10,8,CASH_OUT,1678.16,MX,152398.53,150720.37,0,0,0,0,0,3,LOW
TXN006397,2024-08-06,16,CASH_IN,1331.63,UK,79955.39,81287.02,0,0,0,0,0,2,LOW
TXN006398,2024-03-11,2,CASH_OUT,63606.61,IR,98736.05,35129.44,0,1,0,1,1,100,HIGH
TXN006399,2024-11-17,21,CASH_OUT,2490.4,US,409896.28,407405.88,0,0,0,0,0,5,LOW
TXN006400,2024-10-23,12,CASH_IN,3676.39,IR,283091.84,286768.23,0,0,0,1,0,32,LOW
TXN006401,2024-06-21,19,CASH_OUT,1245.28,CN,361238.18,359992.9,0,0,0,0,0,3,LOW
TXN006402,2024-04-17,15,DEBIT,664.07,NG,381651.92,380987.85,0,0,0,1,0,30,LOW
TXN006403,2024-11-28,14,CASH_IN,309.57,DE,174839.34,175148.91,0,0,0,0,0,5,LOW
TXN006404,2024-11-08,15,CASH_IN,1018.98,MX,446394.51,447413.49,0,0,0,0,0,1,LOW
TXN006405,2024-06-08,21,DEBIT,1144.28,IR,279065.69,277921.41,0,0,0,1,0,35,LOW
TXN006406,2024-03-26,20,DEBIT,557.15,US,298599.27,298042.12,0,0,0,0,0,5,LOW
TXN006407,2024-04-14,15,DEBIT,2988.97,US,316745.58,313756.61,0,0,0,0,0,3,LOW
TXN006408,2024-01-18,14,CASH_IN,3811.95,DE,215267.5,219079.45,0,0,0,0,0,2,LOW
TXN006409,2024-04-30,21,CASH_OUT,2102.88,NG,24453.46,22350.58,0,0,0,1,0,33,LOW
TXN006410,2024-12-06,14,PAYMENT,774.63,DE,106812.86,106038.23,0,0,0,0,0,1,LOW
TXN006411,2024-09-22,9,CASH_IN,4978.44,MX,248581.81,253560.25,0,0,0,0,0,5,LOW
TXN006412,2024-11-17,9,TRANSFER,7054.88,US,97250.11,90195.23,0,0,0,0,0,5,LOW
TXN006413,2024-02-01,13,CASH_IN,909.32,MX,103496.51,104405.83,0,0,0,0,0,3,LOW
TXN006414,2024-06-22,7,TRANSFER,58.56,IR,458592.21,458533.65,0,0,0,1,0,33,LOW
TXN006415,2024-04-02,20,DEBIT,2367.81,RU,272782.65,270414.84,0,0,0,1,0,32,LOW
TXN006416,2024-12-04,17,PAYMENT,647.14,IR,113491.75,112844.61,0,0,0,1,0,30,LOW
TXN006417,2024-05-30,16,TRANSFER,2538.85,DE,3276.34,737.49,0,0,0,0,0,3,LOW
TXN006418,2024-05-07,12,CASH_OUT,2838.21,MX,4576.57,1738.36,0,0,0,0,0,4,LOW
TXN006419,2024-09-24,21,TRANSFER,6807.9,NG,395219.02,388411.12,0,0,0,1,0,32,LOW
TXN006420,2024-06-10,15,TRANSFER,4971.43,CN,162324.09,157352.66,0,0,0,0,0,3,LOW
TXN006421,2024-12-12,7,DEBIT,5448.48,CN,149490.47,144041.99,0,0,0,0,0,1,LOW
TXN006422,2024-02-08,4,TRANSFER,53974.58,NG,279544.55,225569.97,0,0,0,1,1,93,HIGH
TXN006423,2024-11-11,7,TRANSFER,4656.86,UK,230230.9,225574.04,0,0,0,0,0,2,LOW
TXN006424,2024-04-08,11,CASH_IN,207.49,MX,404426.06,404633.55,0,0,0,0,0,2,LOW
TXN006425,2024-12-27,13,CASH_IN,2791.84,MX,123904.12,126695.96,0,0,0,0,0,1,LOW
TXN006426,2024-03-11,19,CASH_IN,4939.4,US,252431.45,257370.85,0,0,0,0,0,3,LOW
TXN006427,2024-08-07,10,DEBIT,2676.7,RU,165115.85,162439.15,0,0,0,1,0,30,LOW
TXN006428,2024-08-27,10,DEBIT,473.22,IR,278709.4,278236.18,0,0,0,1,0,30,LOW
TXN006429,2024-12-06,20,PAYMENT,2731.28,US,429070.98,426339.7,0,0,0,0,0,5,LOW
TXN006430,2024-02-29,1,CASH_OUT,91948.77,UK,303805.66,211856.89,0,1,0,0,1,87,HIGH
TXN006431,2024-11-03,17,PAYMENT,2296.42,NG,240216.17,237919.75,0,0,0,1,0,30,LOW
TXN006432,2024-02-16,7,CASH_IN,5327.88,UK,481037.09,486364.97,0,0,0,0,0,4,LOW
TXN006433,2024-07-13,18,CASH_OUT,1353.23,US,446040.18,444686.95,0,0,0,0,0,3,LOW
TXN006434,2024-07-12,10,PAYMENT,762.3,IR,421049.14,420286.84,0,0,0,1,0,31,LOW
TXN006435,2024-01-14,23,CASH_OUT,48723.89,NG,294803.4,246079.51,0,0,0,1,1,65,MEDIUM
TXN006436,2024-05-09,21,PAYMENT,737.24,UK,32232.38,31495.14,0,0,0,0,0,0,LOW
TXN006437,2024-10-17,12,PAYMENT,2117.71,MX,171695.53,169577.82,0,0,0,0,0,4,LOW
TXN006438,2024-02-10,9,CASH_OUT,5986.06,US,373539.96,367553.9,0,0,0,0,0,4,LOW
TXN006439,2024-02-25,11,TRANSFER,1149.66,UK,360234.75,359085.09,0,0,0,0,0,0,LOW
TXN006440,2024-02-11,10,TRANSFER,2894.62,DE,263182.02,260287.4,0,0,0,0,0,3,LOW
TXN006441,2024-04-30,19,CASH_IN,1012.45,US,214239.94,215252.39,0,0,0,0,0,4,LOW
TXN006442,2024-12-29,10,DEBIT,4271.68,RU,91064.96,86793.28,0,0,0,1,0,31,LOW
TXN006443,2024-05-26,23,CASH_OUT,20952.26,RU,355659.28,334707.02,0,0,0,1,1,66,MEDIUM
TXN006444,2024-12-28,7,TRANSFER,2727.53,US,345101.63,342374.1,0,0,0,0,0,5,LOW
TXN006445,2024-10-19,16,TRANSFER,807.3,US,23532.94,22725.64,0,0,0,0,0,1,LOW
TXN006446,2024-04-10,3,CASH_OUT,45523.16,NG,167450.98,121927.82,0,0,0,1,1,65,MEDIUM
TXN006447,2024-05-15,11,CASH_OUT,8368.07,MX,232192.25,223824.18,0,0,0,0,0,0,LOW
TXN006448,2024-02-07,7,DEBIT,6194.52,MX,483510.94,477316.42,0,0,0,0,0,2,LOW
TXN006449,2024-09-08,20,PAYMENT,1765.63,US,235598.53,233832.9,0,0,0,0,0,3,LOW
TXN006450,2024-04-29,14,TRANSFER,757.55,US,132885.88,132128.33,0,0,0,0,0,0,LOW
TXN006451,2024-01-12,7,CASH_IN,3381.85,US,461563.86,464945.71,0,0,0,0,0,5,LOW
TXN006452,2024-06-28,14,PAYMENT,2768.26,IR,168566.92,165798.66,0,0,0,1,0,33,LOW
TXN006453,2024-12-26,18,PAYMENT,6416.4,CN,83937.7,77521.3,0,0,0,0,0,2,LOW
TXN006454,2024-12-07,8,DEBIT,3807.34,NG,456679.51,452872.17,0,0,0,1,0,34,LOW
TXN006455,2024-12-10,14,DEBIT,13.4,IR,147510.32,147496.92,0,0,0,1,0,35,LOW
TXN006456,2024-02-26,21,DEBIT,3012.99,MX,470450.53,467437.54,0,0,0,0,0,3,LOW
TXN006457,2024-11-28,8,TRANSFER,2031.39,US,8311.6,6280.21,0,0,0,0,0,3,LOW
TXN006458,2024-01-19,18,CASH_OUT,5296.99,US,229738.27,224441.28,0,0,0,0,0,5,LOW
TXN006459,2024-05-08,11,DEBIT,49.17,US,403636.63,403587.46,0,0,0,0,0,2,LOW
TXN006460,2024-10-11,14,PAYMENT,747.29,RU,459265.07,458517.78,0,0,0,1,0,31,LOW
TXN006461,2024-06-08,18,TRANSFER,1604.42,US,276020.69,274416.27,0,0,0,0,0,3,LOW
TXN006462,2024-05-19,7,TRANSFER,669.11,US,18201.0,17531.89,0,0,0,0,0,3,LOW
TXN006463,2024-10-08,13,CASH_OUT,317.11,UK,312314.71,311997.6,0,0,0,0,0,2,LOW
TXN006464,2024-08-16,4,TRANSFER,5066.48,DE,433595.05,428528.57,0,1,0,0,1,45,MEDIUM
TXN006465,2024-07-08,7,DEBIT,853.2,RU,157879.89,157026.69,0,0,0,1,0,34,LOW
TXN006466,2024-10-18,19,CASH_OUT,1297.65,US,367877.69,366580.04,0,0,0,0,0,2,LOW
TXN006467,2024-05-26,15,DEBIT,3741.32,UK,142423.94,138682.62,0,0,0,0,0,4,LOW
TXN006468,2024-08-19,14,PAYMENT,475.78,UK,313829.95,313354.17,0,0,0,0,0,3,LOW
TXN006469,2024-01-06,9,TRANSFER,6401.11,US,379200.03,372798.92,0,0,0,0,0,4,LOW
TXN006470,2024-01-20,18,CASH_IN,9453.81,US,291431.38,300885.19,0,0,0,0,0,3,LOW
TXN006471,2024-09-27,18,TRANSFER,1571.69,US,212905.69,211334.0,0,0,0,0,0,2,LOW
TXN006472,2024-09-20,18,CASH_IN,2682.63,DE,403009.85,405692.48,0,0,0,0,0,2,LOW
TXN006473,2024-02-16,9,PAYMENT,655.36,MX,229785.79,229130.43,0,0,0,0,0,1,LOW
TXN006474,2024-01-12,11,PAYMENT,3812.07,IR,488974.45,485162.38,0,0,0,1,0,35,LOW
TXN006475,2024-04-02,13,TRANSFER,4899.65,UK,384509.13,379609.48,0,0,0,0,0,5,LOW
TXN006476,2024-02-23,7,TRANSFER,7570.35,CN,199066.75,191496.4,0,0,0,0,0,2,LOW
TXN006477,2024-06-10,16,CASH_IN,8347.04,NG,431380.76,439727.8,0,0,0,1,0,34,LOW
TXN006478,2024-03-18,3,CASH_OUT,10673.52,US,298867.96,288194.44,0,1,0,0,1,60,MEDIUM
TXN006479,2024-08-12,18,CASH_IN,1365.07,US,21941.84,23306.91,0,0,0,0,0,2,LOW
TXN006480,2024-12-26,16,DEBIT,7854.22,US,379468.94,371614.72,0,0,0,0,0,0,LOW
TXN006481,2024-02-05,13,DEBIT,1206.92,DE,270110.35,268903.43,0,0,0,0,0,0,LOW
TXN006482,2024-03-08,20,CASH_OUT,556.79,IR,124913.65,124356.86,0,0,0,1,0,35,LOW
TXN006483,2024-07-22,9,CASH_IN,3062.43,DE,227492.41,230554.84,0,0,0,0,0,1,LOW
TXN006484,2024-01-04,21,TRANSFER,205.33,US,441256.75,441051.42,0,0,0,0,0,0,LOW
TXN006485,2024-06-16,7,CASH_OUT,3623.31,UK,379645.85,376022.54,0,0,0,0,0,3,LOW
TXN006486,2024-09-14,16,CASH_IN,570.1,US,431143.1,431713.2,0,0,0,0,0,1,LOW
TXN006487,2024-12-13,8,DEBIT,1054.1,MX,321294.16,320240.06,0,0,0,0,0,2,LOW
TXN006488,2024-10-20,1,CASH_OUT,1911.86,NG,119387.75,117475.89,0,1,0,1,1,75,HIGH
TXN006489,2024-04-08,11,CASH_OUT,11168.72,RU,10884.57,0.0,0,0,0,1,0,35,LOW
TXN006490,2024-03-11,21,DEBIT,2037.34,US,480404.9,478367.56,0,0,0,0,0,0,LOW
TXN006491,2024-03-10,19,PAYMENT,321.59,US,106722.31,106400.72,0,0,0,0,0,3,LOW
TXN006492,2024-05-28,14,TRANSFER,1425.32,DE,141183.46,139758.14,0,0,0,0,0,0,LOW
TXN006493,2024-12-27,13,DEBIT,18.68,US,206733.76,206715.08,0,0,0,0,0,4,LOW
TXN006494,2024-09-04,19,TRANSFER,5400.78,RU,22935.74,17534.96,0,0,0,1,0,32,LOW
TXN006495,2024-10-02,21,PAYMENT,3701.95,US,98296.32,94594.37,0,0,0,0,0,5,LOW
TXN006496,2024-06-27,23,TRANSFER,243330.29,NG,345711.58,102381.29,0,1,0,1,1,100,HIGH
TXN006497,2024-04-24,12,DEBIT,666.07,US,14190.95,13524.88,0,0,0,0,0,0,LOW
TXN006498,2024-01-20,14,TRANSFER,6294.86,US,160027.5,153732.64,0,0,0,0,0,5,LOW
TXN006499,2024-08-17,13,CASH_OUT,1551.85,CN,347259.84,345707.99,0,0,0,0,0,1,LOW
TXN006500,2024-09-14,15,DEBIT,3297.65,DE,395463.5,392165.85,0,0,0,0,0,1,LOW
TXN006501,2024-11-05,18,CASH_IN,2330.54,US,112510.68,114841.22,0,0,0,0,0,3,LOW
TXN006502,2024-11-09,13,CASH_IN,832.63,DE,127275.47,128108.1,0,0,0,0,0,0,LOW
TXN006503,2024-08-29,19,CASH_IN,2374.38,US,202072.28,204446.66,0,0,0,0,0,5,LOW
TXN006504,2024-02-27,12,PAYMENT,957.63,UK,105865.31,104907.68,0,0,0,0,0,0,LOW
TXN006505,2024-02-21,17,PAYMENT,6333.83,CN,238897.71,232563.88,0,0,0,0,0,1,LOW
TXN006506,2024-10-03,9,TRANSFER,3345.82,CN,273036.38,269690.56,0,0,0,0,0,3,LOW
TXN006507,2024-11-15,21,TRANSFER,290.49,US,272755.0,272464.51,0,0,0,0,0,2,LOW
TXN006508,2024-04-01,16,DEBIT,1324.22,US,286319.64,284995.42,0,0,0,0,0,0,LOW
TXN006509,2024-09-09,20,PAYMENT,1667.71,US,50036.54,48368.83,0,0,0,0,0,3,LOW
TXN006510,2024-12-23,15,PAYMENT,2128.61,US,337049.07,334920.46,0,0,0,0,0,1,LOW
TXN006511,2024-10-06,21,TRANSFER,1543.24,CN,118943.53,117400.29,0,0,0,0,0,0,LOW
TXN006512,2024-06-14,11,TRANSFER,6392.17,NG,282851.88,276459.71,0,0,0,1,0,34,LOW
TXN006513,2024-06-18,18,DEBIT,2075.5,US,32066.57,29991.07,0,0,0,0,0,5,LOW
TXN006514,2024-07-28,18,DEBIT,2769.17,US,396284.91,393515.74,0,0,0,0,0,1,LOW
TXN006515,2024-05-15,21,DEBIT,7717.48,MX,461019.3,453301.82,0,0,0,0,0,0,LOW
TXN006516,2024-08-08,10,PAYMENT,4371.94,UK,392900.84,388528.9,0,0,0,0,0,4,LOW
TXN006517,2024-11-13,13,CASH_OUT,6568.03,IR,201826.48,195258.45,0,0,0,1,0,34,LOW
TXN006518,2024-01-24,15,CASH_OUT,459.01,MX,160882.36,160423.35,0,0,0,0,0,2,LOW
TXN006519,2024-03-25,18,DEBIT,1865.72,UK,156297.95,154432.23,0,0,0,0,0,1,LOW
TXN006520,2024-02-24,2,TRANSFER,27210.84,RU,66552.27,39341.43,0,1,0,1,1,90,HIGH
TXN006521,2024-01-06,19,CASH_IN,1423.88,MX,481086.95,482510.83,0,0,0,0,0,3,LOW
TXN006522,2024-02-27,11,PAYMENT,2144.92,UK,48533.92,46389.0,0,0,0,0,0,0,LOW
TXN006523,2024-03-06,17,PAYMENT,2547.96,IR,309616.44,307068.48,0,0,0,1,0,34,LOW
TXN006524,2024-07-25,13,PAYMENT,4120.97,US,215735.09,211614.12,0,0,0,0,0,5,LOW
TXN006525,2024-07-11,9,TRANSFER,2479.7,UK,80536.16,78056.46,0,0,0,0,0,0,LOW
TXN006526,2024-02-14,20,TRANSFER,1211.83,US,333933.59,332721.76,0,0,0,0,0,3,LOW
TXN006527,2024-08-19,2,TRANSFER,132592.89,NG,136345.86,3752.97,0,0,0,1,1,91,HIGH
TXN006528,2024-08-04,19,DEBIT,5564.9,US,7201.45,1636.55,0,0,0,0,0,3,LOW
TXN006529,2024-11-02,12,DEBIT,3264.47,US,184603.22,181338.75,0,0,0,0,0,3,LOW
TXN006530,2024-03-17,14,PAYMENT,9652.12,RU,393569.83,383917.71,0,0,0,1,0,35,LOW
TXN006531,2024-06-28,2,CASH_OUT,66912.2,IR,427246.04,360333.84,0,1,0,1,1,100,HIGH
TXN006532,2024-01-06,10,CASH_IN,7190.76,NG,320345.09,327535.85,0,0,0,1,0,35,LOW
TXN006533,2024-04-20,14,DEBIT,2615.89,CN,295831.28,293215.39,0,0,0,0,0,3,LOW
TXN006534,2024-09-03,16,PAYMENT,1904.9,US,480872.7,478967.8,0,0,0,0,0,0,LOW
TXN006535,2024-09-08,21,TRANSFER,421.21,UK,405617.7,405196.49,0,0,0,0,0,1,LOW
TXN006536,2024-05-16,20,DEBIT,603.1,US,218941.56,218338.46,0,0,0,0,0,2,LOW
TXN006537,2024-03-07,10,TRANSFER,2209.35,DE,63328.74,61119.39,0,0,0,0,0,2,LOW
TXN006538,2024-04-21,16,CASH_IN,9718.91,CN,383630.69,393349.6,0,0,0,0,0,5,LOW
TXN006539,2024-03-08,9,PAYMENT,3525.05,US,372676.25,369151.2,0,0,0,0,0,4,LOW
TXN006540,2024-04-06,16,CASH_IN,266.68,RU,86300.52,86567.2,0,0,0,1,0,35,LOW
TXN006541,2024-10-25,20,CASH_OUT,6269.86,US,111747.37,105477.51,0,0,0,0,0,3,LOW
TXN006542,2024-11-21,21,TRANSFER,1461.3,US,282759.78,281298.48,0,0,0,0,0,2,LOW
TXN006543,2024-01-26,23,TRANSFER,9704.88,RU,213379.11,203674.23,1,0,0,1,1,92,HIGH
TXN006544,2024-09-09,15,CASH_IN,1015.37,DE,444752.87,445768.24,0,0,0,0,0,2,LOW
TXN006545,2024-07-18,14,TRANSFER,6234.4,US,101979.37,95744.97,0,0,0,0,0,0,LOW
TXN006546,2024-09-11,13,CASH_OUT,2745.32,RU,127472.15,124726.83,0,0,0,1,0,34,LOW
TXN006547,2024-01-19,9,CASH_OUT,3300.54,IR,39818.62,36518.08,0,0,0,1,0,34,LOW
TXN006548,2024-04-30,11,PAYMENT,3619.05,US,463566.12,459947.07,0,0,0,0,0,4,LOW
TXN006549,2024-03-01,10,CASH_IN,1434.86,NG,177598.11,179032.97,0,0,0,1,0,33,LOW
TXN006550,2024-09-04,12,CASH_OUT,3257.95,NG,265277.52,262019.57,0,0,0,1,0,31,LOW
TXN006551,2024-06-29,12,CASH_OUT,3910.91,US,202610.63,198699.72,0,0,0,0,0,1,LOW
TXN006552,2024-03-19,13,CASH_IN,1537.44,US,158248.53,159785.97,0,0,0,0,0,3,LOW
TXN006553,2024-08-14,21,TRANSFER,4369.52,IR,388720.19,384350.67,0,0,0,1,0,31,LOW
TXN006554,2024-11-01,4,TRANSFER,46638.91,US,390396.39,343757.48,0,0,0,0,1,40,MEDIUM
TXN006555,2024-07-22,3,CASH_OUT,42846.89,IR,4903.75,0.0,0,0,0,1,1,67,MEDIUM
TXN006556,2024-10-26,7,TRANSFER,7628.96,UK,117466.59,109837.63,0,0,0,0,0,3,LOW
TXN006557,2024-05-13,21,DEBIT,287.92,US,460105.05,459817.13,0,0,0,0,0,4,LOW
TXN006558,2024-12-02,19,DEBIT,3944.83,US,92836.54,88891.71,0,0,0,0,0,3,LOW
TXN006559,2024-05-02,12,PAYMENT,2042.56,US,218349.41,216306.85,0,0,0,0,0,4,LOW
TXN006560,2024-07-21,10,DEBIT,2071.66,US,402012.08,399940.42,0,0,0,0,0,0,LOW
TXN006561,2024-07-20,8,DEBIT,3413.86,UK,267030.22,263616.36,0,0,0,0,0,5,LOW
TXN006562,2024-10-29,18,DEBIT,1358.42,NG,49480.31,48121.89,0,0,0,1,0,34,LOW
TXN006563,2024-09-07,18,PAYMENT,13686.89,CN,317526.37,303839.48,0,0,0,0,0,2,LOW
TXN006564,2024-03-05,7,TRANSFER,5673.05,DE,124344.2,118671.15,0,0,0,0,0,1,LOW
TXN006565,2024-08-16,7,CASH_OUT,2303.12,UK,270872.76,268569.64,0,0,0,0,0,0,LOW
TXN006566,2024-03-25,7,DEBIT,550.86,US,63784.64,63233.78,0,0,0,0,0,0,LOW
TXN006567,2024-04-14,7,CASH_IN,4188.71,UK,148382.04,152570.75,0,0,0,0,0,1,LOW
TXN006568,2024-03-16,17,PAYMENT,4423.07,US,496950.75,492527.68,0,0,0,0,0,1,LOW
TXN006569,2024-09-20,17,CASH_OUT,53.84,RU,362395.05,362341.21,0,0,0,1,0,33,LOW
TXN006570,2024-04-24,10,PAYMENT,4135.11,US,412469.1,408333.99,0,0,0,0,0,0,LOW
TXN006571,2024-04-20,17,CASH_OUT,3827.53,US,234128.38,230300.85,0,0,0,0,0,3,LOW
TXN006572,2024-09-12,17,TRANSFER,5866.41,DE,69675.64,63809.23,0,0,0,0,0,2,LOW
TXN006573,2024-08-19,14,DEBIT,1604.85,UK,444688.96,443084.11,0,0,0,0,0,5,LOW
TXN006574,2024-09-10,7,DEBIT,10020.92,UK,425491.32,415470.4,0,0,0,0,0,1,LOW
TXN006575,2024-02-28,15,PAYMENT,271.01,US,74601.31,74330.3,0,0,0,0,0,5,LOW
TXN006576,2024-08-24,11,CASH_OUT,1804.69,UK,299579.82,297775.13,0,0,0,0,0,5,LOW
TXN006577,2024-01-28,10,PAYMENT,9122.06,US,106668.59,97546.53,0,0,0,0,0,3,LOW
TXN006578,2024-11-23,12,CASH_OUT,691.01,US,268956.39,268265.38,0,0,0,0,0,1,LOW
TXN006579,2024-08-19,13,CASH_OUT,2876.94,UK,433942.61,431065.67,0,0,0,0,0,4,LOW
TXN006580,2024-07-23,2,CASH_OUT,13827.05,NG,444865.63,431038.58,0,1,0,1,1,92,HIGH
TXN006581,2024-04-08,20,DEBIT,1064.64,DE,288321.52,287256.88,0,0,0,0,0,4,LOW
TXN006582,2024-01-03,21,CASH_OUT,217.88,RU,208944.15,208726.27,0,0,0,1,0,30,LOW
TXN006583,2024-04-30,15,TRANSFER,6337.06,CN,354127.17,347790.11,0,0,0,0,0,2,LOW
TXN006584,2024-05-26,17,CASH_IN,3956.71,UK,325066.61,329023.32,0,0,0,0,0,2,LOW
TXN006585,2024-02-06,15,DEBIT,6496.57,CN,44431.11,37934.54,0,0,0,0,0,1,LOW
TXN006586,2024-10-03,18,DEBIT,3538.12,NG,395796.01,392257.89,0,0,0,1,0,33,LOW
TXN006587,2024-01-14,8,DEBIT,18900.15,US,178112.55,159212.4,0,0,0,0,0,0,LOW
TXN006588,2024-10-29,9,CASH_OUT,3502.62,US,158941.28,155438.66,0,0,0,0,0,5,LOW
TXN006589,2024-08-14,13,CASH_IN,18078.14,US,81025.42,99103.56,0,0,0,0,0,4,LOW
TXN006590,2024-10-28,16,CASH_OUT,161.71,UK,272154.51,271992.8,0,0,0,0,0,0,LOW
TXN006591,2024-03-24,19,TRANSFER,126.84,DE,288982.43,288855.59,0,0,0,0,0,5,LOW
TXN006592,2024-11-13,7,CASH_OUT,2940.16,MX,442129.0,439188.84,0,0,0,0,0,4,LOW
TXN006593,2024-01-27,21,DEBIT,5671.69,UK,46240.0,40568.31,0,0,0,0,0,3,LOW
TXN006594,2024-11-09,14,CASH_OUT,1933.03,US,383698.45,381765.42,0,0,0,0,0,3,LOW
TXN006595,2024-12-23,9,PAYMENT,1119.11,UK,122346.67,121227.56,0,0,0,0,0,1,LOW
TXN006596,2024-09-23,18,DEBIT,10786.93,IR,347728.93,336942.0,0,0,0,1,0,33,LOW
TXN006597,2024-03-26,12,TRANSFER,897.21,MX,26100.33,25203.12,0,0,0,0,0,1,LOW
TXN006598,2024-09-02,21,CASH_IN,3633.89,UK,421779.65,425413.54,0,0,0,0,0,0,LOW
TXN006599,2024-02-07,11,CASH_IN,1980.13,UK,294601.75,296581.88,0,0,0,0,0,0,LOW
TXN006600,2024-07-20,4,TRANSFER,57335.38,RU,491403.42,434068.04,0,1,0,1,1,100,HIGH
TXN006601,2024-02-07,17,CASH_IN,2786.02,US,227261.86,230047.88,0,0,0,0,0,0,LOW
TXN006602,2024-07-08,17,CASH_OUT,491.76,US,136394.41,135902.65,0,0,0,0,0,2,LOW
TXN006603,2024-03-28,14,TRANSFER,1467.31,DE,313119.84,311652.53,0,0,0,0,0,4,LOW
TXN006604,2024-07-04,12,PAYMENT,3805.4,NG,97969.03,94163.63,0,0,0,1,0,30,LOW
TXN006605,2024-09-01,10,CASH_IN,3945.55,US,201240.36,205185.91,0,0,0,0,0,3,LOW
TXN006606,2024-03-02,18,CASH_IN,2971.22,US,11414.65,14385.87,0,0,0,0,0,1,LOW
TXN006607,2024-10-01,13,CASH_IN,347.66,US,188845.96,189193.62,0,0,0,0,0,3,LOW
TXN006608,2024-09-21,9,CASH_IN,189.73,US,433480.34,433670.07,0,0,0,0,0,0,LOW
TXN006609,2024-07-07,7,PAYMENT,2689.0,RU,235462.26,232773.26,0,0,0,1,0,33,LOW
TXN006610,2024-12-01,19,CASH_IN,1648.28,US,37769.1,39417.38,0,0,0,0,0,5,LOW
TXN006611,2024-09-28,19,PAYMENT,172.85,UK,235990.63,235817.78,0,0,0,0,0,5,LOW
TXN006612,2024-05-30,3,TRANSFER,26354.03,US,298501.3,272147.27,0,1,0,0,1,62,MEDIUM
TXN006613,2024-08-15,13,DEBIT,1529.7,US,269137.57,267607.87,0,0,0,0,0,5,LOW
TXN006614,2024-05-22,9,CASH_IN,1509.01,RU,430971.33,432480.34,0,0,0,1,0,35,LOW
TXN006615,2024-11-19,14,CASH_IN,2661.28,US,175756.15,178417.43,0,0,0,0,0,2,LOW
TXN006616,2024-08-16,16,DEBIT,2066.45,RU,97913.74,95847.29,0,0,0,1,0,35,LOW
TXN006617,2024-06-16,20,TRANSFER,1507.78,US,212123.78,210616.0,0,0,0,0,0,3,LOW
TXN006618,2024-08-01,20,TRANSFER,6262.69,US,379797.32,373534.63,0,0,0,0,0,5,LOW
TXN006619,2024-09-11,20,TRANSFER,744.41,CN,100474.01,99729.6,0,0,0,0,0,4,LOW
TXN006620,2024-07-26,13,CASH_IN,2232.98,US,129909.22,132142.2,0,0,0,0,0,0,LOW
TXN006621,2024-07-31,15,TRANSFER,5657.12,MX,28334.55,22677.43,0,0,0,0,0,3,LOW
TXN006622,2024-01-11,18,TRANSFER,1676.65,US,379234.66,377558.01,0,0,0,0,0,5,LOW
TXN006623,2024-09-05,17,TRANSFER,20551.49,US,192352.37,171800.88,0,0,0,0,0,19,LOW
TXN006624,2024-02-14,11,DEBIT,2200.3,UK,354508.49,352308.19,0,0,0,0,0,5,LOW
TXN006625,2024-11-26,21,TRANSFER,3519.29,RU,210932.9,207413.61,0,0,0,1,0,33,LOW
TXN006626,2024-10-30,17,PAYMENT,3237.32,US,413401.63,410164.31,0,0,0,0,0,2,LOW
TXN006627,2024-05-11,16,PAYMENT,702.18,US,139586.37,138884.19,0,0,0,0,0,3,LOW
TXN006628,2024-11-25,7,CASH_IN,2767.12,US,421462.3,424229.42,0,0,0,0,0,1,LOW
TXN006629,2024-10-18,17,TRANSFER,872.36,IR,196871.38,195999.02,0,0,0,1,0,32,LOW
TXN006630,2024-05-19,15,TRANSFER,1420.68,NG,288387.71,286967.03,0,0,0,1,0,35,LOW
TXN006631,2024-08-14,17,CASH_IN,670.61,MX,380019.27,380689.88,0,0,0,0,0,1,LOW
TXN006632,2024-08-30,21,CASH_IN,1759.64,NG,104732.42,106492.06,0,0,0,1,0,30,LOW
TXN006633,2024-10-02,20,CASH_IN,2488.83,UK,219650.68,222139.51,0,0,0,0,0,0,LOW
TXN006634,2024-03-03,8,CASH_IN,2256.39,MX,341794.22,344050.61,0,0,0,0,0,2,LOW
TXN006635,2024-10-01,7,TRANSFER,11258.78,UK,79774.38,68515.6,0,0,0,0,0,19,LOW
TXN006636,2024-05-23,7,CASH_IN,375.7,US,29389.76,29765.46,0,0,0,0,0,3,LOW
TXN006637,2024-12-17,10,CASH_IN,1846.86,IR,338965.14,340812.0,0,0,0,1,0,31,LOW
TXN006638,2024-11-19,13,CASH_IN,1343.74,MX,229178.0,230521.74,0,0,0,0,0,4,LOW
TXN006639,2024-04-03,16,CASH_OUT,7847.66,DE,90297.42,82449.76,0,0,0,0,0,2,LOW
TXN006640,2024-12-15,8,DEBIT,13701.18,IR,23781.02,10079.84,0,0,0,1,0,32,LOW
TXN006641,2024-10-05,20,CASH_IN,1262.27,US,270439.38,271701.65,0,0,0,0,0,5,LOW
TXN006642,2024-03-23,16,CASH_OUT,1671.39,RU,67448.55,65777.16,0,0,0,1,0,34,LOW
TXN006643,2024-01-03,7,CASH_OUT,798.83,UK,349931.64,349132.81,0,0,0,0,0,1,LOW
TXN006644,2024-08-08,15,TRANSFER,11403.82,US,180356.83,168953.01,0,0,0,0,0,20,LOW
TXN006645,2024-07-11,9,DEBIT,3059.72,CN,391224.63,388164.91,0,0,0,0,0,3,LOW
TXN006646,2024-03-14,21,TRANSFER,6461.73,NG,72184.77,65723.04,0,0,0,1,0,32,LOW
TXN006647,2024-10-25,13,PAYMENT,1817.19,MX,61350.58,59533.39,0,0,0,0,0,5,LOW
TXN006648,2024-03-17,19,DEBIT,4483.83,NG,182972.73,178488.9,0,0,0,1,0,31,LOW
TXN006649,2024-08-31,17,TRANSFER,1161.92,US,468611.75,467449.83,0,0,0,0,0,5,LOW
TXN006650,2024-08-09,20,DEBIT,8578.33,DE,77107.57,68529.24,0,0,0,0,0,3,LOW
TXN006651,2024-08-07,14,CASH_IN,334.08,CN,67604.98,67939.06,0,0,0,0,0,4,LOW
TXN006652,2024-10-27,8,TRANSFER,4125.82,US,34719.62,30593.8,0,0,0,0,0,0,LOW
TXN006653,2024-12-30,15,CASH_IN,3756.94,UK,163681.68,167438.62,0,0,0,0,0,2,LOW
TXN006654,2024-10-04,20,TRANSFER,3034.53,NG,391239.53,388205.0,0,0,0,1,0,31,LOW
TXN006655,2024-11-10,20,CASH_OUT,2910.14,NG,431264.63,428354.49,0,0,0,1,0,31,LOW
TXN006656,2024-11-16,13,TRANSFER,3302.64,MX,188121.5,184818.86,0,0,0,0,0,0,LOW
TXN006657,2024-08-13,17,DEBIT,7103.9,US,363026.95,355923.05,0,0,0,0,0,1,LOW
TXN006658,2024-03-04,23,TRANSFER,31954.59,US,465796.16,433841.57,0,1,0,0,1,60,MEDIUM
TXN006659,2024-03-04,19,DEBIT,3598.46,US,87948.11,84349.65,0,0,0,0,0,5,LOW
TXN006660,2024-09-20,7,DEBIT,2626.03,IR,386109.0,383482.97,0,0,0,1,0,33,LOW
TXN006661,2024-05-21,9,DEBIT,8288.83,UK,94321.38,86032.55,0,0,0,0,0,5,LOW
TXN006662,2024-09-09,12,PAYMENT,3234.71,RU,449070.79,445836.08,0,0,0,1,0,34,LOW
TXN006663,2024-01-20,9,TRANSFER,7470.58,US,132827.29,125356.71,0,0,0,0,0,3,LOW
TXN006664,2024-07-30,15,PAYMENT,7068.67,UK,262370.64,255301.97,0,0,0,0,0,5,LOW
TXN006665,2024-08-07,8,CASH_OUT,1764.46,US,171075.37,169310.91,0,0,0,0,0,2,LOW
TXN006666,2024-03-21,19,CASH_IN,2933.94,DE,7913.6,10847.54,0,0,0,0,0,3,LOW
TXN006667,2024-02-22,19,PAYMENT,2959.31,US,409485.4,406526.09,0,0,0,0,0,2,LOW
TXN006668,2024-07-07,2,CASH_OUT,46866.87,DE,64434.86,17567.99,0,1,0,0,1,63,MEDIUM
TXN006669,2024-09-12,9,TRANSFER,6794.72,IR,258920.86,252126.14,0,0,0,1,0,34,LOW
TXN006670,2024-06-14,9,CASH_IN,1419.31,CN,69834.02,71253.33,0,0,0,0,0,3,LOW
TXN006671,2024-07-29,19,PAYMENT,6250.85,US,332765.75,326514.9,0,0,0,0,0,5,LOW
TXN006672,2024-09-06,7,CASH_IN,1080.4,NG,129020.0,130100.4,0,0,0,1,0,34,LOW
TXN006673,2024-11-03,20,TRANSFER,4736.88,UK,435230.27,430493.39,0,0,0,0,0,1,LOW
TXN006674,2024-07-18,14,PAYMENT,1482.75,US,388738.87,387256.12,0,0,0,0,0,2,LOW
TXN006675,2024-06-16,11,CASH_OUT,5800.81,UK,60080.17,54279.36,0,0,0,0,0,3,LOW
TXN006676,2024-08-25,18,PAYMENT,6433.15,NG,242431.14,235997.99,0,0,0,1,0,30,LOW
TXN006677,2024-04-18,10,CASH_IN,9697.8,US,85299.46,94997.26,0,0,0,0,0,5,LOW
TXN006678,2024-10-03,21,PAYMENT,2786.31,IR,395629.34,392843.03,0,0,0,1,0,34,LOW
TXN006679,2024-05-16,11,DEBIT,3166.71,UK,38976.93,35810.22,0,0,0,0,0,3,LOW
TXN006680,2024-07-04,9,PAYMENT,2807.93,UK,230569.87,227761.94,0,0,0,0,0,3,LOW
TXN006681,2024-08-07,17,PAYMENT,2683.94,RU,163944.89,161260.95,0,0,0,1,0,31,LOW
TXN006682,2024-11-13,13,PAYMENT,641.59,DE,166005.28,165363.69,0,0,0,0,0,3,LOW
TXN006683,2024-08-03,11,DEBIT,3946.46,US,59717.59,55771.13,0,0,0,0,0,3,LOW
TXN006684,2024-07-20,12,CASH_IN,3652.81,UK,328439.99,332092.8,0,0,0,0,0,2,LOW
TXN006685,2024-10-10,13,DEBIT,1481.01,US,462315.69,460834.68,0,0,0,0,0,0,LOW
TXN006686,2024-01-12,12,DEBIT,67.29,RU,427279.48,427212.19,0,0,0,1,0,35,LOW
TXN006687,2024-01-27,16,TRANSFER,1701.23,US,241702.92,240001.69,0,0,0,0,0,2,LOW
TXN006688,2024-10-14,14,PAYMENT,1241.73,NG,410613.37,409371.64,0,0,0,1,0,30,LOW
TXN006689,2024-09-30,13,CASH_OUT,3209.22,CN,499055.96,495846.74,0,0,0,0,0,0,LOW
TXN006690,2024-06-29,12,CASH_IN,2880.9,US,422774.35,425655.25,0,0,0,0,0,4,LOW
TXN006691,2024-07-30,17,TRANSFER,900.14,IR,38364.04,37463.9,0,0,0,1,0,30,LOW
TXN006692,2024-12-28,7,CASH_OUT,220.58,US,68692.18,68471.6,0,0,0,0,0,0,LOW
TXN006693,2024-03-27,9,TRANSFER,932.15,CN,361219.0,360286.85,0,0,0,0,0,3,LOW
TXN006694,2024-03-11,11,CASH_IN,8805.57,UK,106287.67,115093.24,0,0,0,0,0,2,LOW
TXN006695,2024-05-28,18,CASH_OUT,625.34,US,361203.51,360578.17,0,0,0,0,0,2,LOW
TXN006696,2024-07-21,12,PAYMENT,10376.52,MX,26699.99,16323.47,0,0,0,0,0,0,LOW
TXN006697,2024-05-24,14,PAYMENT,5857.31,CN,249613.13,243755.82,0,0,0,0,0,4,LOW
TXN006698,2024-06-15,14,CASH_OUT,2294.04,RU,489568.59,487274.55,0,0,0,1,0,30,LOW
TXN006699,2024-03-09,12,CASH_IN,4855.75,NG,75149.03,80004.78,0,0,0,1,0,32,LOW
TXN006700,2024-12-22,10,CASH_IN,2826.49,CN,327921.4,330747.89,0,0,0,0,0,0,LOW
TXN006701,2024-08-24,7,CASH_IN,2831.77,US,108172.32,111004.09,0,0,0,0,0,3,LOW
TXN006702,2024-07-19,13,DEBIT,2161.27,US,132025.21,129863.94,0,0,0,0,0,3,LOW
TXN006703,2024-03-21,15,TRANSFER,1.41,US,201675.16,201673.75,0,0,0,0,0,5,LOW
TXN006704,2024-01-15,14,PAYMENT,982.31,NG,259614.18,258631.87,0,0,0,1,0,35,LOW
TXN006705,2024-09-08,23,TRANSFER,12722.49,NG,17976.8,5254.31,0,1,0,1,1,94,HIGH
TXN006706,2024-07-14,21,CASH_OUT,4952.12,IR,444588.0,439635.88,0,0,0,1,0,30,LOW
TXN006707,2024-03-15,3,CASH_OUT,121489.71,IR,441785.12,320295.41,0,1,0,1,1,100,HIGH
TXN006708,2024-12-10,2,CASH_OUT,19375.66,NG,434525.11,415149.45,0,0,0,1,1,68,MEDIUM
TXN006709,2024-12-18,18,CASH_OUT,5186.3,US,483523.73,478337.43,0,0,0,0,0,5,LOW
TXN006710,2024-07-14,17,PAYMENT,3064.44,NG,392923.72,389859.28,0,0,0,1,0,32,LOW
TXN006711,2024-06-04,12,PAYMENT,240.84,US,155543.55,155302.71,0,0,0,0,0,3,LOW
TXN006712,2024-10-10,13,TRANSFER,2466.12,NG,479931.78,477465.66,0,0,0,1,0,30,LOW
TXN006713,2024-05-15,16,PAYMENT,3649.22,UK,258534.65,254885.43,0,0,0,0,0,3,LOW
TXN006714,2024-03-24,13,CASH_IN,544.52,UK,445103.61,445648.13,0,0,0,0,0,2,LOW
TXN006715,2024-05-05,7,DEBIT,1939.93,US,11658.4,9718.47,0,0,0,0,0,1,LOW
TXN006716,2024-12-18,12,TRANSFER,1152.86,US,412557.7,411404.84,0,0,0,0,0,5,LOW
TXN006717,2024-04-02,15,CASH_OUT,4410.63,US,269558.78,265148.15,0,0,0,0,0,1,LOW
TXN006718,2024-04-26,20,CASH_OUT,935.22,US,29631.85,28696.63,0,0,0,0,0,1,LOW
TXN006719,2024-06-20,15,TRANSFER,5723.32,US,92680.73,86957.41,0,0,0,0,0,1,LOW
TXN006720,2024-01-31,12,DEBIT,5590.58,DE,129193.48,123602.9,0,0,0,0,0,2,LOW
TXN006721,2024-12-04,15,DEBIT,662.81,CN,127802.84,127140.03,0,0,0,0,0,4,LOW
TXN006722,2024-01-23,7,TRANSFER,672.4,NG,64581.7,63909.3,0,0,0,1,0,34,LOW
TXN006723,2024-08-21,11,CASH_IN,8948.2,UK,129483.07,138431.27,0,0,0,0,0,4,LOW
TXN006724,2024-04-16,14,CASH_IN,12258.84,US,434749.98,447008.82,0,0,0,0,0,2,LOW
TXN006725,2024-05-14,21,TRANSFER,9300.94,UK,310133.52,300832.58,0,0,0,0,0,3,LOW
TXN006726,2024-04-10,7,PAYMENT,4040.09,CN,351826.48,347786.39,0,0,0,0,0,5,LOW
TXN006727,2024-01-17,17,PAYMENT,719.32,MX,178802.45,178083.13,0,0,0,0,0,5,LOW
TXN006728,2024-10-23,12,PAYMENT,2913.05,US,326164.48,323251.43,0,0,0,0,0,4,LOW
TXN006729,2024-05-19,14,TRANSFER,3176.24,MX,181742.9,178566.66,0,0,0,0,0,2,LOW
TXN006730,2024-12-02,14,PAYMENT,682.43,US,431697.92,431015.49,0,0,0,0,0,4,LOW
TXN006731,2024-12-19,7,TRANSFER,3697.37,DE,83551.13,79853.76,0,0,0,0,0,0,LOW
TXN006732,2024-12-21,14,CASH_OUT,3382.75,NG,345951.32,342568.57,0,0,0,1,0,33,LOW
TXN006733,2024-04-01,4,CASH_OUT,18081.11,US,92765.91,74684.8,0,1,0,0,1,62,MEDIUM
TXN006734,2024-10-02,21,CASH_IN,1333.92,NG,483731.23,485065.15,0,0,0,1,0,30,LOW
TXN006735,2024-02-18,18,DEBIT,6710.85,DE,156342.92,149632.07,0,0,0,0,0,2,LOW
TXN006736,2024-11-24,7,PAYMENT,3336.62,DE,237895.25,234558.63,0,0,0,0,0,3,LOW
TXN006737,2024-10-23,11,CASH_IN,10754.42,IR,439152.9,449907.32,0,0,0,1,0,34,LOW
TXN006738,2024-07-04,21,DEBIT,1184.64,US,394800.61,393615.97,0,0,0,0,0,3,LOW
TXN006739,2024-09-03,21,TRANSFER,4234.24,DE,246554.87,242320.63,0,0,0,0,0,0,LOW
TXN006740,2024-06-06,21,CASH_IN,54.3,UK,427703.91,427758.21,0,0,0,0,0,3,LOW
TXN006741,2024-06-03,20,PAYMENT,32.34,MX,99688.58,99656.24,0,0,0,0,0,3,LOW
TXN006742,2024-01-02,2,CASH_OUT,83440.71,RU,388137.98,304697.27,0,0,0,1,1,95,HIGH
TXN006743,2024-01-10,11,CASH_OUT,5528.47,MX,337731.21,332202.74,0,0,0,0,0,3,LOW
TXN006744,2024-12-06,17,CASH_IN,5675.32,CN,117285.31,122960.63,0,0,0,0,0,0,LOW
TXN006745,2024-02-21,9,DEBIT,2610.63,IR,107307.62,104696.99,0,0,0,1,0,33,LOW
TXN006746,2024-01-01,1,TRANSFER,8885.3,CN,282376.92,273491.62,0,0,0,0,1,25,LOW
TXN006747,2024-02-04,8,TRANSFER,1613.13,UK,476479.86,474866.73,0,0,0,0,0,5,LOW
TXN006748,2024-08-10,14,CASH_OUT,6346.09,US,115351.03,109004.94,0,0,0,0,0,2,LOW
TXN006749,2024-05-15,9,CASH_OUT,7205.84,US,290114.05,282908.21,0,0,0,0,0,3,LOW
TXN006750,2024-11-29,20,CASH_IN,1605.7,IR,62132.26,63737.96,0,0,0,1,0,31,LOW
TXN006751,2024-06-02,4,TRANSFER,6155.71,RU,31152.17,24996.46,0,0,0,1,1,54,MEDIUM
TXN006752,2024-04-13,14,CASH_OUT,3022.61,NG,466916.02,463893.41,0,0,0,1,0,35,LOW
TXN006753,2024-08-17,2,CASH_OUT,104638.38,UK,343994.95,239356.57,0,0,0,0,1,61,MEDIUM
TXN006754,2024-05-18,15,CASH_IN,3036.12,UK,303772.73,306808.85,0,0,0,0,0,0,LOW
TXN006755,2024-03-08,16,TRANSFER,3845.34,MX,109801.09,105955.75,0,0,0,0,0,1,LOW
TXN006756,2024-01-17,7,CASH_IN,2011.59,US,180304.37,182315.96,0,0,0,0,0,1,LOW
TXN006757,2024-07-13,8,CASH_OUT,657.53,US,333066.21,332408.68,0,0,0,0,0,0,LOW
TXN006758,2024-11-10,12,DEBIT,1990.17,US,156664.65,154674.48,0,0,0,0,0,4,LOW
TXN006759,2024-08-05,8,PAYMENT,14249.98,US,30785.57,16535.59,0,0,0,0,0,3,LOW
TXN006760,2024-09-27,17,CASH_IN,1825.23,CN,355731.21,357556.44,0,0,0,0,0,4,LOW
TXN006761,2024-12-13,15,TRANSFER,1858.28,MX,278593.64,276735.36,0,0,0,0,0,1,LOW
TXN006762,2024-02-21,11,CASH_OUT,4532.36,US,253894.09,249361.73,0,0,0,0,0,4,LOW
TXN006763,2024-05-23,18,DEBIT,1776.27,US,327764.71,325988.44,0,0,0,0,0,4,LOW
TXN006764,2024-03-12,20,PAYMENT,426.67,UK,147419.17,146992.5,0,0,0,0,0,1,LOW
TXN006765,2024-05-10,11,CASH_OUT,931.22,UK,423584.15,422652.93,0,0,0,0,0,0,LOW
TXN006766,2024-03-25,14,DEBIT,976.53,CN,301840.29,300863.76,0,0,0,0,0,3,LOW
TXN006767,2024-12-15,14,CASH_IN,5594.98,DE,123248.71,128843.69,0,0,0,0,0,2,LOW
TXN006768,2024-08-08,9,CASH_OUT,742.07,CN,237474.24,236732.17,0,0,0,0,0,2,LOW
TXN006769,2024-05-10,10,TRANSFER,1992.19,US,463910.07,461917.88,0,0,0,0,0,3,LOW
TXN006770,2024-10-09,12,DEBIT,3501.37,NG,26995.72,23494.35,0,0,0,1,0,35,LOW
TXN006771,2024-12-12,11,CASH_OUT,841.91,US,369518.91,368677.0,0,0,0,0,0,1,LOW
TXN006772,2024-03-08,16,CASH_IN,3042.08,US,378906.63,381948.71,0,0,0,0,0,0,LOW
TXN006773,2024-01-20,15,TRANSFER,9348.03,CN,74446.07,65098.04,0,0,0,0,0,3,LOW
TXN006774,2024-07-08,19,PAYMENT,7968.72,DE,385873.77,377905.05,0,0,0,0,0,3,LOW
TXN006775,2024-08-27,13,TRANSFER,3471.55,UK,494415.8,490944.25,0,0,0,0,0,4,LOW
TXN006776,2024-08-11,20,DEBIT,2018.0,UK,444829.29,442811.29,0,0,0,0,0,3,LOW
TXN006777,2024-05-14,10,DEBIT,3763.33,DE,39696.95,35933.62,0,0,0,0,0,5,LOW
TXN006778,2024-09-25,17,DEBIT,6638.97,MX,240272.73,233633.76,0,0,0,0,0,2,LOW
TXN006779,2024-09-11,11,CASH_IN,2294.74,DE,496144.45,498439.19,0,0,0,0,0,2,LOW
TXN006780,2024-09-26,18,CASH_OUT,3561.48,IR,491791.19,488229.71,0,0,0,1,0,32,LOW
TXN006781,2024-01-06,15,TRANSFER,1295.01,UK,54525.27,53230.26,0,0,0,0,0,4,LOW
TXN006782,2024-11-13,9,TRANSFER,474.86,NG,450619.97,450145.11,0,0,0,1,0,33,LOW
TXN006783,2024-11-20,13,CASH_IN,2161.41,US,188514.89,190676.3,0,0,0,0,0,5,LOW
TXN006784,2024-07-10,20,CASH_IN,1796.43,DE,82500.86,84297.29,0,0,0,0,0,0,LOW
TXN006785,2024-01-14,7,PAYMENT,5508.54,DE,490628.81,485120.27,0,0,0,0,0,2,LOW
TXN006786,2024-06-11,20,PAYMENT,2518.77,US,289943.04,287424.27,0,0,0,0,0,0,LOW
TXN006787,2024-10-15,19,PAYMENT,987.43,DE,87443.2,86455.77,0,0,0,0,0,1,LOW
TXN006788,2024-01-26,21,CASH_IN,79.88,RU,40182.93,40262.81,0,0,0,1,0,32,LOW
TXN006789,2024-03-07,9,TRANSFER,1264.78,US,397469.57,396204.79,0,0,0,0,0,1,LOW
TXN006790,2024-05-14,12,TRANSFER,1171.91,CN,278180.38,277008.47,0,0,0,0,0,0,LOW
TXN006791,2024-10-08,17,CASH_IN,3344.62,US,183231.57,186576.19,0,0,0,0,0,2,LOW
TXN006792,2024-08-11,16,CASH_OUT,828.54,RU,252952.17,252123.63,0,0,0,1,0,35,LOW
TXN006793,2024-09-04,10,CASH_OUT,3790.96,NG,84574.09,80783.13,0,0,0,1,0,34,LOW
TXN006794,2024-01-07,15,CASH_IN,108.28,US,258474.28,258582.56,0,0,0,0,0,5,LOW
TXN006795,2024-10-21,16,TRANSFER,143.92,RU,292960.04,292816.12,0,0,0,1,0,30,LOW
TXN006796,2024-01-31,14,TRANSFER,4488.18,IR,313636.39,309148.21,0,0,0,1,0,35,LOW
TXN006797,2024-04-21,23,CASH_OUT,9269.9,RU,424920.36,415650.46,1,0,0,1,1,93,HIGH
TXN006798,2024-04-11,13,PAYMENT,1534.75,NG,440499.24,438964.49,0,0,0,1,0,30,LOW
TXN006799,2024-01-06,21,DEBIT,1468.82,UK,218826.04,217357.22,0,0,0,0,0,3,LOW
TXN006800,2024-03-31,21,PAYMENT,524.81,US,408767.85,408243.04,0,0,0,0,0,5,LOW
TXN006801,2024-11-02,14,PAYMENT,2404.82,US,164295.78,161890.96,0,0,0,0,0,5,LOW
TXN006802,2024-01-25,12,CASH_IN,5331.44,NG,406664.46,411995.9,0,0,0,1,0,35,LOW
TXN006803,2024-07-04,20,CASH_OUT,3847.88,DE,410868.98,407021.1,0,0,0,0,0,4,LOW
TXN006804,2024-03-07,2,TRANSFER,92579.59,NG,223850.36,131270.77,0,0,0,1,1,91,HIGH
TXN006805,2024-11-01,20,TRANSFER,2179.72,US,111118.57,108938.85,0,0,0,0,0,4,LOW
TXN006806,2024-01-02,13,DEBIT,1820.82,NG,352546.29,350725.47,0,0,0,1,0,33,LOW
TXN006807,2024-10-29,16,CASH_OUT,13526.63,UK,297788.19,284261.56,0,0,0,0,0,15,LOW
TXN006808,2024-04-07,15,DEBIT,10401.41,RU,448793.74,438392.33,0,0,0,1,0,31,LOW
TXN006809,2024-08-14,2,TRANSFER,31383.88,NG,119664.53,88280.65,0,1,0,1,1,91,HIGH
TXN006810,2024-06-21,11,CASH_IN,4322.69,CN,5184.44,9507.13,0,0,0,0,0,1,LOW
TXN006811,2024-08-24,21,CASH_OUT,525.64,US,89466.88,88941.24,0,0,0,0,0,3,LOW
TXN006812,2024-02-12,12,CASH_IN,1004.77,UK,473219.27,474224.04,0,0,0,0,0,4,LOW
TXN006813,2024-10-12,10,DEBIT,1464.12,US,180816.96,179352.84,0,0,0,0,0,1,LOW
TXN006814,2024-11-17,12,TRANSFER,966.26,UK,404593.34,403627.08,0,0,0,0,0,1,LOW
TXN006815,2024-12-14,17,CASH_OUT,2871.4,NG,43317.24,40445.84,0,0,0,1,0,30,LOW
TXN006816,2024-03-19,21,CASH_OUT,1528.2,MX,463033.21,461505.01,0,0,0,0,0,5,LOW
TXN006817,2024-06-01,21,DEBIT,5846.0,DE,365083.62,359237.62,0,0,0,0,0,0,LOW
TXN006818,2024-09-09,8,PAYMENT,1238.26,US,308303.85,307065.59,0,0,0,0,0,0,LOW
TXN006819,2024-08-11,7,CASH_OUT,266.23,RU,78882.99,78616.76,0,0,0,1,0,34,LOW
TXN006820,2024-11-21,21,PAYMENT,2509.47,US,421823.88,419314.41,0,0,0,0,0,3,LOW
TXN006821,2024-09-17,13,PAYMENT,1622.54,DE,170031.24,168408.7,0,0,0,0,0,5,LOW
TXN006822,2024-10-01,7,DEBIT,3172.9,US,7605.5,4432.6,0,0,0,0,0,3,LOW
TXN006823,2024-11-14,3,TRANSFER,193336.89,NG,174753.33,0.0,0,1,0,1,1,100,HIGH
TXN006824,2024-03-20,8,DEBIT,2730.31,UK,213093.19,210362.88,0,0,0,0,0,4,LOW
TXN006825,2024-07-30,7,CASH_OUT,4762.8,CN,42761.0,37998.2,0,0,0,0,0,5,LOW
TXN006826,2024-07-06,21,CASH_OUT,3198.37,CN,8734.57,5536.2,0,0,0,0,0,5,LOW
TXN006827,2024-04-07,23,CASH_OUT,109617.56,DE,134234.08,24616.52,0,0,0,0,1,63,MEDIUM
TXN006828,2024-02-02,16,CASH_OUT,273.92,RU,55188.54,54914.62,0,0,0,1,0,32,LOW
TXN006829,2024-02-26,18,CASH_OUT,78.1,CN,421309.25,421231.15,0,0,0,0,0,0,LOW
TXN006830,2024-05-10,15,CASH_IN,2046.24,NG,218003.37,220049.61,0,0,0,1,0,35,LOW
TXN006831,2024-01-06,13,TRANSFER,2200.24,US,498016.66,495816.42,0,0,0,0,0,1,LOW
TXN006832,2024-03-30,15,DEBIT,292.55,CN,406061.32,405768.77,0,0,0,0,0,4,LOW
TXN006833,2024-11-03,7,TRANSFER,4380.59,UK,441767.89,437387.3,0,0,0,0,0,5,LOW
TXN006834,2024-02-25,9,TRANSFER,1675.5,US,458738.43,457062.93,0,0,0,0,0,3,LOW
TXN006835,2024-10-08,12,CASH_OUT,9410.31,CN,159310.61,149900.3,0,0,0,0,0,1,LOW
TXN006836,2024-01-23,1,TRANSFER,871.16,RU,481149.28,480278.12,0,1,0,1,1,80,HIGH
TXN006837,2024-09-15,12,TRANSFER,785.98,IR,100118.79,99332.81,0,0,0,1,0,31,LOW
TXN006838,2024-07-29,19,TRANSFER,10451.67,US,459392.48,448940.81,0,0,0,0,0,17,LOW
TXN006839,2024-04-01,2,CASH_OUT,1052.19,RU,29698.56,28646.37,0,0,0,1,1,53,MEDIUM
TXN006840,2024-01-05,9,TRANSFER,162.79,IR,109437.96,109275.17,0,0,0,1,0,33,LOW
TXN006841,2024-06-20,1,CASH_OUT,22491.36,US,35128.02,12636.66,0,0,0,0,1,39,LOW
TXN006842,2024-12-02,15,TRANSFER,3637.67,US,273497.76,269860.09,0,0,0,0,0,2,LOW
TXN006843,2024-11-18,16,TRANSFER,8873.3,US,354911.88,346038.58,0,0,0,0,0,0,LOW
TXN006844,2024-02-19,7,CASH_IN,492.43,NG,458864.3,459356.73,0,0,0,1,0,35,LOW
TXN006845,2024-01-13,10,CASH_IN,9447.84,US,5208.43,14656.27,0,0,0,0,0,0,LOW
TXN006846,2024-01-15,14,DEBIT,128.91,US,203806.15,203677.24,0,0,0,0,0,1,LOW
TXN006847,2024-10-26,11,CASH_IN,1204.78,CN,214274.07,215478.85,0,0,0,0,0,4,LOW
TXN006848,2024-11-02,18,CASH_IN,1429.36,DE,358403.85,359833.21,0,0,0,0,0,2,LOW
TXN006849,2024-06-04,17,CASH_IN,675.39,US,118212.4,118887.79,0,0,0,0,0,4,LOW
TXN006850,2024-01-31,1,CASH_OUT,24736.45,UK,78158.68,53422.23,0,1,0,0,1,62,MEDIUM
TXN006851,2024-11-15,12,PAYMENT,7408.75,UK,427990.68,420581.93,0,0,0,0,0,3,LOW
TXN006852,2024-12-15,23,TRANSFER,4170.97,RU,486152.04,481981.07,0,0,0,1,1,50,MEDIUM
TXN006853,2024-04-14,18,TRANSFER,2437.93,IR,251300.15,248862.22,0,0,0,1,0,31,LOW
TXN006854,2024-04-24,10,DEBIT,3054.39,MX,71946.47,68892.08,0,0,0,0,0,4,LOW
TXN006855,2024-02-17,16,DEBIT,7111.42,US,358881.65,351770.23,0,0,0,0,0,4,LOW
TXN006856,2024-08-06,14,TRANSFER,2428.53,CN,49216.56,46788.03,0,0,0,0,0,5,LOW
TXN006857,2024-02-29,8,DEBIT,3034.06,US,340677.13,337643.07,0,0,0,0,0,2,LOW
TXN006858,2024-01-21,11,DEBIT,3796.17,US,241288.18,237492.01,0,0,0,0,0,4,LOW
TXN006859,2024-09-05,11,CASH_IN,3691.09,US,41346.83,45037.92,0,0,0,0,0,4,LOW
TXN006860,2024-03-29,9,CASH_OUT,1578.36,CN,91865.1,90286.74,0,0,0,0,0,2,LOW
TXN006861,2024-05-17,14,PAYMENT,2612.52,IR,341126.6,338514.08,0,0,0,1,0,30,LOW
TXN006862,2024-08-20,16,CASH_OUT,17449.3,US,335343.45,317894.15,0,0,0,0,0,16,LOW
TXN006863,2024-05-28,1,TRANSFER,18161.0,US,181512.49,163351.49,0,0,0,0,1,38,LOW
TXN006864,2024-09-04,13,CASH_IN,125.82,US,499977.1,500102.92,0,0,0,0,0,5,LOW
TXN006865,2024-12-07,18,TRANSFER,1514.31,US,284478.16,282963.85,0,0,0,0,0,2,LOW
TXN006866,2024-01-15,21,PAYMENT,9842.53,RU,192147.94,182305.41,0,0,0,1,0,33,LOW
TXN006867,2024-01-02,11,PAYMENT,96.18,RU,363574.34,363478.16,0,0,0,1,0,34,LOW
TXN006868,2024-04-03,7,CASH_OUT,1583.39,DE,50069.43,48486.04,0,0,0,0,0,0,LOW
TXN006869,2024-02-27,21,TRANSFER,3501.54,DE,495252.92,491751.38,0,0,0,0,0,4,LOW
TXN006870,2024-06-12,8,PAYMENT,1757.54,IR,316157.78,314400.24,0,0,0,1,0,30,LOW
TXN006871,2024-10-19,8,DEBIT,693.09,NG,381428.73,380735.64,0,0,0,1,0,34,LOW
TXN006872,2024-06-28,17,CASH_IN,1215.96,US,215814.63,217030.59,0,0,0,0,0,2,LOW
TXN006873,2024-09-05,14,CASH_IN,1748.0,US,329572.01,331320.01,0,0,0,0,0,2,LOW
TXN006874,2024-06-22,13,PAYMENT,4921.89,NG,70160.22,65238.33,0,0,0,1,0,33,LOW
TXN006875,2024-01-19,17,CASH_OUT,5310.32,US,40698.97,35388.65,0,0,0,0,0,4,LOW
TXN006876,2024-07-31,10,CASH_IN,5834.04,DE,373171.5,379005.54,0,0,0,0,0,0,LOW
TXN006877,2024-06-14,18,CASH_IN,2876.21,NG,285160.36,288036.57,0,0,0,1,0,30,LOW
TXN006878,2024-02-02,20,DEBIT,1008.56,US,399920.39,398911.83,0,0,0,0,0,0,LOW
TXN006879,2024-01-18,4,CASH_OUT,27809.25,RU,463759.87,435950.62,0,0,0,1,1,68,MEDIUM
TXN006880,2024-06-28,7,PAYMENT,22419.16,US,445109.12,422689.96,0,0,0,0,0,1,LOW
TXN006881,2024-02-19,7,DEBIT,2351.33,IR,242021.23,239669.9,0,0,0,1,0,34,LOW
TXN006882,2024-04-17,15,PAYMENT,6733.61,US,129181.1,122447.49,0,0,0,0,0,3,LOW
TXN006883,2024-04-13,21,DEBIT,615.92,UK,360420.12,359804.2,0,0,0,0,0,3,LOW
TXN006884,2024-01-24,12,TRANSFER,1693.14,MX,436441.93,434748.79,0,0,0,0,0,5,LOW
TXN006885,2024-02-11,8,CASH_OUT,1042.93,MX,195402.18,194359.25,0,0,0,0,0,1,LOW
TXN006886,2024-02-13,12,DEBIT,2397.26,NG,261956.27,259559.01,0,0,0,1,0,33,LOW
TXN006887,2024-02-22,11,PAYMENT,1619.75,US,447144.78,445525.03,0,0,0,0,0,5,LOW
TXN006888,2024-08-20,19,CASH_OUT,7492.12,US,275838.8,268346.68,0,0,0,0,0,0,LOW
TXN006889,2024-10-09,9,CASH_OUT,3903.04,US,37624.93,33721.89,0,0,0,0,0,0,LOW
TXN006890,2024-02-25,19,TRANSFER,1979.84,CN,247651.94,245672.1,0,0,0,0,0,0,LOW
TXN006891,2024-04-27,11,CASH_OUT,1475.35,CN,367734.34,366258.99,0,0,0,0,0,3,LOW
TXN006892,2024-10-02,12,DEBIT,1775.29,US,26312.38,24537.09,0,0,0,0,0,5,LOW
TXN006893,2024-12-12,17,DEBIT,9506.73,CN,42594.45,33087.72,0,0,0,0,0,1,LOW
TXN006894,2024-08-20,14,CASH_IN,1842.77,US,256380.29,258223.06,0,0,0,0,0,3,LOW
TXN006895,2024-07-22,14,PAYMENT,5101.34,MX,197.79,0.0,0,0,0,0,0,0,LOW
TXN006896,2024-06-17,2,TRANSFER,25484.94,US,218001.16,192516.22,0,0,0,0,1,37,LOW
TXN006897,2024-05-06,23,CASH_OUT,13705.08,DE,325307.69,311602.61,0,1,0,0,1,65,MEDIUM
TXN006898,2024-12-20,18,DEBIT,2846.32,US,61515.58,58669.26,0,0,0,0,0,3,LOW
TXN006899,2024-11-22,9,PAYMENT,2444.82,IR,434243.75,431798.93,0,0,0,1,0,33,LOW
TXN006900,2024-10-18,4,CASH_OUT,93397.13,NG,113911.98,20514.85,0,1,0,1,1,100,HIGH
TXN006901,2024-05-13,21,CASH_OUT,2053.09,RU,382900.11,380847.02,0,0,0,1,0,35,LOW
TXN006902,2024-10-10,11,TRANSFER,6994.02,US,2579.01,0.0,0,0,0,0,0,4,LOW
TXN006903,2024-08-31,11,CASH_OUT,422.24,US,466708.98,466286.74,0,0,0,0,0,0,LOW
TXN006904,2024-04-23,21,CASH_OUT,7733.68,NG,148531.56,140797.88,0,0,0,1,0,34,LOW
TXN006905,2024-09-04,21,CASH_OUT,3517.98,UK,366247.29,362729.31,0,0,0,0,0,4,LOW
TXN006906,2024-07-02,11,TRANSFER,2055.61,US,387566.2,385510.59,0,0,0,0,0,4,LOW
TXN006907,2024-07-23,11,CASH_OUT,11797.21,IR,497575.16,485777.95,0,0,0,1,0,35,LOW
TXN006908,2024-11-23,14,PAYMENT,11229.22,RU,447382.42,436153.2,0,0,0,1,0,30,LOW
TXN006909,2024-05-20,20,CASH_IN,6044.44,MX,53506.6,59551.04,0,0,0,0,0,1,LOW
TXN006910,2024-09-01,18,PAYMENT,1432.87,US,267582.83,266149.96,0,0,0,0,0,5,LOW
TXN006911,2024-02-22,12,CASH_OUT,8621.07,MX,469541.52,460920.45,0,0,0,0,0,5,LOW
TXN006912,2024-09-26,16,PAYMENT,3449.31,US,387932.52,384483.21,0,0,0,0,0,2,LOW
TXN006913,2024-11-02,9,TRANSFER,5418.74,NG,44920.46,39501.72,0,0,0,1,0,35,LOW
TXN006914,2024-11-04,15,TRANSFER,1440.26,US,472252.92,470812.66,0,0,0,0,0,0,LOW
TXN006915,2024-08-28,12,DEBIT,3538.03,NG,471245.53,467707.5,0,0,0,1,0,32,LOW
TXN006916,2024-12-28,7,CASH_IN,2086.86,RU,56339.69,58426.55,0,0,0,1,0,34,LOW
TXN006917,2024-01-07,9,DEBIT,3398.47,DE,288422.67,285024.2,0,0,0,0,0,0,LOW
TXN006918,2024-01-23,8,DEBIT,4576.47,RU,314021.45,309444.98,0,0,0,1,0,33,LOW
TXN006919,2024-02-03,9,CASH_OUT,6121.75,IR,154663.47,148541.72,0,0,0,1,0,32,LOW
TXN006920,2024-11-02,11,TRANSFER,1851.56,MX,328683.87,326832.31,0,0,0,0,0,2,LOW
TXN006921,2024-10-03,9,CASH_IN,4217.97,NG,405573.88,409791.85,0,0,0,1,0,34,LOW
TXN006922,2024-07-23,20,DEBIT,5043.15,UK,284818.2,279775.05,0,0,0,0,0,0,LOW
TXN006923,2024-04-20,12,TRANSFER,8278.85,US,322921.48,314642.63,0,0,0,0,0,3,LOW
TXN006924,2024-01-26,18,CASH_IN,9759.5,US,31778.33,41537.83,0,0,0,0,0,3,LOW
TXN006925,2024-11-22,23,CASH_OUT,12903.43,US,385576.63,372673.2,0,0,0,0,1,40,MEDIUM
TXN006926,2024-03-28,14,TRANSFER,3888.44,CN,64228.41,60339.97,0,0,0,0,0,1,LOW
TXN006927,2024-01-29,15,PAYMENT,7852.91,MX,203449.05,195596.14,0,0,0,0,0,0,LOW
TXN006928,2024-09-11,18,TRANSFER,613.61,RU,416436.17,415822.56,0,0,0,1,0,32,LOW
TXN006929,2024-10-13,9,CASH_OUT,1532.96,CN,305552.17,304019.21,0,0,0,0,0,5,LOW
TXN006930,2024-11-05,9,CASH_IN,3815.43,DE,361502.72,365318.15,0,0,0,0,0,5,LOW
TXN006931,2024-02-13,23,CASH_OUT,2580.7,RU,186625.69,184044.99,0,1,0,1,1,79,HIGH
TXN006932,2024-08-15,17,CASH_IN,697.93,CN,261340.86,262038.79,0,0,0,0,0,0,LOW
TXN006933,2024-01-12,7,TRANSFER,540.44,UK,146515.08,145974.64,0,0,0,0,0,3,LOW
TXN006934,2024-12-07,7,CASH_IN,4403.58,CN,180596.33,184999.91,0,0,0,0,0,1,LOW
TXN006935,2024-06-07,12,DEBIT,11289.45,US,279664.3,268374.85,0,0,0,0,0,4,LOW
TXN006936,2024-11-24,23,TRANSFER,40242.3,IR,6904.27,0.0,0,0,0,1,1,67,MEDIUM
TXN006937,2024-04-19,10,DEBIT,4337.65,US,370857.6,366519.95,0,0,0,0,0,5,LOW
TXN006938,2024-04-11,10,TRANSFER,208.31,US,142122.03,141913.72,0,0,0,0,0,1,LOW
TXN006939,2024-07-03,7,PAYMENT,3330.32,NG,395991.24,392660.92,0,0,0,1,0,30,LOW
TXN006940,2024-08-06,2,CASH_OUT,73799.2,US,26631.69,0.0,0,1,0,0,1,88,HIGH
TXN006941,2024-06-04,11,DEBIT,488.71,US,340033.41,339544.7,0,0,0,0,0,1,LOW
TXN006942,2024-08-12,7,TRANSFER,15417.97,IR,399513.54,384095.57,0,0,0,1,0,35,LOW
TXN006943,2024-04-03,19,TRANSFER,9246.12,US,131147.49,121901.37,0,0,0,0,0,3,LOW
TXN006944,2024-08-14,21,DEBIT,2059.82,US,161871.37,159811.55,0,0,0,0,0,4,LOW
TXN006945,2024-05-21,13,DEBIT,1254.69,RU,154730.72,153476.03,0,0,0,1,0,30,LOW
TXN006946,2024-12-30,20,TRANSFER,8312.5,US,374720.04,366407.54,0,0,0,0,0,2,LOW
TXN006947,2024-12-30,11,CASH_OUT,9327.39,IR,42409.23,33081.84,0,0,0,1,0,34,LOW
TXN006948,2024-08-31,15,TRANSFER,4106.09,UK,112489.85,108383.76,0,0,0,0,0,2,LOW
TXN006949,2024-09-14,14,CASH_OUT,4626.07,UK,146051.34,141425.27,0,0,0,0,0,2,LOW
TXN006950,2024-11-12,13,DEBIT,7447.13,MX,429747.17,422300.04,0,0,0,0,0,5,LOW
TXN006951,2024-05-16,9,CASH_OUT,1177.99,CN,42075.95,40897.96,0,0,0,0,0,3,LOW
TXN006952,2024-10-30,8,DEBIT,940.17,MX,264379.71,263439.54,0,0,0,0,0,4,LOW
TXN006953,2024-05-10,21,DEBIT,269.37,NG,172722.1,172452.73,0,0,0,1,0,32,LOW
TXN006954,2024-08-29,19,TRANSFER,662.23,NG,380176.09,379513.86,0,0,0,1,0,30,LOW
TXN006955,2024-05-03,17,TRANSFER,355.93,UK,295211.11,294855.18,0,0,0,0,0,3,LOW
TXN006956,2024-01-23,11,PAYMENT,493.72,IR,192914.97,192421.25,0,0,0,1,0,35,LOW
TXN006957,2024-11-06,7,TRANSFER,6108.72,CN,487797.57,481688.85,0,0,0,0,0,1,LOW
TXN006958,2024-01-19,13,PAYMENT,356.98,US,65793.48,65436.5,0,0,0,0,0,0,LOW
TXN006959,2024-07-25,17,CASH_OUT,4456.77,DE,489975.37,485518.6,0,0,0,0,0,1,LOW
TXN006960,2024-08-29,21,CASH_IN,1628.5,RU,62618.32,64246.82,0,0,0,1,0,35,LOW
TXN006961,2024-01-31,16,TRANSFER,1834.19,UK,134670.2,132836.01,0,0,0,0,0,0,LOW
TXN006962,2024-09-09,21,DEBIT,4099.67,UK,467228.93,463129.26,0,0,0,0,0,5,LOW
TXN006963,2024-07-31,13,PAYMENT,613.82,CN,461259.57,460645.75,0,0,0,0,0,4,LOW
TXN006964,2024-02-21,8,PAYMENT,5393.1,US,467848.8,462455.7,0,0,0,0,0,2,LOW
TXN006965,2024-01-02,11,CASH_IN,6812.84,DE,209406.06,216218.9,0,0,0,0,0,3,LOW
TXN006966,2024-08-06,13,CASH_IN,840.74,UK,445.82,1286.56,0,0,0,0,0,2,LOW
TXN006967,2024-02-09,12,PAYMENT,18419.85,CN,479049.74,460629.89,0,0,0,0,0,1,LOW
TXN006968,2024-08-14,14,TRANSFER,67.66,MX,299457.97,299390.31,0,0,0,0,0,3,LOW
TXN006969,2024-11-06,12,CASH_OUT,35.64,US,394103.41,394067.77,0,0,0,0,0,2,LOW
TXN006970,2024-01-16,12,TRANSFER,1935.6,DE,218855.97,216920.37,0,0,0,0,0,3,LOW
TXN006971,2024-02-06,13,CASH_IN,7656.7,UK,156215.23,163871.93,0,0,0,0,0,5,LOW
TXN006972,2024-10-31,14,CASH_OUT,1038.91,UK,301184.18,300145.27,0,0,0,0,0,5,LOW
TXN006973,2024-10-24,7,TRANSFER,432.86,US,39825.99,39393.13,0,0,0,0,0,1,LOW
TXN006974,2024-03-30,12,PAYMENT,210.83,US,378854.2,378643.37,0,0,0,0,0,3,LOW
TXN006975,2024-11-07,19,CASH_IN,1945.37,US,121304.78,123250.15,0,0,0,0,0,5,LOW
TXN006976,2024-03-25,8,DEBIT,3949.77,US,213238.59,209288.82,0,0,0,0,0,3,LOW
TXN006977,2024-11-27,4,TRANSFER,40.78,CN,1266.25,1225.47,0,0,0,0,1,24,LOW
TXN006978,2024-09-17,21,PAYMENT,93.81,NG,20996.07,20902.26,0,0,0,1,0,30,LOW
TXN006979,2024-11-02,19,DEBIT,261.85,UK,249838.05,249576.2,0,0,0,0,0,0,LOW
TXN006980,2024-03-04,17,CASH_IN,3552.11,UK,359905.16,363457.27,0,0,0,0,0,2,LOW
TXN006981,2024-05-23,11,TRANSFER,9007.23,MX,433206.85,424199.62,0,0,0,0,0,3,LOW
TXN006982,2024-01-23,4,CASH_OUT,1546.79,NG,493775.14,492228.35,0,0,0,1,1,52,MEDIUM
TXN006983,2024-05-25,15,CASH_OUT,2562.04,CN,106945.88,104383.84,0,0,0,0,0,4,LOW
TXN006984,2024-03-18,8,CASH_IN,5445.39,CN,447810.03,453255.42,0,0,0,0,0,4,LOW
TXN006985,2024-05-08,11,CASH_IN,884.25,US,302075.04,302959.29,0,0,0,0,0,2,LOW
TXN006986,2024-03-29,8,CASH_OUT,6233.25,US,455126.57,448893.32,0,0,0,0,0,5,LOW
TXN006987,2024-11-14,10,DEBIT,1005.34,US,373411.87,372406.53,0,0,0,0,0,1,LOW
TXN006988,2024-03-17,11,DEBIT,6965.74,RU,44621.73,37655.99,0,0,0,1,0,32,LOW
TXN006989,2024-08-02,11,DEBIT,3469.54,US,295609.79,292140.25,0,0,0,0,0,5,LOW
TXN006990,2024-02-29,21,PAYMENT,2024.06,US,258563.21,256539.15,0,0,0,0,0,5,LOW
TXN006991,2024-06-30,13,TRANSFER,6445.67,DE,245535.23,239089.56,0,0,0,0,0,4,LOW
TXN006992,2024-01-25,20,DEBIT,931.59,IR,16599.84,15668.25,0,0,0,1,0,33,LOW
TXN006993,2024-08-07,18,PAYMENT,4603.33,US,368115.81,363512.48,0,0,0,0,0,1,LOW
TXN006994,2024-10-09,19,CASH_OUT,13693.04,NG,467730.66,454037.62,0,0,0,1,0,35,LOW
TXN006995,2024-06-19,2,TRANSFER,99736.42,CN,219790.63,120054.21,0,0,0,0,1,64,MEDIUM
TXN006996,2024-04-03,9,CASH_IN,448.86,US,210372.79,210821.65,0,0,0,0,0,3,LOW
TXN006997,2024-03-26,21,CASH_OUT,2935.45,US,162618.75,159683.3,0,0,0,0,0,2,LOW
TXN006998,2024-04-04,9,TRANSFER,3259.0,DE,420859.01,417600.01,0,0,0,0,0,3,LOW
TXN006999,2024-05-09,21,DEBIT,130.76,US,21736.42,21605.66,0,0,0,0,0,2,LOW
TXN007000,2024-01-17,20,CASH_OUT,2713.98,US,101119.31,98405.33,0,0,0,0,0,3,LOW
TXN007001,2024-10-13,1,CASH_OUT,37466.05,UK,480474.98,443008.93,0,1,0,0,1,65,MEDIUM
TXN007002,2024-08-14,14,PAYMENT,5006.37,MX,337846.05,332839.68,0,0,0,0,0,4,LOW
TXN007003,2024-11-01,13,PAYMENT,4746.81,US,331763.38,327016.57,0,0,0,0,0,5,LOW
TXN007004,2024-07-01,15,CASH_OUT,2674.15,IR,368714.93,366040.78,0,0,0,1,0,30,LOW
TXN007005,2024-11-24,9,PAYMENT,8848.68,CN,452243.85,443395.17,0,0,0,0,0,4,LOW
TXN007006,2024-01-25,12,CASH_IN,594.98,MX,103487.83,104082.81,0,0,0,0,0,0,LOW
TXN007007,2024-10-09,8,TRANSFER,3216.79,DE,146659.82,143443.03,0,0,0,0,0,5,LOW
TXN007008,2024-01-23,17,DEBIT,2383.21,NG,41805.35,39422.14,0,0,0,1,0,30,LOW
TXN007009,2024-06-21,8,PAYMENT,2142.19,MX,452011.39,449869.2,0,0,0,0,0,5,LOW
TXN007010,2024-02-11,12,CASH_IN,5085.87,IR,435449.32,440535.19,0,0,0,1,0,33,LOW
TXN007011,2024-09-30,18,CASH_OUT,6246.66,US,458686.42,452439.76,0,0,0,0,0,0,LOW
TXN007012,2024-03-07,10,CASH_OUT,15604.97,UK,113395.92,97790.95,0,0,0,0,0,18,LOW
TXN007013,2024-08-31,17,DEBIT,5810.25,CN,286399.87,280589.62,0,0,0,0,0,1,LOW
TXN007014,2024-03-07,13,TRANSFER,2207.9,NG,192476.51,190268.61,0,0,0,1,0,31,LOW
TXN007015,2024-08-01,20,CASH_OUT,1545.54,US,387561.27,386015.73,0,0,0,0,0,3,LOW
TXN007016,2024-07-25,21,TRANSFER,1491.4,US,258208.18,256716.78,0,0,0,0,0,2,LOW
TXN007017,2024-06-24,12,CASH_OUT,2430.35,CN,10509.7,8079.35,0,0,0,0,0,2,LOW
TXN007018,2024-02-01,14,CASH_OUT,329.42,US,335604.56,335275.14,0,0,0,0,0,4,LOW
TXN007019,2024-12-05,23,TRANSFER,12857.92,UK,252843.8,239985.88,0,1,0,0,1,62,MEDIUM
TXN007020,2024-10-18,11,PAYMENT,7612.15,US,286741.5,279129.35,0,0,0,0,0,4,LOW
TXN007021,2024-07-01,15,TRANSFER,1120.66,IR,45005.23,43884.57,0,0,0,1,0,35,LOW
TXN007022,2024-05-22,13,CASH_OUT,1038.05,US,117304.47,116266.42,0,0,0,0,0,4,LOW
TXN007023,2024-03-18,15,CASH_IN,484.04,IR,172549.2,173033.24,0,0,0,1,0,30,LOW
TXN007024,2024-10-07,19,DEBIT,3950.09,NG,90382.37,86432.28,0,0,0,1,0,30,LOW
TXN007025,2024-09-15,10,CASH_OUT,8887.16,CN,480145.38,471258.22,0,0,0,0,0,2,LOW
TXN007026,2024-07-12,2,TRANSFER,42999.9,IR,466210.42,423210.52,0,0,0,1,1,66,MEDIUM
TXN007027,2024-12-12,10,DEBIT,2629.12,MX,401934.12,399305.0,0,0,0,0,0,1,LOW
TXN007028,2024-04-09,18,TRANSFER,2959.46,UK,175439.82,172480.36,0,0,0,0,0,4,LOW
TXN007029,2024-04-27,16,TRANSFER,442.29,DE,162567.36,162125.07,0,0,0,0,0,4,LOW
TXN007030,2024-03-29,19,TRANSFER,3280.58,UK,21244.23,17963.65,0,0,0,0,0,4,LOW
TXN007031,2024-07-27,8,CASH_IN,3034.35,CN,483446.01,486480.36,0,0,0,0,0,3,LOW
TXN007032,2024-05-02,21,CASH_IN,8250.45,CN,42860.54,51110.99,0,0,0,0,0,0,LOW
TXN007033,2024-01-20,13,DEBIT,1489.07,US,481387.85,479898.78,0,0,0,0,0,0,LOW
TXN007034,2024-04-09,8,CASH_IN,4900.98,UK,102460.88,107361.86,0,0,0,0,0,0,LOW
TXN007035,2024-03-15,8,TRANSFER,5562.46,RU,198969.97,193407.51,0,0,0,1,0,35,LOW
TXN007036,2024-07-19,20,CASH_IN,13035.59,RU,490088.04,503123.63,0,0,0,1,0,31,LOW
TXN007037,2024-10-29,16,TRANSFER,168.36,UK,76807.85,76639.49,0,0,0,0,0,4,LOW
TXN007038,2024-04-20,17,TRANSFER,5790.51,MX,493820.74,488030.23,0,0,0,0,0,3,LOW
TXN007039,2024-02-03,14,CASH_IN,5808.67,IR,449700.94,455509.61,0,0,0,1,0,32,LOW
TXN007040,2024-10-03,10,CASH_OUT,12882.24,UK,56867.48,43985.24,0,0,0,0,0,18,LOW
TXN007041,2024-11-22,14,CASH_OUT,1318.44,DE,394434.94,393116.5,0,0,0,0,0,5,LOW
TXN007042,2024-09-30,19,DEBIT,2720.13,DE,140945.54,138225.41,0,0,0,0,0,2,LOW
TXN007043,2024-08-27,16,PAYMENT,3211.7,US,198023.27,194811.57,0,0,0,0,0,1,LOW
TXN007044,2024-07-28,17,PAYMENT,920.91,CN,309524.21,308603.3,0,0,0,0,0,3,LOW
TXN007045,2024-12-04,15,CASH_IN,94.39,DE,368465.5,368559.89,0,0,0,0,0,4,LOW
TXN007046,2024-08-13,21,DEBIT,1871.37,US,39525.06,37653.69,0,0,0,0,0,5,LOW
TXN007047,2024-03-27,10,CASH_OUT,1895.29,US,230976.92,229081.63,0,0,0,0,0,4,LOW
TXN007048,2024-05-30,9,CASH_OUT,2814.28,UK,32499.93,29685.65,0,0,0,0,0,0,LOW
TXN007049,2024-03-17,20,PAYMENT,1259.76,UK,489560.53,488300.77,0,0,0,0,0,2,LOW
TXN007050,2024-02-24,16,PAYMENT,334.73,RU,464234.58,463899.85,0,0,0,1,0,32,LOW
TXN007051,2024-07-12,11,TRANSFER,1280.68,MX,432608.04,431327.36,0,0,0,0,0,0,LOW
TXN007052,2024-07-29,14,CASH_OUT,5305.27,US,355371.84,350066.57,0,0,0,0,0,4,LOW
TXN007053,2024-12-07,11,DEBIT,2050.55,UK,50099.84,48049.29,0,0,0,0,0,4,LOW
TXN007054,2024-06-18,19,PAYMENT,3458.27,DE,185904.05,182445.78,0,0,0,0,0,4,LOW
TXN007055,2024-12-01,11,CASH_IN,1108.12,NG,396495.9,397604.02,0,0,0,1,0,31,LOW
TXN007056,2024-07-27,11,CASH_OUT,626.61,DE,319649.41,319022.8,0,0,0,0,0,2,LOW
TXN007057,2024-08-10,14,CASH_OUT,691.39,IR,204999.29,204307.9,0,0,0,1,0,35,LOW
TXN007058,2024-02-17,12,PAYMENT,1858.35,US,176684.76,174826.41,0,0,0,0,0,3,LOW
TXN007059,2024-12-18,20,PAYMENT,4262.12,US,364762.06,360499.94,0,0,0,0,0,5,LOW
TXN007060,2024-02-06,16,CASH_IN,524.92,RU,236162.62,236687.54,0,0,0,1,0,31,LOW
TXN007061,2024-04-18,20,CASH_OUT,4726.95,US,291656.86,286929.91,0,0,0,0,0,1,LOW
TXN007062,2024-10-19,12,TRANSFER,3951.22,US,13867.19,9915.97,0,0,0,0,0,3,LOW
TXN007063,2024-04-18,9,CASH_OUT,2232.83,UK,150810.62,148577.79,0,0,0,0,0,0,LOW
TXN007064,2024-10-02,8,CASH_OUT,768.7,US,36062.46,35293.76,0,0,0,0,0,1,LOW
TXN007065,2024-11-05,17,PAYMENT,9217.68,CN,379771.37,370553.69,0,0,0,0,0,5,LOW
TXN007066,2024-05-30,11,DEBIT,1916.9,US,13548.2,11631.3,0,0,0,0,0,1,LOW
TXN007067,2024-04-05,21,PAYMENT,1578.9,US,137563.39,135984.49,0,0,0,0,0,3,LOW
TXN007068,2024-04-06,11,PAYMENT,2744.46,CN,435815.39,433070.93,0,0,0,0,0,3,LOW
TXN007069,2024-06-09,8,DEBIT,1287.56,NG,463069.64,461782.08,0,0,0,1,0,30,LOW
TXN007070,2024-07-08,20,TRANSFER,1416.43,UK,449192.44,447776.01,0,0,0,0,0,0,LOW
TXN007071,2024-07-20,19,PAYMENT,3198.09,US,63055.33,59857.24,0,0,0,0,0,5,LOW
TXN007072,2024-04-15,7,PAYMENT,5463.65,US,276353.18,270889.53,0,0,0,0,0,5,LOW
TXN007073,2024-03-08,4,TRANSFER,152399.0,IR,215820.55,63421.55,0,1,0,1,1,100,HIGH
TXN007074,2024-02-11,17,CASH_OUT,2180.71,UK,326902.49,324721.78,0,0,0,0,0,5,LOW
TXN007075,2024-10-19,14,PAYMENT,5817.34,IR,151800.39,145983.05,0,0,0,1,0,30,LOW
TXN007076,2024-03-14,1,TRANSFER,8634.05,NG,442191.17,433557.12,0,0,0,1,1,53,MEDIUM
TXN007077,2024-06-08,7,CASH_IN,396.01,US,466175.44,466571.45,0,0,0,0,0,5,LOW
TXN007078,2024-12-01,13,DEBIT,2025.65,CN,144241.3,142215.65,0,0,0,0,0,3,LOW
TXN007079,2024-07-14,7,DEBIT,1168.17,MX,341638.14,340469.97,0,0,0,0,0,1,LOW
TXN007080,2024-07-25,16,CASH_IN,2878.69,CN,238483.25,241361.94,0,0,0,0,0,1,LOW
TXN007081,2024-01-17,11,CASH_IN,1602.03,NG,91567.91,93169.94,0,0,0,1,0,31,LOW
TXN007082,2024-10-30,16,TRANSFER,7223.68,US,79253.76,72030.08,0,0,0,0,0,5,LOW
TXN007083,2024-07-30,21,DEBIT,3142.59,US,484014.1,480871.51,0,0,0,0,0,2,LOW
TXN007084,2024-03-21,14,DEBIT,5005.2,UK,205328.2,200323.0,0,0,0,0,0,5,LOW
TXN007085,2024-04-16,12,CASH_IN,2448.63,RU,119609.99,122058.62,0,0,0,1,0,33,LOW
TXN007086,2024-06-06,19,TRANSFER,3513.43,US,297562.51,294049.08,0,0,0,0,0,4,LOW
TXN007087,2024-12-29,17,PAYMENT,27.55,RU,451904.42,451876.87,0,0,0,1,0,33,LOW
TXN007088,2024-09-28,19,CASH_OUT,6137.95,US,273520.48,267382.53,0,0,0,0,0,1,LOW
TXN007089,2024-04-01,19,DEBIT,881.64,NG,398690.02,397808.38,0,0,0,1,0,35,LOW
TXN007090,2024-01-22,9,CASH_OUT,3169.06,US,211745.11,208576.05,0,0,0,0,0,5,LOW
TXN007091,2024-10-02,10,PAYMENT,4353.41,IR,289521.34,285167.93,0,0,0,1,0,30,LOW
TXN007092,2024-03-05,21,DEBIT,1663.63,CN,76057.29,74393.66,0,0,0,0,0,0,LOW
TXN007093,2024-09-05,15,PAYMENT,3257.92,MX,172082.66,168824.74,0,0,0,0,0,4,LOW
TXN007094,2024-09-17,13,DEBIT,3275.38,US,488308.31,485032.93,0,0,0,0,0,0,LOW
TXN007095,2024-07-15,14,PAYMENT,5026.95,US,31658.94,26631.99,0,0,0,0,0,5,LOW
TXN007096,2024-08-05,13,CASH_OUT,8916.42,NG,192530.4,183613.98,0,0,0,1,0,31,LOW
TXN007097,2024-05-09,9,CASH_OUT,4920.92,UK,234110.7,229189.78,0,0,0,0,0,0,LOW
TXN007098,2024-08-07,8,TRANSFER,826.44,UK,488679.25,487852.81,0,0,0,0,0,2,LOW
TXN007099,2024-09-01,19,TRANSFER,886.79,IR,67129.91,66243.12,0,0,0,1,0,34,LOW
TXN007100,2024-10-14,17,PAYMENT,57.17,US,162047.04,161989.87,0,0,0,0,0,0,LOW
TXN007101,2024-12-28,19,PAYMENT,2441.41,US,158997.72,156556.31,0,0,0,0,0,1,LOW
TXN007102,2024-11-29,8,CASH_OUT,929.3,IR,428634.55,427705.25,0,0,0,1,0,33,LOW
TXN007103,2024-01-20,14,PAYMENT,2738.03,MX,28539.34,25801.31,0,0,0,0,0,2,LOW
TXN007104,2024-08-08,21,CASH_IN,6702.69,DE,491479.92,498182.61,0,0,0,0,0,0,LOW
TXN007105,2024-06-02,19,PAYMENT,9355.17,CN,216511.95,207156.78,0,0,0,0,0,4,LOW
TXN007106,2024-01-07,16,PAYMENT,248.13,NG,291982.51,291734.38,0,0,0,1,0,33,LOW
TXN007107,2024-12-04,10,CASH_OUT,2792.58,US,310320.49,307527.91,0,0,0,0,0,5,LOW
TXN007108,2024-05-28,18,CASH_IN,4890.27,US,489630.9,494521.17,0,0,0,0,0,0,LOW
TXN007109,2024-09-04,21,PAYMENT,1789.97,MX,23200.32,21410.35,0,0,0,0,0,4,LOW
TXN007110,2024-09-07,20,CASH_OUT,530.13,MX,300569.29,300039.16,0,0,0,0,0,5,LOW
TXN007111,2024-01-31,11,CASH_OUT,1610.05,UK,449710.16,448100.11,0,0,0,0,0,0,LOW
TXN007112,2024-01-27,8,TRANSFER,5698.27,US,242109.99,236411.72,0,0,0,0,0,4,LOW
TXN007113,2024-07-22,18,PAYMENT,228.7,US,250438.04,250209.34,0,0,0,0,0,1,LOW
TXN007114,2024-01-25,8,TRANSFER,11911.29,US,413657.44,401746.15,0,0,0,0,0,20,LOW
TXN007115,2024-06-02,19,CASH_IN,693.12,MX,253031.99,253725.11,0,0,0,0,0,4,LOW
TXN007116,2024-06-10,1,TRANSFER,14276.83,UK,124241.66,109964.83,0,0,0,0,1,38,LOW
TXN007117,2024-10-02,21,PAYMENT,476.1,US,49448.16,48972.06,0,0,0,0,0,4,LOW
TXN007118,2024-07-08,12,TRANSFER,2462.01,UK,161988.63,159526.62,0,0,0,0,0,2,LOW
TXN007119,2024-06-30,12,CASH_OUT,1284.63,MX,260378.31,259093.68,0,0,0,0,0,0,LOW
TXN007120,2024-11-17,16,PAYMENT,739.17,UK,290354.16,289614.99,0,0,0,0,0,4,LOW
TXN007121,2024-08-11,18,TRANSFER,298.53,UK,365006.19,364707.66,0,0,0,0,0,1,LOW
TXN007122,2024-01-04,9,CASH_IN,826.25,MX,493507.0,494333.25,0,0,0,0,0,3,LOW
TXN007123,2024-06-20,21,TRANSFER,2836.74,RU,367906.82,365070.08,0,0,0,1,0,30,LOW
TXN007124,2024-02-23,7,PAYMENT,67.6,UK,241450.9,241383.3,0,0,0,0,0,4,LOW
TXN007125,2024-10-19,13,TRANSFER,1392.57,MX,329396.68,328004.11,0,0,0,0,0,4,LOW
TXN007126,2024-11-16,9,PAYMENT,6305.21,CN,463317.96,457012.75,0,0,0,0,0,1,LOW
TXN007127,2024-09-26,18,PAYMENT,2750.39,US,356642.79,353892.4,0,0,0,0,0,2,LOW
TXN007128,2024-01-01,16,CASH_OUT,923.24,CN,475474.55,474551.31,0,0,0,0,0,5,LOW
TXN007129,2024-10-02,15,DEBIT,1709.8,MX,426919.09,425209.29,0,0,0,0,0,0,LOW
TXN007130,2024-07-19,19,TRANSFER,9077.54,UK,35785.21,26707.67,0,0,0,0,0,3,LOW
TXN007131,2024-02-20,19,TRANSFER,1143.17,NG,67444.67,66301.5,0,0,0,1,0,32,LOW
TXN007132,2024-05-30,2,CASH_OUT,21217.78,IR,146006.39,124788.61,0,1,0,1,1,94,HIGH
TXN007133,2024-09-05,9,CASH_OUT,4143.03,RU,499044.77,494901.74,0,0,0,1,0,33,LOW
TXN007134,2024-06-29,17,CASH_IN,3235.33,US,18331.13,21566.46,0,0,0,0,0,1,LOW
TXN007135,2024-01-15,1,CASH_OUT,7841.26,US,400377.31,392536.05,0,1,0,0,1,45,MEDIUM
TXN007136,2024-07-02,10,CASH_IN,5820.54,DE,158993.29,164813.83,0,0,0,0,0,0,LOW
TXN007137,2024-12-06,21,CASH_OUT,1128.28,MX,209689.1,208560.82,0,0,0,0,0,3,LOW
TXN007138,2024-02-16,2,CASH_OUT,10294.36,RU,353674.59,343380.23,0,0,0,1,1,68,MEDIUM
TXN007139,2024-08-12,10,TRANSFER,207.82,US,434887.61,434679.79,0,0,0,0,0,0,LOW
TXN007140,2024-12-03,10,CASH_OUT,1271.84,CN,369433.53,368161.69,0,0,0,0,0,5,LOW
TXN007141,2024-12-02,19,PAYMENT,2076.0,US,188199.79,186123.79,0,0,0,0,0,5,LOW
TXN007142,2024-01-26,19,CASH_IN,2089.88,US,416856.31,418946.19,0,0,0,0,0,1,LOW
TXN007143,2024-06-12,9,CASH_OUT,12515.09,NG,73975.31,61460.22,0,0,0,1,0,35,LOW
TXN007144,2024-01-19,18,TRANSFER,11818.11,MX,470064.59,458246.48,0,0,0,0,0,18,LOW
TXN007145,2024-09-14,18,PAYMENT,1875.59,CN,247216.3,245340.71,0,0,0,0,0,0,LOW
TXN007146,2024-09-19,4,TRANSFER,34321.03,US,17315.06,0.0,0,1,0,0,1,62,MEDIUM
TXN007147,2024-08-12,9,CASH_IN,3744.63,US,375388.82,379133.45,0,0,0,0,0,3,LOW
TXN007148,2024-11-27,20,CASH_OUT,3557.29,UK,276782.42,273225.13,0,0,0,0,0,1,LOW
TXN007149,2024-07-09,19,CASH_OUT,225.04,US,323358.93,323133.89,0,0,0,0,0,1,LOW
TXN007150,2024-02-01,17,TRANSFER,6106.57,US,147708.19,141601.62,0,0,0,0,0,4,LOW
TXN007151,2024-06-21,20,PAYMENT,29.4,US,178504.64,178475.24,0,0,0,0,0,1,LOW
TXN007152,2024-09-22,12,DEBIT,2120.4,US,5622.44,3502.04,0,0,0,0,0,2,LOW
TXN007153,2024-10-23,12,CASH_IN,176.44,UK,90465.69,90642.13,0,0,0,0,0,5,LOW
TXN007154,2024-07-01,14,CASH_OUT,106.98,US,261020.95,260913.97,0,0,0,0,0,5,LOW
TXN007155,2024-02-22,10,CASH_OUT,5119.92,US,327127.15,322007.23,0,0,0,0,0,5,LOW
TXN007156,2024-02-17,4,CASH_OUT,23165.3,RU,223716.92,200551.62,0,0,0,1,1,69,MEDIUM
TXN007157,2024-09-21,9,CASH_IN,1153.09,US,149183.67,150336.76,0,0,0,0,0,0,LOW
TXN007158,2024-12-11,16,DEBIT,1288.24,US,245327.8,244039.56,0,0,0,0,0,4,LOW
TXN007159,2024-09-04,3,TRANSFER,48714.21,RU,257009.49,208295.28,0,1,0,1,1,95,HIGH
TXN007160,2024-12-03,19,TRANSFER,10771.47,IR,260773.46,250001.99,0,0,0,1,0,35,LOW
TXN007161,2024-10-30,23,TRANSFER,54773.07,DE,398743.15,343970.08,0,1,0,0,1,89,HIGH
TXN007162,2024-06-19,9,TRANSFER,1862.28,US,402002.53,400140.25,0,0,0,0,0,4,LOW
TXN007163,2024-04-21,15,DEBIT,6552.22,US,201784.62,195232.4,0,0,0,0,0,3,LOW
TXN007164,2024-12-13,9,TRANSFER,1642.84,RU,225016.29,223373.45,0,0,0,1,0,32,LOW
TXN007165,2024-06-13,16,DEBIT,2085.51,DE,155201.66,153116.15,0,0,0,0,0,2,LOW
TXN007166,2024-12-08,14,PAYMENT,12800.08,IR,295433.25,282633.17,0,0,0,1,0,34,LOW
TXN007167,2024-09-04,3,CASH_OUT,30464.65,RU,397734.04,367269.39,0,0,0,1,1,70,HIGH
TXN007168,2024-04-15,15,CASH_IN,677.93,MX,239914.5,240592.43,0,0,0,0,0,1,LOW
TXN007169,2024-03-07,2,CASH_OUT,79804.33,MX,398901.4,319097.07,0,1,0,0,1,88,HIGH
TXN007170,2024-05-19,18,PAYMENT,2981.99,CN,68722.75,65740.76,0,0,0,0,0,4,LOW
TXN007171,2024-11-10,15,TRANSFER,1373.09,CN,105706.4,104333.31,0,0,0,0,0,2,LOW
TXN007172,2024-08-31,19,PAYMENT,6032.61,MX,28083.25,22050.64,0,0,0,0,0,3,LOW
TXN007173,2024-03-27,7,DEBIT,3580.48,UK,477376.33,473795.85,0,0,0,0,0,5,LOW
TXN007174,2024-08-03,3,TRANSFER,32300.47,IR,183397.86,151097.39,0,0,0,1,1,70,HIGH
TXN007175,2024-04-11,1,TRANSFER,31088.33,DE,473419.36,442331.03,0,1,0,0,1,63,MEDIUM
TXN007176,2024-09-20,10,TRANSFER,3141.85,US,223743.95,220602.1,0,0,0,0,0,2,LOW
TXN007177,2024-03-06,20,CASH_IN,3136.06,IR,303647.51,306783.57,0,0,0,1,0,31,LOW
TXN007178,2024-11-04,21,CASH_OUT,462.75,RU,395583.65,395120.9,0,0,0,1,0,35,LOW
TXN007179,2024-05-24,12,TRANSFER,7464.53,US,480195.1,472730.57,0,0,0,0,0,2,LOW
TXN007180,2024-12-21,11,PAYMENT,197.01,NG,43655.25,43458.24,0,0,0,1,0,32,LOW
TXN007181,2024-12-21,9,DEBIT,2419.27,US,293948.91,291529.64,0,0,0,0,0,4,LOW
TXN007182,2024-02-18,2,TRANSFER,47720.07,UK,180057.32,132337.25,0,0,0,0,1,35,LOW
TXN007183,2024-11-02,19,PAYMENT,2955.42,US,254964.62,252009.2,0,0,0,0,0,4,LOW
TXN007184,2024-09-21,15,DEBIT,1311.93,US,416969.35,415657.42,0,0,0,0,0,0,LOW
TXN007185,2024-04-11,16,TRANSFER,795.13,UK,344389.48,343594.35,0,0,0,0,0,3,LOW
TXN007186,2024-07-12,12,PAYMENT,468.36,DE,269370.05,268901.69,0,0,0,0,0,4,LOW
TXN007187,2024-09-06,7,CASH_IN,3854.43,UK,199900.22,203754.65,0,0,0,0,0,4,LOW
TXN007188,2024-04-28,12,TRANSFER,1656.15,US,434543.57,432887.42,0,0,0,0,0,4,LOW
TXN007189,2024-08-10,9,PAYMENT,723.03,CN,271765.59,271042.56,0,0,0,0,0,4,LOW
TXN007190,2024-04-22,21,TRANSFER,2754.57,UK,36917.71,34163.14,0,0,0,0,0,0,LOW
TXN007191,2024-06-21,2,CASH_OUT,983.89,NG,300733.64,299749.75,0,1,0,1,1,76,HIGH
TXN007192,2024-01-12,16,CASH_IN,5495.1,NG,423568.33,429063.43,0,0,0,1,0,32,LOW
TXN007193,2024-10-11,1,CASH_OUT,8333.77,RU,379645.21,371311.44,0,1,0,1,1,79,HIGH
TXN007194,2024-07-30,14,CASH_IN,1997.18,CN,83742.32,85739.5,0,0,0,0,0,0,LOW
TXN007195,2024-07-09,18,CASH_IN,2227.47,NG,286400.8,288628.27,0,0,0,1,0,32,LOW
TXN007196,2024-05-07,18,CASH_IN,4923.34,UK,184278.1,189201.44,0,0,0,0,0,4,LOW
TXN007197,2024-12-11,20,CASH_IN,871.73,US,374963.36,375835.09,0,0,0,0,0,2,LOW
TXN007198,2024-02-07,14,TRANSFER,1448.27,US,402850.47,401402.2,0,0,0,0,0,4,LOW
TXN007199,2024-05-27,14,CASH_IN,3389.4,US,70234.24,73623.64,0,0,0,0,0,2,LOW
TXN007200,2024-02-28,17,PAYMENT,10227.83,DE,192998.28,182770.45,0,0,0,0,0,1,LOW
TXN007201,2024-01-10,20,PAYMENT,6825.97,UK,66846.42,60020.45,0,0,0,0,0,3,LOW
TXN007202,2024-11-13,14,DEBIT,6988.79,IR,376492.27,369503.48,0,0,0,1,0,35,LOW
TXN007203,2024-09-20,13,TRANSFER,5129.61,US,327923.76,322794.15,0,0,0,0,0,5,LOW
TXN007204,2024-12-25,11,TRANSFER,3444.44,US,93918.45,90474.01,0,0,0,0,0,5,LOW
TXN007205,2024-09-23,8,TRANSFER,3022.1,NG,155649.18,152627.08,0,0,0,1,0,30,LOW
TXN007206,2024-09-21,16,DEBIT,3282.83,US,187493.75,184210.92,0,0,0,0,0,1,LOW
TXN007207,2024-09-21,12,CASH_OUT,5506.93,DE,115307.44,109800.51,0,0,0,0,0,4,LOW
TXN007208,2024-03-01,9,CASH_OUT,3279.61,NG,174240.71,170961.1,0,0,0,1,0,30,LOW
TXN007209,2024-04-01,14,CASH_IN,525.26,CN,185169.46,185694.72,0,0,0,0,0,4,LOW
TXN007210,2024-11-29,16,PAYMENT,115.73,DE,429192.0,429076.27,0,0,0,0,0,2,LOW
TXN007211,2024-06-23,19,DEBIT,1835.77,NG,151818.09,149982.32,0,0,0,1,0,34,LOW
TXN007212,2024-07-07,7,CASH_IN,962.98,US,162809.28,163772.26,0,0,0,0,0,4,LOW
TXN007213,2024-09-13,15,PAYMENT,3346.47,US,150024.82,146678.35,0,0,0,0,0,1,LOW
TXN007214,2024-10-28,7,CASH_IN,1154.87,CN,148884.67,150039.54,0,0,0,0,0,4,LOW
TXN007215,2024-06-11,7,PAYMENT,4423.83,UK,47134.17,42710.34,0,0,0,0,0,1,LOW
TXN007216,2024-11-01,21,PAYMENT,180.72,DE,22968.39,22787.67,0,0,0,0,0,2,LOW
TXN007217,2024-06-14,10,PAYMENT,596.76,UK,300509.76,299913.0,0,0,0,0,0,3,LOW
TXN007218,2024-02-20,9,PAYMENT,2717.74,UK,411087.05,408369.31,0,0,0,0,0,4,LOW
TXN007219,2024-02-22,7,PAYMENT,4746.0,DE,234597.83,229851.83,0,0,0,0,0,5,LOW
TXN007220,2024-02-08,12,TRANSFER,64.02,CN,249193.69,249129.67,0,0,0,0,0,5,LOW
TXN007221,2024-09-18,8,TRANSFER,194.05,NG,13814.04,13619.99,0,0,0,1,0,34,LOW
TXN007222,2024-05-29,19,DEBIT,698.39,US,371913.99,371215.6,0,0,0,0,0,3,LOW
TXN007223,2024-01-25,21,DEBIT,6373.91,DE,490993.03,484619.12,0,0,0,0,0,4,LOW
TXN007224,2024-11-19,8,TRANSFER,574.72,US,375085.1,374510.38,0,0,0,0,0,3,LOW
TXN007225,2024-08-09,14,TRANSFER,2336.6,US,404048.73,401712.13,0,0,0,0,0,4,LOW
TXN007226,2024-08-12,7,CASH_IN,502.85,IR,240455.7,240958.55,0,0,0,1,0,35,LOW
TXN007227,2024-12-27,7,CASH_IN,134.02,US,452216.86,452350.88,0,0,0,0,0,5,LOW
TXN007228,2024-10-30,19,PAYMENT,786.75,RU,302427.13,301640.38,0,0,0,1,0,35,LOW
TXN007229,2024-03-25,9,CASH_IN,310.29,CN,164126.01,164436.3,0,0,0,0,0,4,LOW
TXN007230,2024-01-15,21,CASH_OUT,526.74,US,38481.76,37955.02,0,0,0,0,0,1,LOW
TXN007231,2024-11-07,8,DEBIT,142.19,UK,35739.09,35596.9,0,0,0,0,0,3,LOW
TXN007232,2024-09-15,16,CASH_IN,2328.58,US,32430.58,34759.16,0,0,0,0,0,3,LOW
TXN007233,2024-04-03,15,PAYMENT,3064.14,IR,486979.54,483915.4,0,0,0,1,0,33,LOW
TXN007234,2024-10-17,11,DEBIT,15379.22,MX,66063.93,50684.71,0,0,0,0,0,2,LOW
TXN007235,2024-02-22,13,DEBIT,3963.21,UK,448659.82,444696.61,0,0,0,0,0,1,LOW
TXN007236,2024-10-12,8,DEBIT,7982.74,MX,161973.9,153991.16,0,0,0,0,0,5,LOW
TXN007237,2024-07-15,21,DEBIT,502.32,IR,359330.78,358828.46,0,0,0,1,0,34,LOW
TXN007238,2024-12-04,18,CASH_OUT,115.59,US,259324.7,259209.11,0,0,0,0,0,5,LOW
TXN007239,2024-05-28,17,TRANSFER,1272.2,RU,417695.98,416423.78,0,0,0,1,0,34,LOW
TXN007240,2024-06-29,17,DEBIT,4565.29,NG,157971.55,153406.26,0,0,0,1,0,31,LOW
TXN007241,2024-04-26,21,DEBIT,11598.07,MX,206965.4,195367.33,0,0,0,0,0,3,LOW
TXN007242,2024-11-17,11,CASH_IN,2371.26,NG,207171.12,209542.38,0,0,0,1,0,33,LOW
TXN007243,2024-08-07,16,TRANSFER,4651.11,NG,347912.18,343261.07,0,0,0,1,0,32,LOW
TXN007244,2024-02-17,10,CASH_IN,588.81,UK,279257.25,279846.06,0,0,0,0,0,2,LOW
TXN007245,2024-12-22,18,PAYMENT,3818.03,US,173902.63,170084.6,0,0,0,0,0,4,LOW
TXN007246,2024-03-05,14,PAYMENT,6389.05,DE,329265.23,322876.18,0,0,0,0,0,1,LOW
TXN007247,2024-03-16,16,DEBIT,536.77,US,8227.13,7690.36,0,0,0,0,0,0,LOW
TXN007248,2024-08-07,18,PAYMENT,560.42,CN,123250.87,122690.45,0,0,0,0,0,4,LOW
TXN007249,2024-06-19,8,DEBIT,6010.78,US,27390.65,21379.87,0,0,0,0,0,2,LOW
TXN007250,2024-11-21,19,DEBIT,573.95,RU,166799.23,166225.28,0,0,0,1,0,35,LOW
TXN007251,2024-04-14,18,PAYMENT,1180.32,US,153462.76,152282.44,0,0,0,0,0,1,LOW
TXN007252,2024-03-09,7,TRANSFER,2882.59,MX,258946.14,256063.55,0,0,0,0,0,3,LOW
TXN007253,2024-10-31,14,CASH_OUT,8630.37,US,275417.19,266786.82,0,0,0,0,0,2,LOW
TXN007254,2024-08-15,10,CASH_IN,1234.84,MX,404228.41,405463.25,0,0,0,0,0,0,LOW
TXN007255,2024-09-01,18,CASH_OUT,1390.4,IR,423797.73,422407.33,0,0,0,1,0,35,LOW
TXN007256,2024-03-05,7,TRANSFER,2381.13,US,219334.09,216952.96,0,0,0,0,0,2,LOW
TXN007257,2024-02-01,11,DEBIT,1450.28,UK,78221.25,76770.97,0,0,0,0,0,2,LOW
TXN007258,2024-05-14,12,DEBIT,6780.98,RU,140316.68,133535.7,0,0,0,1,0,32,LOW
TXN007259,2024-07-24,13,PAYMENT,4093.8,US,125707.27,121613.47,0,0,0,0,0,4,LOW
TXN007260,2024-09-24,20,DEBIT,2077.66,RU,18734.39,16656.73,0,0,0,1,0,33,LOW
TXN007261,2024-12-30,20,PAYMENT,1755.82,IR,396194.16,394438.34,0,0,0,1,0,33,LOW
TXN007262,2024-01-28,20,CASH_OUT,1450.08,DE,66463.58,65013.5,0,0,0,0,0,2,LOW
TXN007263,2024-03-31,8,CASH_IN,2694.03,UK,398628.74,401322.77,0,0,0,0,0,0,LOW
TXN007264,2024-04-12,16,DEBIT,3586.95,US,389001.66,385414.71,0,0,0,0,0,4,LOW
TXN007265,2024-11-11,15,PAYMENT,848.85,MX,377434.79,376585.94,0,0,0,0,0,3,LOW
TXN007266,2024-11-29,1,CASH_OUT,83665.97,DE,405415.83,321749.86,0,1,0,0,1,90,HIGH
TXN007267,2024-09-29,7,CASH_OUT,7738.52,UK,87630.36,79891.84,0,0,0,0,0,3,LOW
TXN007268,2024-05-25,8,CASH_OUT,5505.78,US,11452.45,5946.67,0,0,0,0,0,4,LOW
TXN007269,2024-01-06,16,TRANSFER,4901.03,US,304466.65,299565.62,0,0,0,0,0,2,LOW
TXN007270,2024-05-02,7,PAYMENT,3777.87,US,209970.79,206192.92,0,0,0,0,0,4,LOW
TXN007271,2024-12-18,21,CASH_OUT,3145.87,MX,322428.44,319282.57,0,0,0,0,0,0,LOW
TXN007272,2024-02-22,1,CASH_OUT,202438.1,IR,322400.39,119962.29,0,0,0,1,1,90,HIGH
TXN007273,2024-10-30,20,CASH_OUT,8161.87,UK,61805.54,53643.67,0,0,0,0,0,3,LOW
TXN007274,2024-02-29,15,CASH_IN,599.84,NG,147477.03,148076.87,0,0,0,1,0,30,LOW
TXN007275,2024-07-08,3,TRANSFER,6137.65,RU,132033.28,125895.63,0,0,0,1,1,52,MEDIUM
TXN007276,2024-08-02,17,TRANSFER,4335.49,US,187689.66,183354.17,0,0,0,0,0,2,LOW
TXN007277,2024-10-14,19,CASH_IN,7381.19,RU,88791.89,96173.08,0,0,0,1,0,33,LOW
TXN007278,2024-06-18,20,TRANSFER,5226.18,RU,436055.52,430829.34,0,0,0,1,0,31,LOW
TXN007279,2024-11-30,21,CASH_OUT,543.52,MX,52202.46,51658.94,0,0,0,0,0,1,LOW
TXN007280,2024-03-24,15,TRANSFER,2259.62,US,36754.8,34495.18,0,0,0,0,0,0,LOW
TXN007281,2024-07-12,12,TRANSFER,5958.99,NG,455092.55,449133.56,0,0,0,1,0,35,LOW
TXN007282,2024-08-10,14,PAYMENT,14905.23,UK,39781.74,24876.51,0,0,0,0,0,1,LOW
TXN007283,2024-07-13,13,TRANSFER,1525.84,US,188647.07,187121.23,0,0,0,0,0,3,LOW
TXN007284,2024-08-28,14,TRANSFER,2554.05,UK,449784.54,447230.49,0,0,0,0,0,2,LOW
TXN007285,2024-11-24,14,CASH_OUT,3098.21,NG,251963.87,248865.66,0,0,0,1,0,30,LOW
TXN007286,2024-10-29,20,CASH_OUT,9636.43,MX,395283.1,385646.67,0,0,0,0,0,5,LOW
TXN007287,2024-01-30,23,CASH_OUT,4589.09,CN,59130.38,54541.29,0,1,0,0,1,46,MEDIUM
TXN007288,2024-06-08,7,CASH_IN,2734.91,IR,31036.28,33771.19,0,0,0,1,0,34,LOW
TXN007289,2024-12-21,13,CASH_OUT,58.54,UK,247784.96,247726.42,0,0,0,0,0,5,LOW
TXN007290,2024-07-03,10,CASH_OUT,131.55,UK,89802.83,89671.28,0,0,0,0,0,0,LOW
TXN007291,2024-11-28,15,TRANSFER,12705.68,UK,35554.9,22849.22,0,0,0,0,0,17,LOW
TXN007292,2024-08-30,18,DEBIT,11637.63,DE,177560.32,165922.69,0,0,0,0,0,4,LOW
TXN007293,2024-03-04,10,TRANSFER,4924.65,US,264972.58,260047.93,0,0,0,0,0,3,LOW
TXN007294,2024-09-24,1,CASH_OUT,17464.96,RU,332704.61,315239.65,0,0,0,1,1,66,MEDIUM
TXN007295,2024-08-18,10,CASH_OUT,4394.97,US,262977.21,258582.24,0,0,0,0,0,4,LOW
TXN007296,2024-05-16,19,CASH_OUT,2613.61,UK,8137.28,5523.67,0,0,0,0,0,4,LOW
TXN007297,2024-03-01,23,TRANSFER,36426.53,US,381184.84,344758.31,0,0,0,0,1,40,MEDIUM
TXN007298,2024-02-18,7,PAYMENT,1534.36,CN,215636.76,214102.4,0,0,0,0,0,2,LOW
TXN007299,2024-07-25,21,CASH_IN,286.27,UK,290214.91,290501.18,0,0,0,0,0,1,LOW
TXN007300,2024-10-03,17,DEBIT,7517.73,UK,275577.51,268059.78,0,0,0,0,0,4,LOW
TXN007301,2024-01-17,7,PAYMENT,437.69,US,420576.56,420138.87,0,0,0,0,0,2,LOW
TXN007302,2024-02-29,15,CASH_IN,1740.72,CN,296483.46,298224.18,0,0,0,0,0,3,LOW
TXN007303,2024-02-08,19,PAYMENT,8480.28,US,310622.84,302142.56,0,0,0,0,0,3,LOW
TXN007304,2024-12-01,13,TRANSFER,1123.93,UK,214625.78,213501.85,0,0,0,0,0,4,LOW
TXN007305,2024-06-30,8,CASH_OUT,7037.36,DE,322438.6,315401.24,0,0,0,0,0,4,LOW
TXN007306,2024-03-25,21,CASH_IN,4382.63,RU,322207.8,326590.43,0,0,0,1,0,35,LOW
TXN007307,2024-04-12,11,CASH_OUT,16553.06,US,394615.33,378062.27,0,0,0,0,0,19,LOW
TXN007308,2024-07-04,14,CASH_OUT,7088.84,US,18494.34,11405.5,0,0,0,0,0,3,LOW
TXN007309,2024-07-13,11,CASH_OUT,4455.34,UK,11376.58,6921.24,0,0,0,0,0,3,LOW
TXN007310,2024-04-21,15,DEBIT,6805.97,CN,194013.31,187207.34,0,0,0,0,0,1,LOW
TXN007311,2024-12-13,16,DEBIT,405.83,UK,15716.77,15310.94,0,0,0,0,0,0,LOW
TXN007312,2024-03-07,17,TRANSFER,1009.14,IR,126668.56,125659.42,0,0,0,1,0,32,LOW
TXN007313,2024-12-22,16,CASH_IN,3034.83,CN,74336.48,77371.31,0,0,0,0,0,1,LOW
TXN007314,2024-01-16,21,PAYMENT,71.93,US,409353.07,409281.14,0,0,0,0,0,2,LOW
TXN007315,2024-01-24,16,DEBIT,4463.09,NG,348921.96,344458.87,0,0,0,1,0,31,LOW
TXN007316,2024-11-21,13,CASH_OUT,3128.22,RU,407141.05,404012.83,0,0,0,1,0,30,LOW
TXN007317,2024-02-18,3,CASH_OUT,34197.76,UK,351945.61,317747.85,0,1,0,0,1,61,MEDIUM
TXN007318,2024-11-15,9,TRANSFER,0.04,US,150122.26,150122.22,0,0,0,0,0,3,LOW
TXN007319,2024-05-20,13,PAYMENT,1619.86,US,15983.7,14363.84,0,0,0,0,0,3,LOW
TXN007320,2024-06-24,21,TRANSFER,3978.87,UK,414032.81,410053.94,0,0,0,0,0,0,LOW
TXN007321,2024-01-11,20,CASH_IN,2342.33,US,336821.45,339163.78,0,0,0,0,0,3,LOW
TXN007322,2024-04-23,20,PAYMENT,1902.53,US,2646.31,743.78,0,0,0,0,0,3,LOW
TXN007323,2024-04-03,7,CASH_OUT,963.72,US,404608.4,403644.68,0,0,0,0,0,1,LOW
TXN007324,2024-03-10,13,DEBIT,3083.69,CN,213795.15,210711.46,0,0,0,0,0,4,LOW
TXN007325,2024-08-12,21,PAYMENT,1840.36,US,273336.26,271495.9,0,0,0,0,0,2,LOW
TXN007326,2024-03-04,19,PAYMENT,5924.03,US,202308.47,196384.44,0,0,0,0,0,1,LOW
TXN007327,2024-09-02,12,DEBIT,2752.68,RU,76552.31,73799.63,0,0,0,1,0,35,LOW
TXN007328,2024-01-17,11,CASH_IN,1684.32,UK,161327.6,163011.92,0,0,0,0,0,4,LOW
TXN007329,2024-01-28,10,CASH_OUT,113.41,US,306017.65,305904.24,0,0,0,0,0,2,LOW
TXN007330,2024-11-25,7,CASH_OUT,765.67,DE,180361.2,179595.53,0,0,0,0,0,4,LOW
TXN007331,2024-07-07,20,TRANSFER,100.09,UK,474222.96,474122.87,0,0,0,0,0,5,LOW
TXN007332,2024-09-30,21,DEBIT,5022.58,MX,384212.93,379190.35,0,0,0,0,0,2,LOW
TXN007333,2024-12-26,11,CASH_OUT,5179.32,US,404384.02,399204.7,0,0,0,0,0,0,LOW
TXN007334,2024-11-04,16,CASH_OUT,1564.34,US,252975.71,251411.37,0,0,0,0,0,0,LOW
TXN007335,2024-09-10,20,CASH_OUT,1378.26,US,143383.49,142005.23,0,0,0,0,0,2,LOW
TXN007336,2024-11-06,11,TRANSFER,286.88,US,420647.22,420360.34,0,0,0,0,0,1,LOW
TXN007337,2024-04-26,10,DEBIT,4767.73,RU,380596.58,375828.85,0,0,0,1,0,31,LOW
TXN007338,2024-03-23,11,PAYMENT,1318.45,DE,7276.1,5957.65,0,0,0,0,0,2,LOW
TXN007339,2024-09-21,16,TRANSFER,4004.49,CN,400245.12,396240.63,0,0,0,0,0,5,LOW
TXN007340,2024-02-11,23,TRANSFER,78880.08,IR,404816.11,325936.03,0,0,0,1,1,94,HIGH
TXN007341,2024-04-25,2,CASH_OUT,40103.74,MX,91033.81,50930.07,0,0,0,0,1,36,LOW
TXN007342,2024-05-24,9,CASH_IN,2925.07,RU,198218.07,201143.14,0,0,0,1,0,31,LOW
TXN007343,2024-01-28,12,DEBIT,14662.11,UK,408312.68,393650.57,0,0,0,0,0,3,LOW
TXN007344,2024-07-03,7,DEBIT,586.83,US,2007.4,1420.57,0,0,0,0,0,0,LOW
TXN007345,2024-03-15,4,TRANSFER,110869.45,US,487181.27,376311.82,0,0,0,0,1,65,MEDIUM
TXN007346,2024-12-13,10,PAYMENT,15734.14,NG,57037.5,41303.36,0,0,0,1,0,35,LOW
TXN007347,2024-02-11,12,DEBIT,2128.03,MX,154131.88,152003.85,0,0,0,0,0,3,LOW
TXN007348,2024-03-16,2,CASH_OUT,103370.89,RU,139452.14,36081.25,0,1,0,1,1,100,HIGH
TXN007349,2024-06-20,13,PAYMENT,4574.18,IR,183460.27,178886.09,0,0,0,1,0,34,LOW
TXN007350,2024-11-30,8,TRANSFER,418.14,UK,452968.76,452550.62,0,0,0,0,0,2,LOW
TXN007351,2024-08-12,21,TRANSFER,2864.22,IR,276522.38,273658.16,0,0,0,1,0,31,LOW
TXN007352,2024-01-22,2,TRANSFER,24106.14,NG,33580.18,9474.04,0,1,0,1,1,91,HIGH
TXN007353,2024-03-03,10,CASH_OUT,594.92,US,99137.99,98543.07,0,0,0,0,0,4,LOW
TXN007354,2024-02-04,18,CASH_IN,934.49,UK,70831.08,71765.57,0,0,0,0,0,4,LOW
TXN007355,2024-04-29,21,TRANSFER,1899.06,UK,459117.17,457218.11,0,0,0,0,0,2,LOW
TXN007356,2024-05-05,10,CASH_IN,3298.89,NG,462256.41,465555.3,0,0,0,1,0,35,LOW
TXN007357,2024-03-03,16,TRANSFER,3492.92,UK,197821.41,194328.49,0,0,0,0,0,4,LOW
TXN007358,2024-03-24,7,DEBIT,1808.65,MX,181174.53,179365.88,0,0,0,0,0,3,LOW
TXN007359,2024-03-27,16,CASH_IN,2008.27,US,362067.27,364075.54,0,0,0,0,0,2,LOW
TXN007360,2024-08-25,21,TRANSFER,2505.85,RU,44172.16,41666.31,0,0,0,1,0,30,LOW
TXN007361,2024-05-31,18,TRANSFER,3378.93,UK,255729.76,252350.83,0,0,0,0,0,0,LOW
TXN007362,2024-07-04,10,TRANSFER,1060.18,NG,7620.86,6560.68,0,0,0,1,0,33,LOW
TXN007363,2024-10-17,2,CASH_OUT,29546.51,NG,267417.1,237870.59,0,0,0,1,1,65,MEDIUM
TXN007364,2024-02-17,11,DEBIT,309.72,DE,37005.49,36695.77,0,0,0,0,0,5,LOW
TXN007365,2024-01-09,16,DEBIT,6502.5,UK,46984.29,40481.79,0,0,0,0,0,3,LOW
TXN007366,2024-01-26,17,DEBIT,196.55,RU,344766.28,344569.73,0,0,0,1,0,32,LOW
TXN007367,2024-11-20,19,TRANSFER,4611.55,US,437134.92,432523.37,0,0,0,0,0,0,LOW
TXN007368,2024-05-25,14,CASH_IN,3435.99,NG,240020.98,243456.97,0,0,0,1,0,35,LOW
TXN007369,2024-01-19,18,DEBIT,1673.01,UK,398989.08,397316.07,0,0,0,0,0,1,LOW
TXN007370,2024-12-17,9,CASH_IN,435.76,MX,381324.34,381760.1,0,0,0,0,0,5,LOW
TXN007371,2024-05-07,11,DEBIT,349.24,IR,110233.99,109884.75,0,0,0,1,0,33,LOW
TXN007372,2024-09-16,14,TRANSFER,4885.76,US,470707.75,465821.99,0,0,0,0,0,0,LOW
TXN007373,2024-09-01,16,CASH_IN,9749.42,US,330668.36,340417.78,0,0,0,0,0,2,LOW
TXN007374,2024-02-01,9,CASH_IN,7737.71,MX,345666.85,353404.56,0,0,0,0,0,0,LOW
TXN007375,2024-11-15,16,TRANSFER,134.81,UK,115044.77,114909.96,0,0,0,0,0,5,LOW
TXN007376,2024-07-23,13,CASH_OUT,582.64,US,481158.73,480576.09,0,0,0,0,0,2,LOW
TXN007377,2024-09-06,10,PAYMENT,2524.37,US,303451.82,300927.45,0,0,0,0,0,3,LOW
TXN007378,2024-05-21,14,CASH_OUT,5310.59,IR,200956.33,195645.74,0,0,0,1,0,30,LOW
TXN007379,2024-11-11,15,PAYMENT,5252.82,CN,191595.47,186342.65,0,0,0,0,0,4,LOW
TXN007380,2024-07-13,20,CASH_IN,1770.52,RU,341002.41,342772.93,0,0,0,1,0,35,LOW
TXN007381,2024-05-15,13,CASH_IN,985.26,UK,2242.08,3227.34,0,0,0,0,0,1,LOW
TXN007382,2024-04-06,14,TRANSFER,539.47,US,1960.5,1421.03,0,0,0,0,0,2,LOW
TXN007383,2024-05-13,12,DEBIT,6375.54,MX,373438.62,367063.08,0,0,0,0,0,2,LOW
TXN007384,2024-07-28,17,CASH_IN,7637.88,UK,163158.83,170796.71,0,0,0,0,0,5,LOW
TXN007385,2024-01-26,17,CASH_OUT,502.65,RU,310856.6,310353.95,0,0,0,1,0,31,LOW
TXN007386,2024-02-03,7,PAYMENT,4788.76,US,98955.39,94166.63,0,0,0,0,0,5,LOW
TXN007387,2024-05-31,17,CASH_OUT,928.68,CN,244702.51,243773.83,0,0,0,0,0,2,LOW
TXN007388,2024-05-31,21,TRANSFER,307.49,NG,183835.2,183527.71,0,0,0,1,0,31,LOW
TXN007389,2024-10-27,13,CASH_OUT,3729.16,CN,235841.14,232111.98,0,0,0,0,0,2,LOW
TXN007390,2024-07-25,3,TRANSFER,133089.15,NG,10607.68,0.0,0,1,0,1,1,100,HIGH
TXN007391,2024-07-24,9,CASH_OUT,3001.36,UK,397965.57,394964.21,0,0,0,0,0,1,LOW
TXN007392,2024-11-10,14,CASH_OUT,3056.6,US,430505.32,427448.72,0,0,0,0,0,2,LOW
TXN007393,2024-01-17,14,CASH_OUT,2891.75,MX,373273.5,370381.75,0,0,0,0,0,4,LOW
TXN007394,2024-08-20,9,CASH_IN,181.64,DE,94967.39,95149.03,0,0,0,0,0,1,LOW
TXN007395,2024-04-22,16,TRANSFER,2044.36,US,218059.05,216014.69,0,0,0,0,0,0,LOW
TXN007396,2024-10-01,20,PAYMENT,3512.94,UK,211838.42,208325.48,0,0,0,0,0,2,LOW
TXN007397,2024-07-06,19,CASH_OUT,15557.27,IR,29935.32,14378.05,0,0,0,1,0,35,LOW
TXN007398,2024-01-04,3,CASH_OUT,2991.64,US,16837.55,13845.91,0,1,0,0,1,45,MEDIUM
TXN007399,2024-05-04,12,CASH_IN,140.21,UK,454660.35,454800.56,0,0,0,0,0,5,LOW
TXN007400,2024-08-14,4,TRANSFER,35389.27,CN,307809.01,272419.74,0,0,0,0,1,36,LOW
TXN007401,2024-08-05,8,TRANSFER,4759.91,US,407897.31,403137.4,0,0,0,0,0,5,LOW
TXN007402,2024-11-06,15,PAYMENT,1234.46,US,399243.78,398009.32,0,0,0,0,0,1,LOW
TXN007403,2024-12-24,16,CASH_IN,604.14,US,198829.5,199433.64,0,0,0,0,0,0,LOW
TXN007404,2024-12-04,10,CASH_IN,556.33,MX,219192.17,219748.5,0,0,0,0,0,0,LOW
TXN007405,2024-09-04,9,TRANSFER,3873.41,US,140855.58,136982.17,0,0,0,0,0,4,LOW
TXN007406,2024-11-06,14,PAYMENT,3449.59,MX,218566.98,215117.39,0,0,0,0,0,0,LOW
TXN007407,2024-03-17,12,CASH_IN,1065.28,US,317868.79,318934.07,0,0,0,0,0,2,LOW
TXN007408,2024-02-16,20,TRANSFER,1181.71,NG,307542.69,306360.98,0,0,0,1,0,34,LOW
TXN007409,2024-07-17,19,CASH_OUT,1116.67,IR,54349.57,53232.9,0,0,0,1,0,34,LOW
TXN007410,2024-12-05,20,CASH_OUT,3496.21,US,405720.88,402224.67,0,0,0,0,0,3,LOW
TXN007411,2024-07-02,14,PAYMENT,3769.19,US,89052.32,85283.13,0,0,0,0,0,5,LOW
TXN007412,2024-03-03,21,CASH_IN,111.77,US,228285.27,228397.04,0,0,0,0,0,3,LOW
TXN007413,2024-07-21,20,TRANSFER,3673.02,UK,1071.95,0.0,0,0,0,0,0,0,LOW
TXN007414,2024-10-02,9,PAYMENT,5254.35,US,196590.01,191335.66,0,0,0,0,0,1,LOW
TXN007415,2024-08-29,7,TRANSFER,203.12,RU,75456.59,75253.47,0,0,0,1,0,30,LOW
TXN007416,2024-09-17,18,CASH_OUT,374.29,US,411303.62,410929.33,0,0,0,0,0,4,LOW
TXN007417,2024-05-28,13,TRANSFER,2103.52,DE,276483.19,274379.67,0,0,0,0,0,0,LOW
TXN007418,2024-02-19,16,DEBIT,10378.44,US,88793.35,78414.91,0,0,0,0,0,4,LOW
TXN007419,2024-02-14,11,PAYMENT,348.79,UK,472412.11,472063.32,0,0,0,0,0,2,LOW
TXN007420,2024-02-16,12,PAYMENT,297.45,UK,342247.17,341949.72,0,0,0,0,0,0,LOW
TXN007421,2024-03-09,13,TRANSFER,3550.62,IR,422703.4,419152.78,0,0,0,1,0,30,LOW
TXN007422,2024-05-13,13,PAYMENT,2067.1,UK,77943.2,75876.1,0,0,0,0,0,0,LOW
TXN007423,2024-08-24,18,TRANSFER,367.46,NG,137688.47,137321.01,0,0,0,1,0,31,LOW
TXN007424,2024-05-28,14,DEBIT,1833.38,MX,353062.56,351229.18,0,0,0,0,0,5,LOW
TXN007425,2024-01-26,18,CASH_OUT,1351.88,US,475662.8,474310.92,0,0,0,0,0,1,LOW
TXN007426,2024-05-19,14,PAYMENT,8813.55,IR,123039.55,114226.0,0,0,0,1,0,32,LOW
TXN007427,2024-12-20,8,DEBIT,967.47,MX,67790.26,66822.79,0,0,0,0,0,4,LOW
TXN007428,2024-05-08,13,DEBIT,1850.77,DE,68139.76,66288.99,0,0,0,0,0,3,LOW
TXN007429,2024-03-20,15,TRANSFER,1136.46,MX,155420.86,154284.4,0,0,0,0,0,3,LOW
TXN007430,2024-08-24,11,DEBIT,2669.62,US,402183.03,399513.41,0,0,0,0,0,1,LOW
TXN007431,2024-03-07,8,CASH_OUT,332.86,UK,276993.93,276661.07,0,0,0,0,0,3,LOW
TXN007432,2024-07-23,20,CASH_OUT,491.5,UK,176376.85,175885.35,0,0,0,0,0,0,LOW
TXN007433,2024-10-20,13,PAYMENT,2506.33,RU,202271.0,199764.67,0,0,0,1,0,35,LOW
TXN007434,2024-02-05,16,DEBIT,2047.63,US,67412.11,65364.48,0,0,0,0,0,2,LOW
TXN007435,2024-08-09,16,DEBIT,5088.07,US,421015.95,415927.88,0,0,0,0,0,3,LOW
TXN007436,2024-09-29,7,PAYMENT,1501.39,IR,369366.28,367864.89,0,0,0,1,0,31,LOW
TXN007437,2024-11-21,11,DEBIT,3016.25,UK,88135.2,85118.95,0,0,0,0,0,1,LOW
TXN007438,2024-11-15,7,TRANSFER,1472.31,DE,416527.01,415054.7,0,0,0,0,0,0,LOW
TXN007439,2024-05-09,4,CASH_OUT,33922.02,RU,130691.41,96769.39,0,0,0,1,1,68,MEDIUM
TXN007440,2024-05-04,8,TRANSFER,236.27,UK,122359.14,122122.87,0,0,0,0,0,3,LOW
TXN007441,2024-09-11,21,PAYMENT,5095.03,UK,25625.07,20530.04,0,0,0,0,0,3,LOW
TXN007442,2024-02-01,21,CASH_IN,12264.39,DE,399366.16,411630.55,0,0,0,0,0,0,LOW
TXN007443,2024-05-14,20,PAYMENT,10134.73,US,203255.09,193120.36,0,0,0,0,0,3,LOW
TXN007444,2024-10-17,12,CASH_OUT,966.07,US,314956.67,313990.6,0,0,0,0,0,4,LOW
TXN007445,2024-06-09,19,CASH_IN,564.24,MX,61610.35,62174.59,0,0,0,0,0,1,LOW
TXN007446,2024-10-21,14,DEBIT,7988.2,UK,299769.25,291781.05,0,0,0,0,0,2,LOW
TXN007447,2024-11-27,14,CASH_IN,6264.04,US,306350.85,312614.89,0,0,0,0,0,5,LOW
TXN007448,2024-05-07,19,PAYMENT,5721.45,IR,339139.79,333418.34,0,0,0,1,0,33,LOW
TXN007449,2024-05-31,7,PAYMENT,1193.48,IR,498558.59,497365.11,0,0,0,1,0,33,LOW
TXN007450,2024-05-14,21,PAYMENT,464.74,DE,19809.27,19344.53,0,0,0,0,0,0,LOW
TXN007451,2024-04-10,19,PAYMENT,5937.35,DE,296117.41,290180.06,0,0,0,0,0,2,LOW
TXN007452,2024-04-01,2,TRANSFER,28149.96,CN,45380.51,17230.55,0,1,0,0,1,64,MEDIUM
TXN007453,2024-01-24,17,TRANSFER,4788.18,NG,26605.1,21816.92,0,0,0,1,0,33,LOW
TXN007454,2024-08-30,9,CASH_IN,6431.25,IR,480475.54,486906.79,0,0,0,1,0,35,LOW
TXN007455,2024-06-22,11,CASH_IN,1844.11,MX,401807.78,403651.89,0,0,0,0,0,1,LOW
TXN007456,2024-10-21,14,CASH_IN,2896.02,IR,411434.34,414330.36,0,0,0,1,0,34,LOW
TXN007457,2024-07-18,16,PAYMENT,6848.35,IR,32353.61,25505.26,0,0,0,1,0,33,LOW
TXN007458,2024-09-30,17,PAYMENT,545.47,NG,331808.5,331263.03,0,0,0,1,0,31,LOW
TXN007459,2024-11-11,16,TRANSFER,321.89,MX,110364.2,110042.31,0,0,0,0,0,1,LOW
TXN007460,2024-08-13,3,CASH_OUT,125939.92,NG,129982.2,4042.28,0,1,0,1,1,100,HIGH
TXN007461,2024-07-27,12,CASH_IN,641.03,DE,315213.38,315854.41,0,0,0,0,0,1,LOW
TXN007462,2024-05-07,20,PAYMENT,3431.73,NG,38929.3,35497.57,0,0,0,1,0,30,LOW
TXN007463,2024-04-22,9,DEBIT,9445.63,US,426838.11,417392.48,0,0,0,0,0,5,LOW
TXN007464,2024-02-08,18,TRANSFER,3386.56,CN,345926.78,342540.22,0,0,0,0,0,3,LOW
TXN007465,2024-07-02,19,DEBIT,1634.52,RU,272295.76,270661.24,0,0,0,1,0,31,LOW
TXN007466,2024-09-02,11,CASH_OUT,27032.35,US,420805.21,393772.86,0,0,0,0,0,16,LOW
TXN007467,2024-08-05,3,CASH_OUT,18716.95,UK,25403.61,6686.66,0,0,0,0,1,38,LOW
TXN007468,2024-07-05,13,PAYMENT,955.92,NG,280403.85,279447.93,0,0,0,1,0,31,LOW
TXN007469,2024-11-04,9,CASH_IN,11298.31,US,116029.32,127327.63,0,0,0,0,0,2,LOW
TXN007470,2024-06-27,23,CASH_OUT,14425.47,UK,162913.6,148488.13,0,1,0,0,1,61,MEDIUM
TXN007471,2024-08-14,11,DEBIT,4167.78,DE,372830.3,368662.52,0,0,0,0,0,5,LOW
TXN007472,2024-08-06,18,TRANSFER,1398.13,US,340877.91,339479.78,0,0,0,0,0,4,LOW
TXN007473,2024-11-18,9,CASH_OUT,1966.38,IR,411971.47,410005.09,0,0,0,1,0,31,LOW
TXN007474,2024-06-06,13,TRANSFER,3231.67,US,318729.91,315498.24,0,0,0,0,0,0,LOW
TXN007475,2024-06-15,7,CASH_IN,2193.96,US,368252.47,370446.43,0,0,0,0,0,2,LOW
TXN007476,2024-05-02,2,TRANSFER,70758.68,RU,464958.83,394200.15,0,1,0,1,1,100,HIGH
TXN007477,2024-07-04,15,CASH_OUT,2920.38,DE,418271.32,415350.94,0,0,0,0,0,3,LOW
TXN007478,2024-10-16,7,DEBIT,17.76,UK,432547.19,432529.43,0,0,0,0,0,5,LOW
TXN007479,2024-05-21,12,DEBIT,1501.65,CN,259892.12,258390.47,0,0,0,0,0,0,LOW
TXN007480,2024-12-04,17,PAYMENT,1331.69,IR,182936.92,181605.23,0,0,0,1,0,34,LOW
TXN007481,2024-03-21,15,PAYMENT,3550.64,US,243061.16,239510.52,0,0,0,0,0,5,LOW
TXN007482,2024-06-29,15,CASH_IN,4835.64,NG,199213.5,204049.14,0,0,0,1,0,30,LOW
TXN007483,2024-04-27,15,DEBIT,1011.4,CN,192375.16,191363.76,0,0,0,0,0,4,LOW
TXN007484,2024-12-07,12,TRANSFER,8425.09,US,14947.66,6522.57,0,0,0,0,0,2,LOW
TXN007485,2024-09-27,14,DEBIT,1348.03,UK,461589.05,460241.02,0,0,0,0,0,2,LOW
TXN007486,2024-02-02,19,CASH_OUT,1377.82,US,140846.27,139468.45,0,0,0,0,0,4,LOW
TXN007487,2024-06-15,18,DEBIT,2910.17,DE,125.75,0.0,0,0,0,0,0,2,LOW
TXN007488,2024-11-01,9,PAYMENT,2085.13,RU,425359.82,423274.69,0,0,0,1,0,35,LOW
TXN007489,2024-09-23,3,TRANSFER,77979.84,IR,449078.68,371098.84,0,0,0,1,1,91,HIGH
TXN007490,2024-01-20,17,DEBIT,2874.35,MX,146656.52,143782.17,0,0,0,0,0,0,LOW
TXN007491,2024-08-20,19,CASH_IN,4181.0,DE,143989.74,148170.74,0,0,0,0,0,5,LOW
TXN007492,2024-08-25,21,CASH_IN,3191.52,US,446257.7,449449.22,0,0,0,0,0,3,LOW
TXN007493,2024-04-03,9,TRANSFER,6699.76,MX,198061.38,191361.62,0,0,0,0,0,0,LOW
TXN007494,2024-06-23,1,CASH_OUT,81214.22,RU,215964.34,134750.12,0,0,0,1,1,91,HIGH
TXN007495,2024-12-06,7,CASH_IN,2333.92,IR,158540.19,160874.11,0,0,0,1,0,32,LOW
TXN007496,2024-08-17,8,CASH_IN,4998.23,US,86522.2,91520.43,0,0,0,0,0,1,LOW
TXN007497,2024-09-16,20,PAYMENT,2371.95,UK,238808.24,236436.29,0,0,0,0,0,1,LOW
TXN007498,2024-10-14,17,DEBIT,840.62,NG,483127.37,482286.75,0,0,0,1,0,33,LOW
TXN007499,2024-02-01,16,TRANSFER,70.96,RU,217547.94,217476.98,0,0,0,1,0,31,LOW
TXN007500,2024-03-06,12,DEBIT,3893.82,US,359596.33,355702.51,0,0,0,0,0,4,LOW
TXN007501,2024-08-05,8,DEBIT,3864.94,UK,233541.1,229676.16,0,0,0,0,0,2,LOW
TXN007502,2024-01-03,10,TRANSFER,3238.03,UK,318639.64,315401.61,0,0,0,0,0,4,LOW
TXN007503,2024-04-11,9,DEBIT,260.45,UK,317422.88,317162.43,0,0,0,0,0,0,LOW
TXN007504,2024-03-05,8,CASH_IN,1268.15,MX,159734.41,161002.56,0,0,0,0,0,1,LOW
TXN007505,2024-11-11,8,CASH_IN,199.33,RU,278227.81,278427.14,0,0,0,1,0,32,LOW
TXN007506,2024-08-08,16,DEBIT,3946.07,MX,337399.03,333452.96,0,0,0,0,0,0,LOW
TXN007507,2024-09-01,17,CASH_IN,1613.7,NG,42787.21,44400.91,0,0,0,1,0,31,LOW
TXN007508,2024-08-22,10,TRANSFER,310.11,DE,110126.09,109815.98,0,0,0,0,0,5,LOW
TXN007509,2024-12-21,13,DEBIT,8272.32,NG,240701.61,232429.29,0,0,0,1,0,33,LOW
TXN007510,2024-11-21,14,TRANSFER,4737.5,MX,388222.27,383484.77,0,0,0,0,0,1,LOW
TXN007511,2024-02-23,19,PAYMENT,659.37,US,316964.04,316304.67,0,0,0,0,0,4,LOW
TXN007512,2024-02-27,16,CASH_IN,7314.42,US,194856.63,202171.05,0,0,0,0,0,5,LOW
TXN007513,2024-07-18,11,DEBIT,3333.4,IR,88425.32,85091.92,0,0,0,1,0,30,LOW
TXN007514,2024-10-19,13,CASH_IN,3382.18,US,54475.96,57858.14,0,0,0,0,0,5,LOW
TXN007515,2024-09-28,21,PAYMENT,20320.94,UK,493040.63,472719.69,0,0,0,0,0,4,LOW
TXN007516,2024-06-15,9,CASH_IN,2428.82,NG,478357.82,480786.64,0,0,0,1,0,33,LOW
TXN007517,2024-11-26,14,PAYMENT,235.23,MX,317411.37,317176.14,0,0,0,0,0,0,LOW
TXN007518,2024-01-08,2,TRANSFER,23149.17,US,158084.17,134935.0,0,0,0,0,1,38,LOW
TXN007519,2024-09-11,21,DEBIT,1040.43,UK,239585.09,238544.66,0,0,0,0,0,0,LOW
TXN007520,2024-03-11,21,CASH_IN,10434.55,US,326343.87,336778.42,0,0,0,0,0,4,LOW
TXN007521,2024-04-15,17,DEBIT,15104.1,US,358487.29,343383.19,0,0,0,0,0,3,LOW
TXN007522,2024-04-24,9,TRANSFER,10586.13,UK,170101.2,159515.07,0,0,0,0,0,20,LOW
TXN007523,2024-05-21,13,CASH_OUT,3925.36,US,65313.39,61388.03,0,0,0,0,0,3,LOW
TXN007524,2024-10-20,20,DEBIT,423.42,NG,319928.73,319505.31,0,0,0,1,0,35,LOW
TXN007525,2024-04-08,19,CASH_OUT,3656.51,CN,222177.49,218520.98,0,0,0,0,0,4,LOW
TXN007526,2024-02-27,12,PAYMENT,6546.02,CN,392768.81,386222.79,0,0,0,0,0,3,LOW
TXN007527,2024-10-04,16,PAYMENT,2469.27,UK,387770.28,385301.01,0,0,0,0,0,1,LOW
TXN007528,2024-06-20,4,CASH_OUT,36763.64,NG,163169.36,126405.72,0,1,0,1,1,93,HIGH
TXN007529,2024-07-05,12,PAYMENT,10586.61,DE,450036.42,439449.81,0,0,0,0,0,1,LOW
TXN007530,2024-10-05,13,CASH_IN,2837.28,IR,18478.91,21316.19,0,0,0,1,0,32,LOW
TXN007531,2024-03-03,19,CASH_OUT,1365.18,US,75131.51,73766.33,0,0,0,0,0,5,LOW
TXN007532,2024-04-20,15,TRANSFER,7892.21,NG,221084.87,213192.66,0,0,0,1,0,30,LOW
TXN007533,2024-07-03,11,PAYMENT,17348.9,UK,256456.99,239108.09,0,0,0,0,0,3,LOW
TXN007534,2024-12-16,4,CASH_OUT,39362.12,IR,76140.97,36778.85,0,0,0,1,1,66,MEDIUM
TXN007535,2024-02-06,2,TRANSFER,7121.75,UK,14839.23,7717.48,0,0,0,0,1,20,LOW
TXN007536,2024-02-25,10,TRANSFER,7915.46,UK,169165.34,161249.88,0,0,0,0,0,0,LOW
TXN007537,2024-01-11,15,CASH_IN,3311.11,CN,195287.82,198598.93,0,0,0,0,0,3,LOW
TXN007538,2024-10-19,10,CASH_OUT,5762.48,CN,323328.95,317566.47,0,0,0,0,0,2,LOW
TXN007539,2024-11-12,12,CASH_IN,763.97,UK,449887.9,450651.87,0,0,0,0,0,1,LOW
TXN007540,2024-12-24,2,CASH_OUT,12510.7,IR,132286.98,119776.28,0,1,0,1,1,92,HIGH
TXN007541,2024-07-01,20,DEBIT,123.51,CN,459884.3,459760.79,0,0,0,0,0,1,LOW
TXN007542,2024-11-17,19,DEBIT,1906.61,RU,76218.83,74312.22,0,0,0,1,0,31,LOW
TXN007543,2024-12-02,17,DEBIT,1385.73,DE,104680.62,103294.89,0,0,0,0,0,4,LOW
TXN007544,2024-09-06,13,DEBIT,3623.08,DE,399068.69,395445.61,0,0,0,0,0,4,LOW
TXN007545,2024-09-21,14,PAYMENT,702.31,US,354132.38,353430.07,0,0,0,0,0,5,LOW
TXN007546,2024-02-27,15,PAYMENT,13056.9,US,347469.59,334412.69,0,0,0,0,0,0,LOW
TXN007547,2024-05-08,15,PAYMENT,845.31,US,467049.68,466204.37,0,0,0,0,0,0,LOW
TXN007548,2024-10-19,7,CASH_OUT,5474.34,US,320911.66,315437.32,0,0,0,0,0,3,LOW
TXN007549,2024-10-28,1,CASH_OUT,1027.27,MX,210895.91,209868.64,0,1,0,0,1,48,MEDIUM
TXN007550,2024-07-21,10,TRANSFER,9496.37,US,318616.15,309119.78,0,0,0,0,0,5,LOW
TXN007551,2024-12-07,19,DEBIT,4023.73,CN,169835.76,165812.03,0,0,0,0,0,4,LOW
TXN007552,2024-05-31,10,PAYMENT,11106.83,US,337600.33,326493.5,0,0,0,0,0,3,LOW
TXN007553,2024-07-15,12,DEBIT,520.26,US,402773.93,402253.67,0,0,0,0,0,5,LOW
TXN007554,2024-09-02,17,CASH_OUT,3360.8,US,199356.98,195996.18,0,0,0,0,0,1,LOW
TXN007555,2024-12-09,8,DEBIT,3548.68,US,381818.16,378269.48,0,0,0,0,0,5,LOW
TXN007556,2024-07-09,12,CASH_IN,5729.41,US,287900.72,293630.13,0,0,0,0,0,3,LOW
TXN007557,2024-07-21,14,CASH_OUT,1511.2,US,419844.59,418333.39,0,0,0,0,0,5,LOW
TXN007558,2024-03-28,19,PAYMENT,199.23,US,43627.58,43428.35,0,0,0,0,0,0,LOW
TXN007559,2024-01-31,19,CASH_OUT,396.06,UK,58433.78,58037.72,0,0,0,0,0,5,LOW
TXN007560,2024-09-13,21,CASH_IN,3328.43,US,304745.95,308074.38,0,0,0,0,0,3,LOW
TXN007561,2024-11-10,10,CASH_IN,2827.42,IR,84824.5,87651.92,0,0,0,1,0,30,LOW
TXN007562,2024-07-28,2,TRANSFER,76133.09,DE,338644.03,262510.94,0,1,0,0,1,89,HIGH
TXN007563,2024-05-23,19,PAYMENT,1851.4,IR,371766.41,369915.01,0,0,0,1,0,30,LOW
TXN007564,2024-09-13,9,CASH_OUT,802.42,IR,258198.77,257396.35,0,0,0,1,0,35,LOW
TXN007565,2024-07-14,16,DEBIT,1466.13,RU,477306.27,475840.14,0,0,0,1,0,30,LOW
TXN007566,2024-04-05,8,CASH_OUT,2372.7,IR,158818.89,156446.19,0,0,0,1,0,35,LOW
TXN007567,2024-08-18,11,DEBIT,2447.67,MX,78568.2,76120.53,0,0,0,0,0,1,LOW
TXN007568,2024-09-10,11,DEBIT,2697.18,MX,483097.62,480400.44,0,0,0,0,0,2,LOW
TXN007569,2024-03-12,16,CASH_OUT,3410.86,US,163763.53,160352.67,0,0,0,0,0,3,LOW
TXN007570,2024-03-23,19,CASH_OUT,4940.12,UK,455335.82,450395.7,0,0,0,0,0,2,LOW
TXN007571,2024-11-27,10,CASH_IN,1345.83,NG,381010.72,382356.55,0,0,0,1,0,34,LOW
TXN007572,2024-03-17,16,TRANSFER,4903.74,US,42625.13,37721.39,0,0,0,0,0,2,LOW
TXN007573,2024-03-01,15,PAYMENT,904.56,UK,120462.37,119557.81,0,0,0,0,0,3,LOW
TXN007574,2024-07-30,19,TRANSFER,6151.83,IR,276966.29,270814.46,0,0,0,1,0,30,LOW
TXN007575,2024-06-19,12,CASH_OUT,4695.93,MX,99572.69,94876.76,0,0,0,0,0,5,LOW
TXN007576,2024-03-24,20,TRANSFER,1642.48,UK,477051.69,475409.21,0,0,0,0,0,5,LOW
TXN007577,2024-04-20,8,DEBIT,1368.04,RU,102285.15,100917.11,0,0,0,1,0,30,LOW
TXN007578,2024-06-12,20,PAYMENT,1398.3,US,486580.22,485181.92,0,0,0,0,0,2,LOW
TXN007579,2024-03-07,17,TRANSFER,1805.66,IR,27902.22,26096.56,0,0,0,1,0,33,LOW
TXN007580,2024-06-10,23,CASH_OUT,14130.56,US,218424.37,204293.81,0,0,0,0,1,40,MEDIUM
TXN007581,2024-08-11,18,DEBIT,746.25,UK,354676.06,353929.81,0,0,0,0,0,1,LOW
TXN007582,2024-11-21,11,DEBIT,239.01,UK,17903.98,17664.97,0,0,0,0,0,0,LOW
TXN007583,2024-09-28,13,PAYMENT,2849.97,US,30331.7,27481.73,0,0,0,0,0,2,LOW
TXN007584,2024-08-04,20,PAYMENT,944.33,NG,242530.74,241586.41,0,0,0,1,0,33,LOW
TXN007585,2024-10-21,9,CASH_IN,1183.31,NG,144835.43,146018.74,0,0,0,1,0,34,LOW
TXN007586,2024-03-22,14,TRANSFER,241.09,DE,30796.16,30555.07,0,0,0,0,0,0,LOW
TXN007587,2024-09-13,17,CASH_IN,13357.45,UK,102173.89,115531.34,0,0,0,0,0,3,LOW
TXN007588,2024-03-05,19,CASH_IN,1068.62,NG,152375.96,153444.58,0,0,0,1,0,33,LOW
TXN007589,2024-07-17,14,CASH_OUT,700.72,MX,238272.2,237571.48,0,0,0,0,0,4,LOW
TXN007590,2024-02-08,9,DEBIT,8073.71,NG,234798.35,226724.64,0,0,0,1,0,32,LOW
TXN007591,2024-04-11,12,CASH_IN,1307.37,NG,226634.26,227941.63,0,0,0,1,0,31,LOW
TXN007592,2024-11-29,4,TRANSFER,35175.16,IR,487571.7,452396.54,0,0,0,1,1,68,MEDIUM
TXN007593,2024-01-13,4,CASH_OUT,40788.68,US,450530.96,409742.28,0,0,0,0,1,35,LOW
TXN007594,2024-12-24,3,TRANSFER,53700.65,DE,284534.53,230833.88,0,1,0,0,1,87,HIGH
TXN007595,2024-09-17,19,CASH_IN,7241.79,IR,391755.23,398997.02,0,0,0,1,0,35,LOW
TXN007596,2024-07-24,13,CASH_IN,7861.41,UK,442902.85,450764.26,0,0,0,0,0,5,LOW
TXN007597,2024-08-08,17,CASH_OUT,2038.97,DE,27205.35,25166.38,0,0,0,0,0,1,LOW
TXN007598,2024-09-14,7,CASH_IN,2547.94,US,208745.85,211293.79,0,0,0,0,0,5,LOW
TXN007599,2024-11-20,13,CASH_OUT,1307.47,RU,214761.92,213454.45,0,0,0,1,0,33,LOW
TXN007600,2024-04-15,14,TRANSFER,2985.5,CN,274233.52,271248.02,0,0,0,0,0,3,LOW
TXN007601,2024-04-04,16,PAYMENT,806.65,IR,219888.95,219082.3,0,0,0,1,0,30,LOW
TXN007602,2024-08-28,8,TRANSFER,976.21,NG,188697.84,187721.63,0,0,0,1,0,33,LOW
TXN007603,2024-07-09,11,CASH_OUT,16587.85,US,357628.35,341040.5,0,0,0,0,0,18,LOW
TXN007604,2024-11-15,12,CASH_OUT,4665.03,MX,398421.42,393756.39,0,0,0,0,0,2,LOW
TXN007605,2024-10-29,10,CASH_OUT,258.35,UK,251988.01,251729.66,0,0,0,0,0,4,LOW
TXN007606,2024-06-07,7,CASH_OUT,2151.73,RU,93953.13,91801.4,0,0,0,1,0,31,LOW
TXN007607,2024-12-04,20,CASH_IN,13055.97,US,146612.98,159668.95,0,0,0,0,0,4,LOW
TXN007608,2024-08-12,12,CASH_IN,2293.11,MX,134981.05,137274.16,0,0,0,0,0,2,LOW
TXN007609,2024-03-17,14,CASH_IN,1484.64,NG,474728.06,476212.7,0,0,0,1,0,34,LOW
TXN007610,2024-02-10,11,DEBIT,2654.31,US,276692.68,274038.37,0,0,0,0,0,0,LOW
TXN007611,2024-06-14,15,CASH_IN,12252.14,US,436234.32,448486.46,0,0,0,0,0,5,LOW
TXN007612,2024-02-10,11,CASH_OUT,2436.66,US,221481.2,219044.54,0,0,0,0,0,3,LOW
TXN007613,2024-03-02,3,TRANSFER,22352.63,US,348293.64,325941.01,0,0,0,0,1,37,LOW
TXN007614,2024-03-01,16,CASH_IN,695.26,US,494219.47,494914.73,0,0,0,0,0,0,LOW
TXN007615,2024-10-10,17,CASH_OUT,2342.01,US,88900.28,86558.27,0,0,0,0,0,5,LOW
TXN007616,2024-04-10,19,CASH_OUT,1623.31,US,301356.91,299733.6,0,0,0,0,0,0,LOW
TXN007617,2024-09-03,19,PAYMENT,3061.69,MX,443597.25,440535.56,0,0,0,0,0,0,LOW
TXN007618,2024-02-20,12,TRANSFER,11089.81,NG,146209.19,135119.38,0,0,0,1,0,35,LOW
TXN007619,2024-02-21,7,PAYMENT,995.07,CN,164665.99,163670.92,0,0,0,0,0,5,LOW
TXN007620,2024-07-01,3,CASH_OUT,2856.53,IR,173588.09,170731.56,0,1,0,1,1,78,HIGH
TXN007621,2024-03-07,17,DEBIT,3292.92,DE,298196.37,294903.45,0,0,0,0,0,2,LOW
TXN007622,2024-08-03,9,PAYMENT,2439.59,UK,228505.72,226066.13,0,0,0,0,0,1,LOW
TXN007623,2024-08-31,1,TRANSFER,15789.25,RU,446728.9,430939.65,0,0,0,1,1,67,MEDIUM
TXN007624,2024-09-04,11,CASH_IN,1569.69,NG,67919.75,69489.44,0,0,0,1,0,31,LOW
TXN007625,2024-05-06,15,DEBIT,11642.46,RU,122421.65,110779.19,0,0,0,1,0,35,LOW
TXN007626,2024-11-23,14,DEBIT,7599.77,US,30444.02,22844.25,0,0,0,0,0,4,LOW
TXN007627,2024-09-28,8,CASH_OUT,11526.7,CN,133523.95,121997.25,0,0,0,0,0,20,LOW
TXN007628,2024-06-29,15,DEBIT,3074.32,UK,342823.41,339749.09,0,0,0,0,0,4,LOW
TXN007629,2024-11-15,18,CASH_IN,5679.83,UK,251337.63,257017.46,0,0,0,0,0,2,LOW
TXN007630,2024-06-15,17,PAYMENT,2843.62,IR,209971.63,207128.01,0,0,0,1,0,32,LOW
TXN007631,2024-11-28,17,CASH_OUT,138.77,CN,34103.76,33964.99,0,0,0,0,0,3,LOW
TXN007632,2024-10-21,8,TRANSFER,776.6,CN,2119.84,1343.24,0,0,0,0,0,4,LOW
TXN007633,2024-11-04,19,CASH_OUT,978.98,US,30833.11,29854.13,0,0,0,0,0,3,LOW
TXN007634,2024-11-09,7,DEBIT,4274.38,CN,324177.77,319903.39,0,0,0,0,0,0,LOW
TXN007635,2024-08-31,1,TRANSFER,21799.14,UK,428973.82,407174.68,0,0,0,0,1,39,LOW
TXN007636,2024-02-22,11,TRANSFER,187.85,CN,255820.05,255632.2,0,0,0,0,0,3,LOW
TXN007637,2024-11-12,14,TRANSFER,310.78,CN,301791.7,301480.92,0,0,0,0,0,5,LOW
TXN007638,2024-06-24,20,DEBIT,617.21,US,91576.5,90959.29,0,0,0,0,0,2,LOW
TXN007639,2024-03-07,1,CASH_OUT,22092.52,IR,36784.93,14692.41,0,1,0,1,1,95,HIGH
TXN007640,2024-06-21,12,CASH_OUT,1541.25,UK,145247.85,143706.6,0,0,0,0,0,3,LOW
TXN007641,2024-11-19,18,CASH_OUT,8645.04,NG,13304.71,4659.67,0,0,0,1,0,33,LOW
TXN007642,2024-09-01,14,DEBIT,266.05,UK,436765.57,436499.52,0,0,0,0,0,1,LOW
TXN007643,2024-05-04,18,DEBIT,5009.61,US,74856.66,69847.05,0,0,0,0,0,4,LOW
TXN007644,2024-01-14,8,CASH_IN,783.06,DE,188872.18,189655.24,0,0,0,0,0,4,LOW
TXN007645,2024-06-06,7,CASH_IN,394.96,CN,251090.7,251485.66,0,0,0,0,0,0,LOW
TXN007646,2024-11-29,11,TRANSFER,1092.75,NG,272276.42,271183.67,0,0,0,1,0,31,LOW
TXN007647,2024-05-13,12,CASH_OUT,2903.29,US,296990.29,294087.0,0,0,0,0,0,0,LOW
TXN007648,2024-10-22,16,TRANSFER,91.63,RU,278964.76,278873.13,0,0,0,1,0,31,LOW
TXN007649,2024-10-01,18,CASH_IN,343.8,US,450544.97,450888.77,0,0,0,0,0,0,LOW
TXN007650,2024-02-09,18,TRANSFER,1022.78,US,74408.12,73385.34,0,0,0,0,0,3,LOW
TXN007651,2024-01-09,12,TRANSFER,1759.6,CN,282900.73,281141.13,0,0,0,0,0,0,LOW
TXN007652,2024-08-10,12,CASH_OUT,440.81,US,3004.53,2563.72,0,0,0,0,0,5,LOW
TXN007653,2024-10-19,3,CASH_OUT,34047.94,IR,172848.36,138800.42,0,0,0,1,1,66,MEDIUM
TXN007654,2024-03-16,21,DEBIT,231.65,RU,78192.87,77961.22,0,0,0,1,0,35,LOW
TXN007655,2024-07-17,1,CASH_OUT,15668.83,US,408920.81,393251.98,0,1,0,0,1,65,MEDIUM
TXN007656,2024-12-22,13,PAYMENT,4127.4,US,278514.7,274387.3,0,0,0,0,0,5,LOW
TXN007657,2024-09-29,20,TRANSFER,327.1,US,47852.84,47525.74,0,0,0,0,0,0,LOW
TXN007658,2024-09-20,11,CASH_OUT,9386.03,UK,87496.73,78110.7,0,0,0,0,0,1,LOW
TXN007659,2024-09-05,4,TRANSFER,27775.57,NG,227770.33,199994.76,0,0,0,1,1,68,MEDIUM
TXN007660,2024-08-26,18,PAYMENT,9270.65,UK,314062.24,304791.59,0,0,0,0,0,3,LOW
TXN007661,2024-06-13,8,PAYMENT,2908.74,RU,247106.84,244198.1,0,0,0,1,0,30,LOW
TXN007662,2024-11-05,12,DEBIT,4191.47,CN,94872.14,90680.67,0,0,0,0,0,2,LOW
TXN007663,2024-02-23,16,CASH_OUT,3865.96,NG,468350.23,464484.27,0,0,0,1,0,31,LOW
TXN007664,2024-04-23,21,PAYMENT,4004.03,US,328563.37,324559.34,0,0,0,0,0,0,LOW
TXN007665,2024-09-28,10,PAYMENT,2662.12,US,491559.56,488897.44,0,0,0,0,0,3,LOW
TXN007666,2024-07-24,21,TRANSFER,2494.84,US,257711.68,255216.84,0,0,0,0,0,3,LOW
TXN007667,2024-01-29,18,PAYMENT,1837.56,US,226457.31,224619.75,0,0,0,0,0,3,LOW
TXN007668,2024-07-20,10,DEBIT,1652.37,US,189284.93,187632.56,0,0,0,0,0,0,LOW
TXN007669,2024-11-13,16,CASH_OUT,3633.79,US,308526.88,304893.09,0,0,0,0,0,5,LOW
TXN007670,2024-11-26,17,DEBIT,1873.09,DE,333840.61,331967.52,0,0,0,0,0,2,LOW
TXN007671,2024-08-05,17,PAYMENT,292.08,DE,448544.13,448252.05,0,0,0,0,0,4,LOW
TXN007672,2024-04-12,12,TRANSFER,8270.01,CN,459247.43,450977.42,0,0,0,0,0,5,LOW
TXN007673,2024-03-14,16,CASH_OUT,1625.29,US,439344.15,437718.86,0,0,0,0,0,5,LOW
TXN007674,2024-12-07,13,DEBIT,4454.87,DE,498000.24,493545.37,0,0,0,0,0,4,LOW
TXN007675,2024-03-17,7,DEBIT,249.16,CN,479314.9,479065.74,0,0,0,0,0,2,LOW
TXN007676,2024-04-05,8,TRANSFER,9385.5,DE,88791.91,79406.41,0,0,0,0,0,2,LOW
TXN007677,2024-02-29,7,CASH_OUT,895.13,UK,459041.84,458146.71,0,0,0,0,0,1,LOW
TXN007678,2024-01-09,19,TRANSFER,3835.89,US,489833.07,485997.18,0,0,0,0,0,4,LOW
TXN007679,2024-04-09,8,PAYMENT,878.48,RU,158961.19,158082.71,0,0,0,1,0,33,LOW
TXN007680,2024-03-28,19,DEBIT,1803.7,UK,80092.99,78289.29,0,0,0,0,0,2,LOW
TXN007681,2024-10-13,14,CASH_IN,2062.68,UK,369954.03,372016.71,0,0,0,0,0,1,LOW
TXN007682,2024-09-08,9,PAYMENT,1980.19,US,889.13,0.0,0,0,0,0,0,0,LOW
TXN007683,2024-07-29,14,CASH_IN,1671.64,CN,102760.98,104432.62,0,0,0,0,0,0,LOW
TXN007684,2024-11-12,16,TRANSFER,1010.99,MX,198239.0,197228.01,0,0,0,0,0,0,LOW
TXN007685,2024-02-09,13,TRANSFER,376.08,US,246308.75,245932.67,0,0,0,0,0,5,LOW
TXN007686,2024-07-15,16,TRANSFER,2486.3,DE,186507.64,184021.34,0,0,0,0,0,4,LOW
TXN007687,2024-09-28,18,CASH_IN,10009.58,US,83460.06,93469.64,0,0,0,0,0,1,LOW
TXN007688,2024-12-03,7,DEBIT,1198.65,IR,395211.83,394013.18,0,0,0,1,0,31,LOW
TXN007689,2024-06-07,13,TRANSFER,1519.77,US,132807.93,131288.16,0,0,0,0,0,2,LOW
TXN007690,2024-09-25,2,CASH_OUT,88554.8,US,1748.62,0.0,0,0,0,0,1,65,MEDIUM
TXN007691,2024-08-27,9,CASH_OUT,6569.9,MX,293451.7,286881.8,0,0,0,0,0,2,LOW
TXN007692,2024-04-11,15,CASH_OUT,15399.92,MX,243981.76,228581.84,0,0,0,0,0,20,LOW
TXN007693,2024-11-12,14,CASH_IN,863.86,CN,177603.03,178466.89,0,0,0,0,0,0,LOW
TXN007694,2024-10-10,21,PAYMENT,449.67,RU,80255.67,79806.0,0,0,0,1,0,34,LOW
TXN007695,2024-08-15,18,CASH_IN,116.72,US,152372.53,152489.25,0,0,0,0,0,5,LOW
TXN007696,2024-08-09,12,CASH_IN,5665.13,NG,118799.53,124464.66,0,0,0,1,0,31,LOW
TXN007697,2024-11-06,12,DEBIT,4614.63,US,88048.38,83433.75,0,0,0,0,0,0,LOW
TXN007698,2024-01-29,12,CASH_OUT,1917.27,US,169805.65,167888.38,0,0,0,0,0,1,LOW
TXN007699,2024-02-27,10,PAYMENT,1092.6,CN,300522.65,299430.05,0,0,0,0,0,4,LOW
TXN007700,2024-11-16,1,TRANSFER,70581.97,RU,834.89,0.0,0,0,0,1,1,94,HIGH
TXN007701,2024-11-16,20,CASH_IN,3480.06,DE,264407.39,267887.45,0,0,0,0,0,3,LOW
TXN007702,2024-10-20,21,CASH_OUT,5603.29,CN,467274.7,461671.41,0,0,0,0,0,2,LOW
TXN007703,2024-04-23,8,PAYMENT,1792.0,CN,372.33,0.0,0,0,0,0,0,4,LOW
TXN007704,2024-08-02,13,CASH_IN,528.22,US,226877.53,227405.75,0,0,0,0,0,1,LOW
TXN007705,2024-05-12,17,TRANSFER,4221.05,UK,311788.84,307567.79,0,0,0,0,0,0,LOW
TXN007706,2024-08-14,16,PAYMENT,46.13,US,415008.74,414962.61,0,0,0,0,0,5,LOW
TXN007707,2024-05-24,11,CASH_IN,2738.42,US,302454.43,305192.85,0,0,0,0,0,5,LOW
TXN007708,2024-06-17,20,PAYMENT,773.12,MX,210609.98,209836.86,0,0,0,0,0,0,LOW
TXN007709,2024-10-30,17,CASH_OUT,1725.83,US,397795.74,396069.91,0,0,0,0,0,0,LOW
TXN007710,2024-11-10,8,TRANSFER,8215.07,US,67470.37,59255.3,0,0,0,0,0,4,LOW
TXN007711,2024-11-01,10,CASH_OUT,4227.58,NG,302580.2,298352.62,0,0,0,1,0,32,LOW
TXN007712,2024-01-04,19,CASH_OUT,7241.22,CN,162059.34,154818.12,0,0,0,0,0,3,LOW
TXN007713,2024-09-24,18,TRANSFER,899.0,US,193031.31,192132.31,0,0,0,0,0,3,LOW
TXN007714,2024-10-18,20,CASH_OUT,808.82,DE,210489.68,209680.86,0,0,0,0,0,4,LOW
TXN007715,2024-02-26,23,TRANSFER,52805.11,IR,63944.08,11138.97,0,1,0,1,1,100,HIGH
TXN007716,2024-08-11,14,PAYMENT,2924.09,US,488817.56,485893.47,0,0,0,0,0,1,LOW
TXN007717,2024-12-13,18,PAYMENT,2914.5,US,262456.47,259541.97,0,0,0,0,0,5,LOW
TXN007718,2024-07-16,8,DEBIT,1209.3,RU,190871.48,189662.18,0,0,0,1,0,33,LOW
TXN007719,2024-12-10,11,CASH_OUT,2395.72,RU,267789.15,265393.43,0,0,0,1,0,32,LOW
TXN007720,2024-12-15,15,PAYMENT,7397.25,UK,93558.96,86161.71,0,0,0,0,0,1,LOW
TXN007721,2024-02-17,11,DEBIT,10299.88,RU,186373.81,176073.93,0,0,0,1,0,32,LOW
TXN007722,2024-06-15,15,PAYMENT,5611.8,UK,422442.52,416830.72,0,0,0,0,0,3,LOW
TXN007723,2024-01-21,20,CASH_OUT,4736.73,US,122630.62,117893.89,0,0,0,0,0,3,LOW
TXN007724,2024-04-16,9,TRANSFER,2309.09,UK,102307.17,99998.08,0,0,0,0,0,0,LOW
TXN007725,2024-07-17,15,TRANSFER,11808.96,US,358592.7,346783.74,0,0,0,0,0,18,LOW
TXN007726,2024-05-18,14,CASH_IN,1688.88,CN,435597.27,437286.15,0,0,0,0,0,2,LOW
TXN007727,2024-08-17,9,DEBIT,2606.58,US,287869.04,285262.46,0,0,0,0,0,5,LOW
TXN007728,2024-02-07,18,CASH_IN,590.46,US,178914.3,179504.76,0,0,0,0,0,4,LOW
TXN007729,2024-12-13,11,CASH_IN,1148.18,IR,415891.64,417039.82,0,0,0,1,0,34,LOW
TXN007730,2024-03-11,13,TRANSFER,2496.62,DE,384387.15,381890.53,0,0,0,0,0,4,LOW
TXN007731,2024-03-11,18,DEBIT,3630.68,DE,179131.45,175500.77,0,0,0,0,0,1,LOW
TXN007732,2024-07-10,9,TRANSFER,5215.41,US,249413.37,244197.96,0,0,0,0,0,1,LOW
TXN007733,2024-10-17,16,CASH_IN,1290.37,UK,30659.2,31949.57,0,0,0,0,0,0,LOW
TXN007734,2024-08-21,10,TRANSFER,3172.63,UK,252643.9,249471.27,0,0,0,0,0,4,LOW
TXN007735,2024-02-08,18,CASH_OUT,1261.59,UK,273237.59,271976.0,0,0,0,0,0,1,LOW
TXN007736,2024-05-12,19,CASH_IN,8770.64,CN,408050.76,416821.4,0,0,0,0,0,1,LOW
TXN007737,2024-03-27,19,CASH_OUT,78.59,IR,182750.83,182672.24,0,0,0,1,0,35,LOW
TXN007738,2024-05-25,3,TRANSFER,73307.37,IR,60541.92,0.0,0,1,0,1,1,100,HIGH
TXN007739,2024-10-26,19,CASH_IN,580.61,UK,499802.91,500383.52,0,0,0,0,0,1,LOW
TXN007740,2024-01-07,11,CASH_IN,2315.91,US,101711.39,104027.3,0,0,0,0,0,4,LOW
TXN007741,2024-06-08,12,DEBIT,1253.18,RU,166232.81,164979.63,0,0,0,1,0,31,LOW
TXN007742,2024-03-01,23,TRANSFER,13024.22,US,291517.21,278492.99,0,1,0,0,1,62,MEDIUM
TXN007743,2024-10-01,11,TRANSFER,74.32,US,306810.94,306736.62,0,0,0,0,0,3,LOW
TXN007744,2024-02-21,1,TRANSFER,59934.24,IR,132592.73,72658.49,0,0,0,1,1,94,HIGH
TXN007745,2024-05-26,7,PAYMENT,417.31,RU,314392.52,313975.21,0,0,0,1,0,31,LOW
TXN007746,2024-03-09,19,PAYMENT,4607.03,DE,110356.74,105749.71,0,0,0,0,0,4,LOW
TXN007747,2024-06-27,18,TRANSFER,2744.35,US,81843.0,79098.65,0,0,0,0,0,2,LOW
TXN007748,2024-09-30,14,TRANSFER,1468.07,NG,270288.4,268820.33,0,0,0,1,0,31,LOW
TXN007749,2024-11-23,15,CASH_IN,514.96,DE,319800.17,320315.13,0,0,0,0,0,2,LOW
TXN007750,2024-01-30,7,CASH_IN,7941.17,DE,101397.62,109338.79,0,0,0,0,0,0,LOW
TXN007751,2024-12-04,18,PAYMENT,1534.74,MX,247524.83,245990.09,0,0,0,0,0,3,LOW
TXN007752,2024-09-28,19,PAYMENT,3194.47,IR,248145.06,244950.59,0,0,0,1,0,33,LOW
TXN007753,2024-02-29,11,CASH_OUT,1863.12,IR,78691.29,76828.17,0,0,0,1,0,35,LOW
TXN007754,2024-04-07,10,PAYMENT,2705.42,DE,298964.17,296258.75,0,0,0,0,0,3,LOW
TXN007755,2024-01-07,11,TRANSFER,255.85,US,476784.47,476528.62,0,0,0,0,0,1,LOW
TXN007756,2024-11-12,18,TRANSFER,2870.57,NG,31712.47,28841.9,0,0,0,1,0,35,LOW
TXN007757,2024-01-05,21,CASH_IN,615.94,IR,286385.99,287001.93,0,0,0,1,0,34,LOW
TXN007758,2024-09-05,18,TRANSFER,2728.32,UK,468836.69,466108.37,0,0,0,0,0,4,LOW
TXN007759,2024-01-06,20,CASH_IN,348.36,MX,104891.26,105239.62,0,0,0,0,0,1,LOW
TXN007760,2024-10-10,17,CASH_IN,1544.29,US,149759.44,151303.73,0,0,0,0,0,5,LOW
TXN007761,2024-06-23,15,TRANSFER,5297.08,UK,40320.35,35023.27,0,0,0,0,0,3,LOW
TXN007762,2024-11-01,9,CASH_OUT,6011.68,US,230553.08,224541.4,0,0,0,0,0,2,LOW
TXN007763,2024-08-21,19,DEBIT,2050.93,DE,203419.15,201368.22,0,0,0,0,0,0,LOW
TXN007764,2024-07-17,19,TRANSFER,3180.39,NG,442064.64,438884.25,0,0,0,1,0,31,LOW
TXN007765,2024-02-27,18,CASH_OUT,5307.76,US,286130.08,280822.32,0,0,0,0,0,2,LOW
TXN007766,2024-08-16,19,PAYMENT,17269.79,UK,238786.42,221516.63,0,0,0,0,0,3,LOW
TXN007767,2024-06-22,13,TRANSFER,8401.48,US,400316.2,391914.72,0,0,0,0,0,0,LOW
TXN007768,2024-07-21,11,PAYMENT,161.99,US,65526.05,65364.06,0,0,0,0,0,5,LOW
TXN007769,2024-07-21,21,CASH_IN,1346.29,DE,409206.89,410553.18,0,0,0,0,0,1,LOW
TXN007770,2024-05-10,16,DEBIT,3819.54,CN,495214.1,491394.56,0,0,0,0,0,1,LOW
TXN007771,2024-05-07,11,PAYMENT,10048.47,US,170761.61,160713.14,0,0,0,0,0,5,LOW
TXN007772,2024-08-14,7,CASH_IN,20160.44,UK,1901.4,22061.84,0,0,0,0,0,5,LOW
TXN007773,2024-05-15,21,CASH_OUT,2.09,NG,140377.46,140375.37,0,0,0,1,0,31,LOW
TXN007774,2024-08-18,19,DEBIT,1131.19,UK,349810.88,348679.69,0,0,0,0,0,4,LOW
TXN007775,2024-07-10,18,CASH_IN,372.83,DE,159044.01,159416.84,0,0,0,0,0,3,LOW
TXN007776,2024-06-08,9,CASH_IN,783.47,DE,81396.17,82179.64,0,0,0,0,0,3,LOW
TXN007777,2024-10-08,20,CASH_OUT,13677.14,IR,268788.58,255111.44,0,0,0,1,0,35,LOW
TXN007778,2024-01-18,14,TRANSFER,3276.88,US,135222.26,131945.38,0,0,0,0,0,4,LOW
TXN007779,2024-07-31,12,TRANSFER,1714.43,CN,492125.57,490411.14,0,0,0,0,0,1,LOW
TXN007780,2024-03-17,13,PAYMENT,2702.84,NG,373475.37,370772.53,0,0,0,1,0,31,LOW
TXN007781,2024-04-17,12,CASH_IN,4095.77,US,451329.52,455425.29,0,0,0,0,0,5,LOW
TXN007782,2024-03-16,16,PAYMENT,1367.22,CN,350177.5,348810.28,0,0,0,0,0,3,LOW
TXN007783,2024-03-05,18,CASH_OUT,1952.04,US,252178.1,250226.06,0,0,0,0,0,5,LOW
TXN007784,2024-02-13,11,CASH_IN,2213.18,US,111425.15,113638.33,0,0,0,0,0,0,LOW
TXN007785,2024-09-29,10,CASH_OUT,1990.36,MX,110906.14,108915.78,0,0,0,0,0,0,LOW
TXN007786,2024-11-16,20,TRANSFER,2632.97,RU,40502.76,37869.79,0,0,0,1,0,31,LOW
TXN007787,2024-07-23,2,CASH_OUT,5357.48,US,314253.14,308895.66,0,0,0,0,1,22,LOW
TXN007788,2024-06-26,16,DEBIT,1234.58,MX,144275.43,143040.85,0,0,0,0,0,0,LOW
TXN007789,2024-10-29,20,DEBIT,2182.58,US,157434.67,155252.09,0,0,0,0,0,5,LOW
TXN007790,2024-07-07,14,CASH_OUT,2001.87,UK,410700.55,408698.68,0,0,0,0,0,0,LOW
TXN007791,2024-11-20,18,PAYMENT,2213.45,IR,245554.56,243341.11,0,0,0,1,0,34,LOW
TXN007792,2024-03-06,13,TRANSFER,635.14,RU,469701.92,469066.78,0,0,0,1,0,33,LOW
TXN007793,2024-11-20,19,CASH_OUT,1883.45,NG,316712.87,314829.42,0,0,0,1,0,35,LOW
TXN007794,2024-09-01,17,TRANSFER,9156.11,DE,316342.28,307186.17,0,0,0,0,0,1,LOW
TXN007795,2024-12-09,9,PAYMENT,96.14,UK,327770.94,327674.8,0,0,0,0,0,0,LOW
TXN007796,2024-09-18,15,PAYMENT,8984.01,UK,38993.72,30009.71,0,0,0,0,0,0,LOW
TXN007797,2024-04-22,13,TRANSFER,2723.17,US,329717.52,326994.35,0,0,0,0,0,1,LOW
TXN007798,2024-03-27,11,CASH_OUT,471.18,US,217354.94,216883.76,0,0,0,0,0,1,LOW
TXN007799,2024-02-23,9,CASH_IN,390.11,US,145401.23,145791.34,0,0,0,0,0,1,LOW
TXN007800,2024-10-13,19,CASH_OUT,1440.95,US,411359.34,409918.39,0,0,0,0,0,4,LOW
TXN007801,2024-03-03,12,TRANSFER,3551.03,IR,104211.24,100660.21,0,0,0,1,0,34,LOW
TXN007802,2024-07-10,17,DEBIT,2694.91,IR,92069.84,89374.93,0,0,0,1,0,33,LOW
TXN007803,2024-04-15,13,PAYMENT,2155.36,IR,200216.25,198060.89,0,0,0,1,0,30,LOW
TXN007804,2024-02-13,19,TRANSFER,365.8,NG,27681.55,27315.75,0,0,0,1,0,33,LOW
TXN007805,2024-09-28,8,DEBIT,7064.93,NG,261794.12,254729.19,0,0,0,1,0,30,LOW
TXN007806,2024-04-21,20,DEBIT,1757.73,US,285035.67,283277.94,0,0,0,0,0,1,LOW
TXN007807,2024-09-25,15,DEBIT,8819.59,IR,424625.48,415805.89,0,0,0,1,0,34,LOW
TXN007808,2024-02-18,13,CASH_OUT,2309.26,RU,5245.95,2936.69,0,0,0,1,0,31,LOW
TXN007809,2024-07-09,17,DEBIT,4169.34,CN,28718.06,24548.72,0,0,0,0,0,5,LOW
TXN007810,2024-09-22,20,CASH_IN,1424.96,DE,391492.0,392916.96,0,0,0,0,0,1,LOW
TXN007811,2024-07-17,19,CASH_IN,764.62,UK,318939.16,319703.78,0,0,0,0,0,2,LOW
TXN007812,2024-03-30,14,TRANSFER,4394.66,NG,374663.35,370268.69,0,0,0,1,0,32,LOW
TXN007813,2024-07-16,8,CASH_IN,683.67,UK,252177.34,252861.01,0,0,0,0,0,4,LOW
TXN007814,2024-12-19,20,TRANSFER,2453.34,US,273617.03,271163.69,0,0,0,0,0,1,LOW
TXN007815,2024-11-29,1,CASH_OUT,56720.67,US,48946.7,0.0,0,1,0,0,1,89,HIGH
TXN007816,2024-02-28,21,CASH_IN,3766.02,US,424053.23,427819.25,0,0,0,0,0,1,LOW
TXN007817,2024-01-16,20,TRANSFER,625.37,UK,117697.06,117071.69,0,0,0,0,0,5,LOW
TXN007818,2024-05-15,2,TRANSFER,125469.06,NG,139400.65,13931.59,0,0,0,1,1,93,HIGH
TXN007819,2024-10-31,23,TRANSFER,24387.47,US,366838.9,342451.43,0,1,0,0,1,65,MEDIUM
TXN007820,2024-08-05,15,CASH_OUT,2884.23,UK,322729.83,319845.6,0,0,0,0,0,3,LOW
TXN007821,2024-02-07,11,TRANSFER,687.97,US,484270.52,483582.55,0,0,0,0,0,1,LOW
TXN007822,2024-10-31,18,DEBIT,5018.61,MX,235009.25,229990.64,0,0,0,0,0,0,LOW
TXN007823,2024-10-30,17,PAYMENT,8127.62,IR,432517.61,424389.99,0,0,0,1,0,30,LOW
TXN007824,2024-08-23,9,DEBIT,3613.98,UK,408575.81,404961.83,0,0,0,0,0,1,LOW
TXN007825,2024-11-16,16,DEBIT,4462.72,UK,238661.67,234198.95,0,0,0,0,0,3,LOW
TXN007826,2024-11-27,20,PAYMENT,1354.22,MX,317582.0,316227.78,0,0,0,0,0,5,LOW
TXN007827,2024-09-23,17,CASH_IN,9165.84,US,185696.09,194861.93,0,0,0,0,0,3,LOW
TXN007828,2024-01-31,7,TRANSFER,5140.4,RU,332834.18,327693.78,0,0,0,1,0,31,LOW
TXN007829,2024-05-25,15,CASH_OUT,1707.75,UK,422982.26,421274.51,0,0,0,0,0,2,LOW
TXN007830,2024-07-28,12,CASH_IN,830.49,NG,14675.56,15506.05,0,0,0,1,0,31,LOW
TXN007831,2024-08-17,15,TRANSFER,106.7,UK,468535.68,468428.98,0,0,0,0,0,5,LOW
TXN007832,2024-11-03,13,PAYMENT,296.21,US,438877.51,438581.3,0,0,0,0,0,0,LOW
TXN007833,2024-12-05,12,CASH_IN,4439.16,NG,285225.22,289664.38,0,0,0,1,0,32,LOW
TXN007834,2024-05-13,16,PAYMENT,3018.72,UK,489450.2,486431.48,0,0,0,0,0,5,LOW
TXN007835,2024-10-29,15,TRANSFER,342.04,US,166064.15,165722.11,0,0,0,0,0,0,LOW
TXN007836,2024-12-06,13,CASH_OUT,7729.96,RU,132950.51,125220.55,0,0,0,1,0,35,LOW
TXN007837,2024-09-24,14,CASH_OUT,1240.62,DE,34841.81,33601.19,0,0,0,0,0,2,LOW
TXN007838,2024-01-08,18,DEBIT,2216.65,CN,446263.1,444046.45,0,0,0,0,0,2,LOW
TXN007839,2024-11-04,10,CASH_IN,2114.24,US,228461.42,230575.66,0,0,0,0,0,4,LOW
TXN007840,2024-10-02,8,TRANSFER,1388.98,DE,290396.86,289007.88,0,0,0,0,0,0,LOW
TXN007841,2024-10-10,11,CASH_OUT,12192.51,US,467385.65,455193.14,0,0,0,0,0,19,LOW
TXN007842,2024-01-14,13,PAYMENT,4287.55,RU,132895.78,128608.23,0,0,0,1,0,34,LOW
TXN007843,2024-01-25,18,CASH_IN,39.97,NG,122442.6,122482.57,0,0,0,1,0,30,LOW
TXN007844,2024-01-26,12,PAYMENT,6875.1,CN,271757.18,264882.08,0,0,0,0,0,5,LOW
TXN007845,2024-06-23,16,CASH_IN,1614.76,DE,830.11,2444.87,0,0,0,0,0,1,LOW
TXN007846,2024-02-27,7,CASH_IN,3553.38,US,168869.19,172422.57,0,0,0,0,0,4,LOW
TXN007847,2024-08-28,3,TRANSFER,73380.44,RU,126521.49,53141.05,0,0,0,1,1,95,HIGH
TXN007848,2024-03-29,7,CASH_OUT,347.12,IR,139069.21,138722.09,0,0,0,1,0,32,LOW
TXN007849,2024-01-24,7,PAYMENT,722.82,RU,155305.1,154582.28,0,0,0,1,0,34,LOW
TXN007850,2024-02-03,18,CASH_IN,3762.66,UK,237608.21,241370.87,0,0,0,0,0,4,LOW
TXN007851,2024-03-30,18,DEBIT,3721.2,UK,144941.55,141220.35,0,0,0,0,0,0,LOW
TXN007852,2024-10-29,18,DEBIT,2770.87,DE,364484.05,361713.18,0,0,0,0,0,1,LOW
TXN007853,2024-12-17,20,CASH_OUT,5951.75,US,390544.9,384593.15,0,0,0,0,0,2,LOW
TXN007854,2024-08-20,10,DEBIT,2143.69,MX,310694.15,308550.46,0,0,0,0,0,4,LOW
TXN007855,2024-10-19,10,CASH_IN,4686.56,UK,208342.14,213028.7,0,0,0,0,0,5,LOW
TXN007856,2024-06-28,10,CASH_IN,2664.67,RU,149670.88,152335.55,0,0,0,1,0,35,LOW
TXN007857,2024-12-22,8,CASH_IN,516.29,CN,295908.23,296424.52,0,0,0,0,0,3,LOW
TXN007858,2024-06-25,14,TRANSFER,1818.34,DE,378973.41,377155.07,0,0,0,0,0,1,LOW
TXN007859,2024-07-09,16,CASH_IN,501.45,CN,119202.28,119703.73,0,0,0,0,0,2,LOW
TXN007860,2024-08-30,16,DEBIT,192.73,IR,130295.23,130102.5,0,0,0,1,0,31,LOW
TXN007861,2024-05-17,16,PAYMENT,11122.71,UK,227315.43,216192.72,0,0,0,0,0,0,LOW
TXN007862,2024-11-02,13,TRANSFER,7468.95,MX,237864.09,230395.14,0,0,0,0,0,1,LOW
TXN007863,2024-11-21,8,TRANSFER,3813.35,MX,423084.67,419271.32,0,0,0,0,0,5,LOW
TXN007864,2024-05-05,10,CASH_OUT,1225.66,IR,212065.99,210840.33,0,0,0,1,0,34,LOW
TXN007865,2024-07-14,14,TRANSFER,6260.61,UK,364401.24,358140.63,0,0,0,0,0,1,LOW
TXN007866,2024-11-14,3,TRANSFER,81237.36,RU,75096.51,0.0,0,1,0,1,1,100,HIGH
TXN007867,2024-07-11,12,DEBIT,3847.22,MX,221333.82,217486.6,0,0,0,0,0,0,LOW
TXN007868,2024-03-04,20,CASH_IN,1439.55,RU,415426.55,416866.1,0,0,0,1,0,34,LOW
TXN007869,2024-10-04,8,TRANSFER,3419.73,US,84161.18,80741.45,0,0,0,0,0,1,LOW
TXN007870,2024-02-29,15,CASH_OUT,8285.1,US,799.84,0.0,0,0,0,0,0,2,LOW
TXN007871,2024-01-02,16,PAYMENT,8121.7,US,325961.31,317839.61,0,0,0,0,0,5,LOW
TXN007872,2024-03-07,21,TRANSFER,7198.43,NG,241591.52,234393.09,0,0,0,1,0,33,LOW
TXN007873,2024-08-21,11,PAYMENT,537.05,US,120150.95,119613.9,0,0,0,0,0,2,LOW
TXN007874,2024-05-08,11,PAYMENT,2398.65,NG,327104.34,324705.69,0,0,0,1,0,32,LOW
TXN007875,2024-03-29,16,CASH_OUT,16.25,IR,365274.28,365258.03,0,0,0,1,0,31,LOW
TXN007876,2024-05-28,19,CASH_IN,1881.97,US,176660.78,178542.75,0,0,0,0,0,4,LOW
TXN007877,2024-05-21,7,DEBIT,19156.32,MX,380449.46,361293.14,0,0,0,0,0,4,LOW
TXN007878,2024-05-10,11,DEBIT,35.34,IR,415725.14,415689.8,0,0,0,1,0,31,LOW
TXN007879,2024-03-12,14,CASH_IN,24990.23,US,447615.24,472605.47,0,0,0,0,0,1,LOW
TXN007880,2024-02-10,8,DEBIT,1172.56,UK,296906.26,295733.7,0,0,0,0,0,1,LOW
TXN007881,2024-08-16,16,DEBIT,566.34,US,478661.71,478095.37,0,0,0,0,0,0,LOW
TXN007882,2024-10-30,20,DEBIT,9484.57,US,421406.1,411921.53,0,0,0,0,0,0,LOW
TXN007883,2024-02-22,16,CASH_OUT,2625.33,UK,147274.31,144648.98,0,0,0,0,0,4,LOW
TXN007884,2024-04-16,13,TRANSFER,2722.5,RU,329757.64,327035.14,0,0,0,1,0,32,LOW
TXN007885,2024-11-10,11,DEBIT,3956.67,IR,190207.09,186250.42,0,0,0,1,0,34,LOW
TXN007886,2024-10-23,10,CASH_IN,3260.04,UK,321643.83,324903.87,0,0,0,0,0,2,LOW
TXN007887,2024-03-08,9,CASH_IN,1432.19,US,123028.65,124460.84,0,0,0,0,0,5,LOW
TXN007888,2024-05-06,10,DEBIT,1111.79,UK,368822.85,367711.06,0,0,0,0,0,3,LOW
TXN007889,2024-04-02,15,CASH_OUT,3994.4,UK,268552.77,264558.37,0,0,0,0,0,4,LOW
TXN007890,2024-05-12,18,TRANSFER,1815.14,NG,453341.8,451526.66,0,0,0,1,0,31,LOW
TXN007891,2024-03-12,21,CASH_IN,116.21,UK,470378.51,470494.72,0,0,0,0,0,3,LOW
TXN007892,2024-05-21,20,TRANSFER,584.91,MX,68440.76,67855.85,0,0,0,0,0,2,LOW
TXN007893,2024-11-03,21,TRANSFER,10551.59,US,147743.65,137192.06,0,0,0,0,0,15,LOW
TXN007894,2024-10-02,20,TRANSFER,5224.59,IR,251874.4,246649.81,0,0,0,1,0,34,LOW
TXN007895,2024-11-29,8,CASH_OUT,150.91,NG,95665.47,95514.56,0,0,0,1,0,31,LOW
TXN007896,2024-05-04,17,DEBIT,63.86,UK,417813.23,417749.37,0,0,0,0,0,1,LOW
TXN007897,2024-01-31,16,TRANSFER,5546.81,RU,212005.83,206459.02,0,0,0,1,0,31,LOW
TXN007898,2024-05-16,8,DEBIT,6850.16,MX,403496.69,396646.53,0,0,0,0,0,1,LOW
TXN007899,2024-03-01,8,TRANSFER,557.73,RU,483368.13,482810.4,0,0,0,1,0,31,LOW
TXN007900,2024-07-29,7,CASH_OUT,171.36,US,56861.71,56690.35,0,0,0,0,0,2,LOW
TXN007901,2024-04-23,19,TRANSFER,7728.55,IR,363708.06,355979.51,0,0,0,1,0,32,LOW
TXN007902,2024-08-31,10,DEBIT,4461.09,RU,429233.09,424772.0,0,0,0,1,0,30,LOW
TXN007903,2024-05-20,8,CASH_OUT,5977.38,MX,419888.86,413911.48,0,0,0,0,0,5,LOW
TXN007904,2024-06-28,12,DEBIT,652.76,MX,282104.51,281451.75,0,0,0,0,0,3,LOW
TXN007905,2024-07-24,14,TRANSFER,8622.28,US,213194.18,204571.9,0,0,0,0,0,0,LOW
TXN007906,2024-01-23,20,PAYMENT,355.86,US,208845.82,208489.96,0,0,0,0,0,4,LOW
TXN007907,2024-05-04,13,CASH_OUT,2302.2,RU,249937.14,247634.94,0,0,0,1,0,30,LOW
TXN007908,2024-12-08,1,CASH_OUT,29797.4,RU,366317.17,336519.77,0,0,0,1,1,69,MEDIUM
TXN007909,2024-02-11,11,CASH_OUT,1245.34,UK,92378.37,91133.03,0,0,0,0,0,1,LOW
TXN007910,2024-12-29,11,TRANSFER,418.03,UK,166936.06,166518.03,0,0,0,0,0,4,LOW
TXN007911,2024-04-03,13,CASH_IN,1039.48,CN,443458.42,444497.9,0,0,0,0,0,1,LOW
TXN007912,2024-02-21,10,TRANSFER,15.3,MX,271230.18,271214.88,0,0,0,0,0,1,LOW
TXN007913,2024-02-23,12,CASH_IN,4231.44,RU,90233.65,94465.09,0,0,0,1,0,33,LOW
TXN007914,2024-08-18,1,TRANSFER,13862.36,RU,210688.65,196826.29,0,0,0,1,1,69,MEDIUM
TXN007915,2024-03-29,13,CASH_OUT,3023.71,NG,413351.4,410327.69,0,0,0,1,0,35,LOW
TXN007916,2024-05-22,15,CASH_OUT,1973.47,DE,287611.4,285637.93,0,0,0,0,0,4,LOW
TXN007917,2024-12-05,13,PAYMENT,8631.92,UK,480519.44,471887.52,0,0,0,0,0,2,LOW
TXN007918,2024-10-21,7,TRANSFER,7644.46,US,80144.48,72500.02,0,0,0,0,0,0,LOW
TXN007919,2024-03-20,8,CASH_OUT,1388.62,RU,52918.31,51529.69,0,0,0,1,0,33,LOW
TXN007920,2024-08-28,17,DEBIT,2117.91,US,87856.94,85739.03,0,0,0,0,0,3,LOW
TXN007921,2024-03-01,16,PAYMENT,1679.61,NG,180130.79,178451.18,0,0,0,1,0,30,LOW
TXN007922,2024-11-21,12,TRANSFER,5811.17,CN,57110.95,51299.78,0,0,0,0,0,5,LOW
TXN007923,2024-01-01,4,CASH_OUT,8368.85,NG,259108.4,250739.55,0,1,0,1,1,78,HIGH
TXN007924,2024-03-26,19,TRANSFER,2042.3,IR,104883.13,102840.83,0,0,0,1,0,31,LOW
TXN007925,2024-03-19,16,DEBIT,92.91,US,364651.36,364558.45,0,0,0,0,0,1,LOW
TXN007926,2024-11-29,16,CASH_IN,325.37,US,85632.65,85958.02,0,0,0,0,0,3,LOW
TXN007927,2024-09-22,10,DEBIT,2765.71,US,66195.17,63429.46,0,0,0,0,0,3,LOW
TXN007928,2024-09-16,15,DEBIT,6114.64,CN,431825.16,425710.52,0,0,0,0,0,3,LOW
TXN007929,2024-12-06,7,CASH_IN,8366.52,UK,26175.85,34542.37,0,0,0,0,0,1,LOW
TXN007930,2024-07-22,16,CASH_IN,8464.05,RU,484463.37,492927.42,0,0,0,1,0,32,LOW
TXN007931,2024-11-29,10,CASH_IN,9976.8,IR,496428.36,506405.16,0,0,0,1,0,35,LOW
TXN007932,2024-11-01,1,TRANSFER,49187.3,IR,26971.52,0.0,0,1,0,1,1,91,HIGH
TXN007933,2024-11-15,17,TRANSFER,3826.76,RU,204873.2,201046.44,0,0,0,1,0,31,LOW
TXN007934,2024-01-03,17,CASH_OUT,119.38,US,313380.8,313261.42,0,0,0,0,0,1,LOW
TXN007935,2024-01-26,10,CASH_IN,3465.03,US,138329.8,141794.83,0,0,0,0,0,4,LOW
TXN007936,2024-01-11,14,CASH_IN,478.85,US,485151.32,485630.17,0,0,0,0,0,5,LOW
TXN007937,2024-04-16,17,CASH_IN,363.12,US,24234.08,24597.2,0,0,0,0,0,1,LOW
TXN007938,2024-12-13,13,CASH_OUT,20621.17,US,436738.01,416116.84,0,0,0,0,0,17,LOW
TXN007939,2024-04-12,21,CASH_OUT,788.13,US,418504.64,417716.51,0,0,0,0,0,1,LOW
TXN007940,2024-09-03,18,CASH_OUT,7062.51,IR,326271.36,319208.85,0,0,0,1,0,33,LOW
TXN007941,2024-02-02,14,CASH_OUT,496.56,US,144708.8,144212.24,0,0,0,0,0,5,LOW
TXN007942,2024-03-28,10,PAYMENT,378.54,RU,35714.31,35335.77,0,0,0,1,0,34,LOW
TXN007943,2024-05-03,16,CASH_IN,6506.47,IR,252504.12,259010.59,0,0,0,1,0,30,LOW
TXN007944,2024-06-24,10,PAYMENT,11181.71,RU,450828.78,439647.07,0,0,0,1,0,31,LOW
TXN007945,2024-05-29,20,CASH_IN,1224.95,CN,344816.11,346041.06,0,0,0,0,0,1,LOW
TXN007946,2024-07-23,7,CASH_IN,2399.79,US,329996.41,332396.2,0,0,0,0,0,2,LOW
TXN007947,2024-08-08,19,PAYMENT,7221.0,US,399002.59,391781.59,0,0,0,0,0,4,LOW
TXN007948,2024-01-29,13,CASH_OUT,6242.05,IR,240692.6,234450.55,0,0,0,1,0,32,LOW
TXN007949,2024-07-02,21,CASH_OUT,1638.98,UK,322767.52,321128.54,0,0,0,0,0,3,LOW
TXN007950,2024-04-24,16,DEBIT,2152.14,UK,140151.76,137999.62,0,0,0,0,0,0,LOW
TXN007951,2024-09-04,18,CASH_OUT,1796.62,MX,145611.68,143815.06,0,0,0,0,0,1,LOW
TXN007952,2024-03-14,12,CASH_IN,942.39,RU,6547.54,7489.93,0,0,0,1,0,34,LOW
TXN007953,2024-07-09,13,TRANSFER,245.23,IR,27136.26,26891.03,0,0,0,1,0,30,LOW
TXN007954,2024-08-06,7,CASH_OUT,967.45,US,245305.13,244337.68,0,0,0,0,0,1,LOW
TXN007955,2024-02-10,10,TRANSFER,734.76,US,362024.46,361289.7,0,0,0,0,0,2,LOW
TXN007956,2024-08-23,9,TRANSFER,226.46,MX,92595.51,92369.05,0,0,0,0,0,1,LOW
TXN007957,2024-04-20,19,PAYMENT,1922.8,CN,152724.29,150801.49,0,0,0,0,0,5,LOW
TXN007958,2024-11-24,12,TRANSFER,6959.85,UK,254751.9,247792.05,0,0,0,0,0,5,LOW
TXN007959,2024-02-25,17,TRANSFER,4473.54,UK,86404.46,81930.92,0,0,0,0,0,0,LOW
TXN007960,2024-02-22,18,CASH_OUT,3007.11,MX,218022.13,215015.02,0,0,0,0,0,0,LOW
TXN007961,2024-07-05,10,CASH_OUT,758.3,RU,58571.66,57813.36,0,0,0,1,0,30,LOW
TXN007962,2024-11-29,18,CASH_OUT,461.22,RU,393426.5,392965.28,0,0,0,1,0,33,LOW
TXN007963,2024-03-12,21,CASH_OUT,2532.14,US,120087.69,117555.55,0,0,0,0,0,4,LOW
TXN007964,2024-05-19,20,CASH_IN,1940.23,US,448700.74,450640.97,0,0,0,0,0,4,LOW
TXN007965,2024-11-04,10,PAYMENT,4940.7,UK,136487.08,131546.38,0,0,0,0,0,3,LOW
TXN007966,2024-12-25,12,CASH_IN,7137.98,CN,53250.48,60388.46,0,0,0,0,0,1,LOW
TXN007967,2024-12-18,14,CASH_IN,2250.01,IR,298146.52,300396.53,0,0,0,1,0,32,LOW
TXN007968,2024-01-16,20,TRANSFER,919.23,UK,403742.03,402822.8,0,0,0,0,0,4,LOW
TXN007969,2024-09-21,14,CASH_IN,4941.51,US,37776.32,42717.83,0,0,0,0,0,0,LOW
TXN007970,2024-01-27,12,PAYMENT,5060.27,UK,400631.86,395571.59,0,0,0,0,0,4,LOW
TXN007971,2024-05-26,1,TRANSFER,53535.05,US,230687.04,177151.99,0,0,0,0,1,61,MEDIUM
TXN007972,2024-10-10,8,CASH_IN,2374.03,US,103657.97,106032.0,0,0,0,0,0,1,LOW
TXN007973,2024-01-30,21,PAYMENT,7567.65,RU,104092.86,96525.21,0,0,0,1,0,34,LOW
TXN007974,2024-02-10,17,PAYMENT,1246.19,IR,418442.97,417196.78,0,0,0,1,0,33,LOW
TXN007975,2024-03-15,8,DEBIT,4833.11,US,423550.48,418717.37,0,0,0,0,0,4,LOW
TXN007976,2024-10-03,11,PAYMENT,963.62,US,134580.86,133617.24,0,0,0,0,0,3,LOW
TXN007977,2024-06-09,19,PAYMENT,5548.49,NG,159951.36,154402.87,0,0,0,1,0,33,LOW
TXN007978,2024-09-18,7,CASH_IN,7475.44,NG,452378.38,459853.82,0,0,0,1,0,35,LOW
TXN007979,2024-05-24,19,PAYMENT,263.5,CN,151442.79,151179.29,0,0,0,0,0,1,LOW
TXN007980,2024-07-12,17,CASH_IN,3266.42,IR,84273.99,87540.41,0,0,0,1,0,33,LOW
TXN007981,2024-03-02,19,CASH_IN,5444.52,IR,325033.33,330477.85,0,0,0,1,0,32,LOW
TXN007982,2024-01-25,7,CASH_IN,494.71,US,298686.17,299180.88,0,0,0,0,0,3,LOW
TXN007983,2024-04-01,9,TRANSFER,6948.92,RU,361979.61,355030.69,0,0,0,1,0,32,LOW
TXN007984,2024-06-26,21,TRANSFER,2743.86,NG,179584.78,176840.92,0,0,0,1,0,35,LOW
TXN007985,2024-07-28,23,TRANSFER,101598.0,RU,283479.06,181881.06,0,0,0,1,1,94,HIGH
TXN007986,2024-06-30,12,CASH_OUT,8877.08,US,414958.95,406081.87,0,0,0,0,0,2,LOW
TXN007987,2024-08-03,11,CASH_OUT,6050.36,US,266251.9,260201.54,0,0,0,0,0,2,LOW
TXN007988,2024-01-12,23,CASH_OUT,16276.59,US,240716.64,224440.05,0,1,0,0,1,62,MEDIUM
TXN007989,2024-01-24,18,DEBIT,5228.66,US,209994.02,204765.36,0,0,0,0,0,0,LOW
TXN007990,2024-06-06,13,DEBIT,2154.27,US,201315.27,199161.0,0,0,0,0,0,5,LOW
TXN007991,2024-08-15,20,TRANSFER,5048.03,US,316394.28,311346.25,0,0,0,0,0,2,LOW
TXN007992,2024-04-24,20,TRANSFER,19016.36,US,147286.38,128270.02,0,0,0,0,0,16,LOW
TXN007993,2024-03-02,13,DEBIT,446.47,UK,268008.68,267562.21,0,0,0,0,0,1,LOW
TXN007994,2024-02-24,19,PAYMENT,1623.64,RU,462265.47,460641.83,0,0,0,1,0,35,LOW
TXN007995,2024-01-04,11,PAYMENT,2968.35,NG,402827.86,399859.51,0,0,0,1,0,34,LOW
TXN007996,2024-03-27,3,CASH_OUT,4666.02,NG,167879.5,163213.48,0,0,0,1,1,51,MEDIUM
TXN007997,2024-04-16,18,CASH_IN,1309.21,UK,311928.44,313237.65,0,0,0,0,0,1,LOW
TXN007998,2024-08-28,18,CASH_OUT,2578.36,US,381167.69,378589.33,0,0,0,0,0,0,LOW
TXN007999,2024-06-01,18,TRANSFER,2119.15,MX,443308.56,441189.41,0,0,0,0,0,4,LOW
TXN008000,2024-03-24,10,CASH_OUT,2724.74,DE,180778.67,178053.93,0,0,0,0,0,2,LOW
TXN008001,2024-04-13,14,PAYMENT,250.2,IR,336013.93,335763.73,0,0,0,1,0,35,LOW
TXN008002,2024-12-01,14,PAYMENT,2669.15,CN,370734.14,368064.99,0,0,0,0,0,3,LOW
TXN008003,2024-08-20,9,PAYMENT,1864.03,NG,348661.9,346797.87,0,0,0,1,0,34,LOW
TXN008004,2024-12-23,15,DEBIT,1817.78,US,85089.7,83271.92,0,0,0,0,0,3,LOW
TXN008005,2024-01-17,21,DEBIT,1550.06,US,30510.05,28959.99,0,0,0,0,0,4,LOW
TXN008006,2024-10-26,1,CASH_OUT,26976.66,UK,286999.38,260022.72,0,1,0,0,1,60,MEDIUM
TXN008007,2024-09-30,9,PAYMENT,9792.97,NG,499216.94,489423.97,0,0,0,1,0,33,LOW
TXN008008,2024-10-26,15,CASH_OUT,249.31,MX,386577.14,386327.83,0,0,0,0,0,5,LOW
TXN008009,2024-09-18,10,DEBIT,676.15,DE,83505.37,82829.22,0,0,0,0,0,0,LOW
TXN008010,2024-09-04,15,DEBIT,3729.92,RU,463493.63,459763.71,0,0,0,1,0,31,LOW
TXN008011,2024-06-27,8,CASH_IN,243.01,DE,110676.92,110919.93,0,0,0,0,0,1,LOW
TXN008012,2024-06-24,10,CASH_OUT,552.47,IR,360444.4,359891.93,0,0,0,1,0,31,LOW
TXN008013,2024-12-27,21,CASH_OUT,3228.69,UK,255739.3,252510.61,0,0,0,0,0,3,LOW
TXN008014,2024-03-21,3,TRANSFER,51248.97,DE,357063.91,305814.94,0,0,0,0,1,65,MEDIUM
TXN008015,2024-01-30,15,TRANSFER,1096.0,CN,196963.46,195867.46,0,0,0,0,0,1,LOW
TXN008016,2024-08-10,9,CASH_IN,630.0,NG,144753.89,145383.89,0,0,0,1,0,32,LOW
TXN008017,2024-06-22,19,DEBIT,2585.29,DE,339480.97,336895.68,0,0,0,0,0,0,LOW
TXN008018,2024-08-15,9,TRANSFER,1161.8,NG,48624.76,47462.96,0,0,0,1,0,30,LOW
TXN008019,2024-11-12,13,DEBIT,3240.03,UK,57722.94,54482.91,0,0,0,0,0,3,LOW
TXN008020,2024-06-25,21,CASH_OUT,2715.28,IR,451718.99,449003.71,0,0,0,1,0,32,LOW
TXN008021,2024-02-27,20,CASH_OUT,2.76,US,91547.94,91545.18,0,0,0,0,0,2,LOW
TXN008022,2024-02-12,10,DEBIT,446.41,UK,214068.52,213622.11,0,0,0,0,0,5,LOW
TXN008023,2024-12-28,14,TRANSFER,2961.04,US,447701.82,444740.78,0,0,0,0,0,2,LOW
TXN008024,2024-02-06,18,CASH_IN,3630.0,RU,295434.07,299064.07,0,0,0,1,0,34,LOW
TXN008025,2024-11-14,7,CASH_IN,637.44,NG,396545.46,397182.9,0,0,0,1,0,32,LOW
TXN008026,2024-08-20,2,CASH_OUT,10867.81,DE,184980.4,174112.59,0,1,0,0,1,65,MEDIUM
TXN008027,2024-08-19,8,TRANSFER,7685.85,CN,228504.52,220818.67,0,0,0,0,0,0,LOW
TXN008028,2024-02-16,8,TRANSFER,12151.92,UK,17590.38,5438.46,0,0,0,0,0,19,LOW
TXN008029,2024-09-22,15,CASH_OUT,717.15,RU,121589.3,120872.15,0,0,0,1,0,31,LOW
TXN008030,2024-05-06,10,CASH_OUT,3657.39,UK,289293.37,285635.98,0,0,0,0,0,4,LOW
TXN008031,2024-11-13,10,CASH_OUT,3256.7,US,318780.87,315524.17,0,0,0,0,0,4,LOW
TXN008032,2024-03-20,13,CASH_IN,805.97,IR,409819.94,410625.91,0,0,0,1,0,33,LOW
TXN008033,2024-04-30,14,CASH_IN,13518.17,IR,187704.64,201222.81,0,0,0,1,0,34,LOW
TXN008034,2024-03-31,14,CASH_OUT,686.21,UK,491728.32,491042.11,0,0,0,0,0,0,LOW
TXN008035,2024-07-12,15,DEBIT,1080.37,US,381274.9,380194.53,0,0,0,0,0,5,LOW
TXN008036,2024-08-25,16,CASH_IN,1747.89,UK,345164.67,346912.56,0,0,0,0,0,3,LOW
TXN008037,2024-11-30,20,PAYMENT,3942.63,IR,43403.19,39460.56,0,0,0,1,0,34,LOW
TXN008038,2024-10-19,14,TRANSFER,917.03,US,315549.18,314632.15,0,0,0,0,0,1,LOW
TXN008039,2024-12-24,16,CASH_IN,968.18,US,343924.51,344892.69,0,0,0,0,0,3,LOW
TXN008040,2024-01-30,8,TRANSFER,4049.43,RU,469258.88,465209.45,0,0,0,1,0,35,LOW
TXN008041,2024-04-19,18,CASH_IN,1844.51,IR,1698.54,3543.05,0,0,0,1,0,30,LOW
TXN008042,2024-09-27,17,PAYMENT,4994.99,DE,201473.04,196478.05,0,0,0,0,0,1,LOW
TXN008043,2024-01-08,15,DEBIT,5150.14,US,117884.71,112734.57,0,0,0,0,0,1,LOW
TXN008044,2024-05-09,8,CASH_OUT,7270.87,US,27492.09,20221.22,0,0,0,0,0,0,LOW
TXN008045,2024-09-22,7,CASH_IN,3842.42,UK,356462.66,360305.08,0,0,0,0,0,3,LOW
TXN008046,2024-06-17,8,CASH_IN,1526.49,US,18667.22,20193.71,0,0,0,0,0,5,LOW
TXN008047,2024-02-22,20,CASH_OUT,791.05,CN,131722.23,130931.18,0,0,0,0,0,2,LOW
TXN008048,2024-07-04,7,TRANSFER,176.93,MX,346670.4,346493.47,0,0,0,0,0,3,LOW
TXN008049,2024-03-01,17,CASH_OUT,5711.14,DE,228645.03,222933.89,0,0,0,0,0,3,LOW
TXN008050,2024-06-09,10,CASH_OUT,3200.89,US,432060.8,428859.91,0,0,0,0,0,1,LOW
TXN008051,2024-03-06,14,DEBIT,4089.48,US,221962.18,217872.7,0,0,0,0,0,3,LOW
TXN008052,2024-11-16,14,TRANSFER,604.43,US,398386.6,397782.17,0,0,0,0,0,5,LOW
TXN008053,2024-07-03,4,CASH_OUT,10898.11,IR,441256.45,430358.34,0,1,0,1,1,92,HIGH
TXN008054,2024-04-22,1,TRANSFER,15889.47,RU,380445.76,364556.29,0,0,0,1,1,70,HIGH
TXN008055,2024-06-24,12,TRANSFER,636.1,IR,123375.6,122739.5,0,0,0,1,0,33,LOW
TXN008056,2024-10-06,18,TRANSFER,10535.43,NG,43560.72,33025.29,0,0,0,1,0,35,LOW
TXN008057,2024-01-24,19,CASH_OUT,6971.98,NG,172711.73,165739.75,0,0,0,1,0,34,LOW
TXN008058,2024-07-30,8,CASH_IN,2944.24,RU,423823.59,426767.83,0,0,0,1,0,33,LOW
TXN008059,2024-07-05,20,TRANSFER,14135.25,CN,480283.32,466148.07,0,0,0,0,0,17,LOW
TXN008060,2024-05-26,7,PAYMENT,3173.77,US,42915.0,39741.23,0,0,0,0,0,0,LOW
TXN008061,2024-05-13,15,DEBIT,253.48,DE,354687.46,354433.98,0,0,0,0,0,4,LOW
TXN008062,2024-05-09,21,PAYMENT,817.2,MX,431780.83,430963.63,0,0,0,0,0,5,LOW
TXN008063,2024-01-01,7,CASH_IN,9673.83,MX,406340.59,416014.42,0,0,0,0,0,4,LOW
TXN008064,2024-08-16,4,CASH_OUT,41608.77,RU,492978.9,451370.13,0,0,0,1,1,67,MEDIUM
TXN008065,2024-08-27,20,DEBIT,6725.66,MX,340413.52,333687.86,0,0,0,0,0,2,LOW
TXN008066,2024-03-17,14,DEBIT,1494.69,NG,433186.14,431691.45,0,0,0,1,0,32,LOW
TXN008067,2024-10-07,10,TRANSFER,400.11,US,408399.51,407999.4,0,0,0,0,0,2,LOW
TXN008068,2024-08-25,17,CASH_IN,2639.11,US,222291.27,224930.38,0,0,0,0,0,2,LOW
TXN008069,2024-03-08,21,CASH_OUT,2687.06,US,477101.21,474414.15,0,0,0,0,0,2,LOW
TXN008070,2024-06-30,8,TRANSFER,7131.35,US,455682.65,448551.3,0,0,0,0,0,4,LOW
TXN008071,2024-12-01,19,DEBIT,1883.41,RU,6044.17,4160.76,0,0,0,1,0,35,LOW
TXN008072,2024-03-08,10,CASH_IN,39.78,CN,383975.78,384015.56,0,0,0,0,0,5,LOW
TXN008073,2024-08-31,21,CASH_IN,3622.33,US,28529.06,32151.39,0,0,0,0,0,1,LOW
TXN008074,2024-11-23,17,CASH_IN,9140.71,UK,58867.14,68007.85,0,0,0,0,0,1,LOW
TXN008075,2024-12-09,9,DEBIT,186.8,US,461344.25,461157.45,0,0,0,0,0,0,LOW
TXN008076,2024-01-09,7,DEBIT,1260.48,UK,479904.13,478643.65,0,0,0,0,0,2,LOW
TXN008077,2024-02-27,8,TRANSFER,1215.06,DE,484368.33,483153.27,0,0,0,0,0,3,LOW
TXN008078,2024-11-17,10,DEBIT,17.33,MX,471207.26,471189.93,0,0,0,0,0,0,LOW
TXN008079,2024-10-30,18,CASH_IN,2145.04,US,235496.84,237641.88,0,0,0,0,0,4,LOW
TXN008080,2024-12-25,17,PAYMENT,843.58,US,169036.21,168192.63,0,0,0,0,0,1,LOW
TXN008081,2024-10-09,8,CASH_IN,2515.17,NG,84712.82,87227.99,0,0,0,1,0,34,LOW
TXN008082,2024-04-14,8,CASH_OUT,14.69,US,270313.88,270299.19,0,0,0,0,0,3,LOW
TXN008083,2024-12-23,8,CASH_OUT,2238.58,UK,224809.86,222571.28,0,0,0,0,0,1,LOW
TXN008084,2024-06-23,9,TRANSFER,3172.75,NG,121201.0,118028.25,0,0,0,1,0,32,LOW
TXN008085,2024-10-12,13,PAYMENT,5023.23,UK,347517.84,342494.61,0,0,0,0,0,1,LOW
TXN008086,2024-02-23,9,PAYMENT,3036.99,US,342189.87,339152.88,0,0,0,0,0,0,LOW
TXN008087,2024-05-04,17,PAYMENT,11392.35,US,213747.13,202354.78,0,0,0,0,0,3,LOW
TXN008088,2024-08-06,17,CASH_OUT,4797.09,NG,277969.75,273172.66,0,0,0,1,0,30,LOW
TXN008089,2024-08-10,8,DEBIT,2071.74,US,30317.24,28245.5,0,0,0,0,0,4,LOW
TXN008090,2024-05-15,7,PAYMENT,2967.05,MX,104921.17,101954.12,0,0,0,0,0,5,LOW
TXN008091,2024-01-09,17,PAYMENT,2377.06,UK,485451.56,483074.5,0,0,0,0,0,3,LOW
TXN008092,2024-09-02,18,TRANSFER,14155.96,NG,495179.54,481023.58,0,0,0,1,0,35,LOW
TXN008093,2024-08-26,23,CASH_OUT,1390.32,NG,126973.6,125583.28,0,0,0,1,1,54,MEDIUM
TXN008094,2024-03-28,11,TRANSFER,5842.66,MX,285853.17,280010.51,0,0,0,0,0,0,LOW
TXN008095,2024-01-15,2,CASH_OUT,20317.28,NG,272086.97,251769.69,0,0,0,1,1,70,HIGH
TXN008096,2024-12-18,2,TRANSFER,27339.93,IR,35786.06,8446.13,0,0,0,1,1,67,MEDIUM
TXN008097,2024-06-23,1,TRANSFER,68628.49,RU,121230.38,52601.89,0,1,0,1,1,100,HIGH
TXN008098,2024-10-18,12,CASH_OUT,2262.04,CN,439631.77,437369.73,0,0,0,0,0,3,LOW
TXN008099,2024-06-03,20,CASH_OUT,581.79,UK,130080.05,129498.26,0,0,0,0,0,4,LOW
TXN008100,2024-12-22,13,CASH_IN,8260.09,UK,399098.63,407358.72,0,0,0,0,0,5,LOW
TXN008101,2024-04-28,15,DEBIT,142.14,CN,1594.66,1452.52,0,0,0,0,0,2,LOW
TXN008102,2024-09-15,14,CASH_OUT,3048.15,UK,437000.41,433952.26,0,0,0,0,0,3,LOW
TXN008103,2024-07-25,7,DEBIT,1609.95,DE,27748.18,26138.23,0,0,0,0,0,3,LOW
TXN008104,2024-04-10,19,CASH_OUT,5634.27,US,367685.92,362051.65,0,0,0,0,0,0,LOW
TXN008105,2024-07-02,7,DEBIT,4261.83,RU,475925.79,471663.96,0,0,0,1,0,33,LOW
TXN008106,2024-02-16,15,CASH_OUT,14386.08,NG,477209.32,462823.24,0,0,0,1,0,35,LOW
TXN008107,2024-10-20,17,CASH_IN,1801.95,NG,150636.27,152438.22,0,0,0,1,0,31,LOW
TXN008108,2024-05-27,3,CASH_OUT,52698.06,DE,166154.4,113456.34,0,1,0,0,1,87,HIGH
TXN008109,2024-10-16,19,DEBIT,554.17,UK,178736.46,178182.29,0,0,0,0,0,0,LOW
TXN008110,2024-08-02,14,CASH_OUT,89.33,US,493789.12,493699.79,0,0,0,0,0,5,LOW
TXN008111,2024-11-04,4,CASH_OUT,28540.18,RU,153049.55,124509.37,0,1,0,1,1,91,HIGH
TXN008112,2024-12-02,14,CASH_IN,7722.71,IR,182750.97,190473.68,0,0,0,1,0,30,LOW
TXN008113,2024-07-31,8,CASH_OUT,775.08,MX,52981.23,52206.15,0,0,0,0,0,0,LOW
TXN008114,2024-08-07,10,TRANSFER,1506.14,UK,378647.15,377141.01,0,0,0,0,0,4,LOW
TXN008115,2024-06-20,8,DEBIT,699.92,NG,292317.22,291617.3,0,0,0,1,0,32,LOW
TXN008116,2024-09-13,12,PAYMENT,6170.48,UK,411636.75,405466.27,0,0,0,0,0,4,LOW
TXN008117,2024-10-17,17,CASH_IN,927.2,US,408218.91,409146.11,0,0,0,0,0,1,LOW
TXN008118,2024-09-19,16,PAYMENT,12959.45,IR,276815.08,263855.63,0,0,0,1,0,30,LOW
TXN008119,2024-11-27,14,CASH_OUT,5515.04,US,405781.51,400266.47,0,0,0,0,0,1,LOW
TXN008120,2024-05-24,13,DEBIT,2473.73,RU,182800.3,180326.57,0,0,0,1,0,35,LOW
TXN008121,2024-02-25,16,DEBIT,224.78,US,295212.48,294987.7,0,0,0,0,0,5,LOW
TXN008122,2024-04-11,7,CASH_OUT,8648.03,IR,230471.23,221823.2,0,0,0,1,0,30,LOW
TXN008123,2024-06-21,8,TRANSFER,7091.11,UK,84972.64,77881.53,0,0,0,0,0,4,LOW
TXN008124,2024-07-17,9,CASH_IN,317.44,NG,421239.74,421557.18,0,0,0,1,0,32,LOW
TXN008125,2024-02-12,20,CASH_OUT,1776.56,DE,132601.36,130824.8,0,0,0,0,0,2,LOW
TXN008126,2024-02-27,7,PAYMENT,392.53,UK,148427.84,148035.31,0,0,0,0,0,5,LOW
TXN008127,2024-06-03,23,TRANSFER,19656.44,CN,428146.72,408490.28,0,0,0,0,1,38,LOW
TXN008128,2024-01-07,12,DEBIT,145.01,DE,70325.17,70180.16,0,0,0,0,0,2,LOW
TXN008129,2024-05-22,20,PAYMENT,3082.27,NG,319399.0,316316.73,0,0,0,1,0,33,LOW
TXN008130,2024-04-16,13,DEBIT,4151.93,US,120270.89,116118.96,0,0,0,0,0,4,LOW
TXN008131,2024-06-23,15,CASH_IN,245.02,UK,378547.46,378792.48,0,0,0,0,0,1,LOW
TXN008132,2024-02-22,19,CASH_IN,2982.5,DE,216232.81,219215.31,0,0,0,0,0,1,LOW
TXN008133,2024-02-08,4,TRANSFER,6696.89,UK,217141.71,210444.82,0,0,0,0,1,21,LOW
TXN008134,2024-05-01,15,TRANSFER,5065.76,UK,471779.43,466713.67,0,0,0,0,0,4,LOW
TXN008135,2024-09-06,18,DEBIT,9203.98,US,256448.51,247244.53,0,0,0,0,0,4,LOW
TXN008136,2024-05-21,13,DEBIT,3136.97,US,282659.7,279522.73,0,0,0,0,0,5,LOW
TXN008137,2024-12-15,13,CASH_IN,1234.82,DE,162024.51,163259.33,0,0,0,0,0,1,LOW
TXN008138,2024-08-01,11,CASH_OUT,1498.23,US,450045.47,448547.24,0,0,0,0,0,2,LOW
TXN008139,2024-11-16,9,CASH_OUT,2264.17,DE,176535.39,174271.22,0,0,0,0,0,3,LOW
TXN008140,2024-12-25,17,CASH_OUT,1955.28,US,241895.26,239939.98,0,0,0,0,0,2,LOW
TXN008141,2024-04-02,12,CASH_OUT,437.39,RU,169539.84,169102.45,0,0,0,1,0,32,LOW
TXN008142,2024-04-13,10,PAYMENT,636.52,US,417486.75,416850.23,0,0,0,0,0,4,LOW
TXN008143,2024-05-17,20,CASH_IN,15.29,RU,430321.22,430336.51,0,0,0,1,0,30,LOW
TXN008144,2024-03-21,19,TRANSFER,391.38,UK,402802.33,402410.95,0,0,0,0,0,4,LOW
TXN008145,2024-03-01,16,CASH_IN,4455.84,IR,141425.11,145880.95,0,0,0,1,0,30,LOW
TXN008146,2024-10-06,23,TRANSFER,9581.08,RU,456501.55,446920.47,1,0,0,1,1,90,HIGH
TXN008147,2024-09-29,17,PAYMENT,6621.2,UK,404423.44,397802.24,0,0,0,0,0,3,LOW
TXN008148,2024-11-20,9,DEBIT,16136.99,US,485907.98,469770.99,0,0,0,0,0,0,LOW
TXN008149,2024-12-03,12,CASH_IN,9652.38,US,82466.51,92118.89,0,0,0,0,0,3,LOW
TXN008150,2024-06-20,13,CASH_OUT,7890.51,US,226556.69,218666.18,0,0,0,0,0,0,LOW
TXN008151,2024-07-26,14,CASH_IN,2192.4,UK,376399.37,378591.77,0,0,0,0,0,4,LOW
TXN008152,2024-12-28,17,CASH_IN,747.54,UK,105202.4,105949.94,0,0,0,0,0,2,LOW
TXN008153,2024-09-30,20,CASH_IN,6119.09,UK,398820.79,404939.88,0,0,0,0,0,4,LOW
TXN008154,2024-07-17,3,CASH_OUT,57527.08,NG,430187.95,372660.87,0,1,0,1,1,100,HIGH
TXN008155,2024-08-23,1,CASH_OUT,2190.77,IR,262147.94,259957.17,0,0,0,1,1,55,MEDIUM
TXN008156,2024-11-23,9,CASH_OUT,781.66,US,135547.78,134766.12,0,0,0,0,0,3,LOW
TXN008157,2024-06-11,8,CASH_OUT,921.98,CN,194124.5,193202.52,0,0,0,0,0,1,LOW
TXN008158,2024-06-30,18,DEBIT,2888.39,IR,422385.95,419497.56,0,0,0,1,0,31,LOW
TXN008159,2024-05-25,12,CASH_IN,3916.91,NG,160309.34,164226.25,0,0,0,1,0,30,LOW
TXN008160,2024-07-18,7,DEBIT,1792.34,UK,336682.04,334889.7,0,0,0,0,0,4,LOW
TXN008161,2024-11-02,7,PAYMENT,3331.11,MX,2432.4,0.0,0,0,0,0,0,3,LOW
TXN008162,2024-04-28,11,CASH_IN,1100.25,US,341986.56,343086.81,0,0,0,0,0,3,LOW
TXN008163,2024-06-06,8,TRANSFER,4232.21,NG,262838.5,258606.29,0,0,0,1,0,30,LOW
TXN008164,2024-09-12,11,CASH_IN,184.3,NG,165479.5,165663.8,0,0,0,1,0,33,LOW
TXN008165,2024-09-20,21,TRANSFER,10074.32,RU,117365.73,107291.41,0,0,0,1,0,35,LOW
TXN008166,2024-03-05,9,CASH_OUT,3608.69,US,362828.14,359219.45,0,0,0,0,0,5,LOW
TXN008167,2024-11-03,17,CASH_OUT,9592.97,UK,320084.49,310491.52,0,0,0,0,0,1,LOW
TXN008168,2024-02-25,10,PAYMENT,3262.16,UK,236840.9,233578.74,0,0,0,0,0,2,LOW
TXN008169,2024-11-19,17,CASH_OUT,4359.46,UK,429345.01,424985.55,0,0,0,0,0,2,LOW
TXN008170,2024-05-01,15,CASH_OUT,5488.33,MX,29779.89,24291.56,0,0,0,0,0,1,LOW
TXN008171,2024-08-09,12,CASH_IN,203.87,DE,43314.14,43518.01,0,0,0,0,0,2,LOW
TXN008172,2024-06-16,14,CASH_IN,1607.42,UK,433177.47,434784.89,0,0,0,0,0,4,LOW
TXN008173,2024-12-29,7,TRANSFER,156.25,MX,142582.88,142426.63,0,0,0,0,0,2,LOW
TXN008174,2024-03-01,14,DEBIT,2283.24,NG,112319.53,110036.29,0,0,0,1,0,31,LOW
TXN008175,2024-09-11,8,DEBIT,8410.56,US,412334.95,403924.39,0,0,0,0,0,4,LOW
TXN008176,2024-09-21,11,TRANSFER,7370.32,US,420728.39,413358.07,0,0,0,0,0,2,LOW
TXN008177,2024-03-07,21,PAYMENT,1509.21,UK,345432.6,343923.39,0,0,0,0,0,2,LOW
TXN008178,2024-06-22,16,TRANSFER,766.54,RU,364624.41,363857.87,0,0,0,1,0,34,LOW
TXN008179,2024-06-09,18,CASH_IN,745.6,UK,454624.5,455370.1,0,0,0,0,0,0,LOW
TXN008180,2024-12-07,10,DEBIT,14823.45,US,149917.87,135094.42,0,0,0,0,0,0,LOW
TXN008181,2024-06-15,12,DEBIT,801.54,UK,332720.18,331918.64,0,0,0,0,0,1,LOW
TXN008182,2024-09-24,23,CASH_OUT,84279.14,US,273818.89,189539.75,0,0,0,0,1,63,MEDIUM
TXN008183,2024-04-23,21,DEBIT,160.83,US,356234.05,356073.22,0,0,0,0,0,0,LOW
TXN008184,2024-07-08,16,CASH_OUT,3235.53,UK,381822.52,378586.99,0,0,0,0,0,0,LOW
TXN008185,2024-06-17,3,CASH_OUT,18041.25,NG,149043.48,131002.23,0,1,0,1,1,95,HIGH
TXN008186,2024-03-19,9,TRANSFER,8467.53,UK,298067.49,289599.96,0,0,0,0,0,1,LOW
TXN008187,2024-02-03,16,PAYMENT,788.86,UK,133828.79,133039.93,0,0,0,0,0,3,LOW
TXN008188,2024-11-28,17,CASH_IN,927.79,US,125985.94,126913.73,0,0,0,0,0,1,LOW
TXN008189,2024-05-07,17,PAYMENT,1652.07,US,62557.98,60905.91,0,0,0,0,0,4,LOW
TXN008190,2024-07-31,14,DEBIT,4179.26,RU,136656.11,132476.85,0,0,0,1,0,34,LOW
TXN008191,2024-09-07,13,CASH_OUT,4249.3,IR,277632.59,273383.29,0,0,0,1,0,31,LOW
TXN008192,2024-01-31,9,CASH_OUT,12868.03,NG,126055.81,113187.78,0,0,0,1,0,35,LOW
TXN008193,2024-04-28,17,CASH_OUT,2543.8,RU,258785.46,256241.66,0,0,0,1,0,32,LOW
TXN008194,2024-06-04,15,CASH_IN,4601.99,US,483839.74,488441.73,0,0,0,0,0,2,LOW
TXN008195,2024-06-11,15,TRANSFER,2216.18,NG,340813.21,338597.03,0,0,0,1,0,30,LOW
TXN008196,2024-03-22,13,CASH_IN,7302.86,RU,280875.87,288178.73,0,0,0,1,0,35,LOW
TXN008197,2024-04-07,8,TRANSFER,245.71,UK,139706.31,139460.6,0,0,0,0,0,1,LOW
TXN008198,2024-10-24,12,CASH_OUT,2091.87,RU,374674.63,372582.76,0,0,0,1,0,33,LOW
TXN008199,2024-02-13,14,CASH_IN,1508.74,MX,420471.48,421980.22,0,0,0,0,0,2,LOW
TXN008200,2024-07-21,10,CASH_OUT,3024.31,UK,18822.18,15797.87,0,0,0,0,0,2,LOW
TXN008201,2024-08-13,11,TRANSFER,655.39,IR,30837.69,30182.3,0,0,0,1,0,31,LOW
TXN008202,2024-02-17,13,CASH_OUT,118.98,CN,284383.7,284264.72,0,0,0,0,0,0,LOW
TXN008203,2024-08-08,9,CASH_OUT,7036.37,US,224476.95,217440.58,0,0,0,0,0,4,LOW
TXN008204,2024-04-08,7,DEBIT,5058.98,US,437427.06,432368.08,0,0,0,0,0,0,LOW
TXN008205,2024-10-17,7,TRANSFER,1900.11,IR,143611.53,141711.42,0,0,0,1,0,34,LOW
TXN008206,2024-07-08,12,TRANSFER,5081.41,IR,388732.65,383651.24,0,0,0,1,0,32,LOW
TXN008207,2024-11-09,17,CASH_IN,483.68,US,424454.87,424938.55,0,0,0,0,0,2,LOW
TXN008208,2024-02-13,19,PAYMENT,3569.82,NG,370132.35,366562.53,0,0,0,1,0,30,LOW
TXN008209,2024-09-26,23,TRANSFER,4737.82,US,144825.63,140087.81,0,1,0,0,1,48,MEDIUM
TXN008210,2024-01-08,9,PAYMENT,148.98,UK,201129.53,200980.55,0,0,0,0,0,2,LOW
TXN008211,2024-01-30,16,TRANSFER,211.17,US,42384.1,42172.93,0,0,0,0,0,2,LOW
TXN008212,2024-07-18,11,PAYMENT,2389.98,RU,294707.04,292317.06,0,0,0,1,0,35,LOW
TXN008213,2024-03-24,9,TRANSFER,4992.34,RU,12864.16,7871.82,0,0,0,1,0,32,LOW
TXN008214,2024-06-14,3,TRANSFER,58419.44,NG,165246.41,106826.97,0,1,0,1,1,100,HIGH
TXN008215,2024-10-18,11,CASH_IN,14854.13,DE,310551.56,325405.69,0,0,0,0,0,4,LOW
TXN008216,2024-02-09,19,PAYMENT,3440.94,MX,287003.5,283562.56,0,0,0,0,0,4,LOW
TXN008217,2024-09-30,7,CASH_OUT,1061.94,US,119184.57,118122.63,0,0,0,0,0,0,LOW
TXN008218,2024-07-22,14,PAYMENT,1129.25,NG,22054.3,20925.05,0,0,0,1,0,35,LOW
TXN008219,2024-09-15,13,CASH_OUT,9542.31,CN,417964.21,408421.9,0,0,0,0,0,4,LOW
TXN008220,2024-03-01,17,CASH_OUT,3370.17,US,232750.96,229380.79,0,0,0,0,0,1,LOW
TXN008221,2024-06-07,20,CASH_OUT,2771.87,UK,137603.33,134831.46,0,0,0,0,0,3,LOW
TXN008222,2024-11-08,18,TRANSFER,3042.56,CN,302715.31,299672.75,0,0,0,0,0,1,LOW
TXN008223,2024-10-01,8,PAYMENT,6335.7,NG,355520.59,349184.89,0,0,0,1,0,31,LOW
TXN008224,2024-05-10,1,CASH_OUT,128122.42,UK,311575.77,183453.35,0,1,0,0,1,90,HIGH
TXN008225,2024-09-16,13,PAYMENT,53.29,MX,459645.3,459592.01,0,0,0,0,0,1,LOW
TXN008226,2024-11-05,14,CASH_OUT,1622.36,IR,353166.36,351544.0,0,0,0,1,0,33,LOW
TXN008227,2024-03-11,7,TRANSFER,1385.73,US,189739.78,188354.05,0,0,0,0,0,3,LOW
TXN008228,2024-01-13,11,DEBIT,6839.72,DE,274567.41,267727.69,0,0,0,0,0,1,LOW
TXN008229,2024-10-20,7,PAYMENT,1750.96,CN,161001.85,159250.89,0,0,0,0,0,5,LOW
TXN008230,2024-04-16,10,TRANSFER,188.21,IR,331061.11,330872.9,0,0,0,1,0,32,LOW
TXN008231,2024-05-27,12,CASH_OUT,454.94,MX,323833.75,323378.81,0,0,0,0,0,5,LOW
TXN008232,2024-02-08,8,CASH_OUT,5436.48,IR,485885.43,480448.95,0,0,0,1,0,30,LOW
TXN008233,2024-11-01,7,PAYMENT,702.11,IR,87516.74,86814.63,0,0,0,1,0,32,LOW
TXN008234,2024-04-06,19,PAYMENT,2941.48,RU,191873.26,188931.78,0,0,0,1,0,30,LOW
TXN008235,2024-01-06,9,CASH_IN,5350.11,RU,191977.44,197327.55,0,0,0,1,0,33,LOW
TXN008236,2024-12-20,17,CASH_OUT,296.52,US,385451.83,385155.31,0,0,0,0,0,3,LOW
TXN008237,2024-10-24,13,PAYMENT,1450.62,US,268263.76,266813.14,0,0,0,0,0,4,LOW
TXN008238,2024-10-12,13,DEBIT,503.44,US,359376.24,358872.8,0,0,0,0,0,5,LOW
TXN008239,2024-08-08,7,DEBIT,4460.18,MX,246405.38,241945.2,0,0,0,0,0,3,LOW
TXN008240,2024-04-09,20,TRANSFER,1570.44,IR,278050.69,276480.25,0,0,0,1,0,30,LOW
TXN008241,2024-09-18,10,CASH_IN,1575.12,DE,392175.16,393750.28,0,0,0,0,0,5,LOW
TXN008242,2024-04-05,20,DEBIT,444.28,IR,58375.87,57931.59,0,0,0,1,0,31,LOW
TXN008243,2024-01-28,7,TRANSFER,1005.69,DE,92424.62,91418.93,0,0,0,0,0,0,LOW
TXN008244,2024-07-25,10,CASH_OUT,410.7,UK,88404.89,87994.19,0,0,0,0,0,2,LOW
TXN008245,2024-03-09,21,CASH_OUT,3184.6,CN,161147.79,157963.19,0,0,0,0,0,1,LOW
TXN008246,2024-11-03,11,CASH_OUT,1267.03,MX,198776.86,197509.83,0,0,0,0,0,1,LOW
TXN008247,2024-08-08,21,CASH_OUT,63.42,UK,481399.56,481336.14,0,0,0,0,0,3,LOW
TXN008248,2024-01-06,2,TRANSFER,20092.91,US,325744.65,305651.74,0,1,0,0,1,63,MEDIUM
TXN008249,2024-05-24,21,TRANSFER,1510.54,US,126124.17,124613.63,0,0,0,0,0,1,LOW
TXN008250,2024-07-09,21,TRANSFER,4122.63,NG,324393.54,320270.91,0,0,0,1,0,33,LOW
TXN008251,2024-08-15,11,CASH_OUT,10955.77,RU,216672.3,205716.53,0,0,0,1,0,35,LOW
TXN008252,2024-02-17,8,CASH_OUT,3739.77,US,322234.26,318494.49,0,0,0,0,0,3,LOW
TXN008253,2024-11-10,8,DEBIT,315.26,IR,238863.5,238548.24,0,0,0,1,0,33,LOW
TXN008254,2024-01-10,10,CASH_IN,2850.03,US,114988.39,117838.42,0,0,0,0,0,5,LOW
TXN008255,2024-08-20,11,CASH_IN,2391.07,UK,111682.59,114073.66,0,0,0,0,0,2,LOW
TXN008256,2024-10-03,21,DEBIT,5883.18,NG,165931.75,160048.57,0,0,0,1,0,35,LOW
TXN008257,2024-04-10,16,CASH_OUT,2847.95,US,455836.06,452988.11,0,0,0,0,0,4,LOW
TXN008258,2024-02-22,17,PAYMENT,2073.74,RU,73730.14,71656.4,0,0,0,1,0,30,LOW
TXN008259,2024-10-26,7,DEBIT,725.12,RU,45103.39,44378.27,0,0,0,1,0,31,LOW
TXN008260,2024-03-17,18,CASH_IN,705.8,CN,135520.53,136226.33,0,0,0,0,0,5,LOW
TXN008261,2024-06-28,21,CASH_IN,1923.05,RU,474566.24,476489.29,0,0,0,1,0,35,LOW
TXN008262,2024-12-29,21,TRANSFER,5639.41,RU,5906.13,266.72,0,0,0,1,0,32,LOW
TXN008263,2024-03-31,8,TRANSFER,2166.24,RU,147142.91,144976.67,0,0,0,1,0,34,LOW
TXN008264,2024-08-12,10,TRANSFER,8548.13,US,170428.99,161880.86,0,0,0,0,0,2,LOW
TXN008265,2024-06-06,7,CASH_OUT,1383.23,NG,410387.54,409004.31,0,0,0,1,0,30,LOW
TXN008266,2024-04-07,16,CASH_OUT,4545.67,RU,107558.66,103012.99,0,0,0,1,0,35,LOW
TXN008267,2024-02-25,18,TRANSFER,4334.65,DE,160204.21,155869.56,0,0,0,0,0,5,LOW
TXN008268,2024-10-23,15,CASH_OUT,3812.3,US,130026.68,126214.38,0,0,0,0,0,2,LOW
TXN008269,2024-07-22,14,CASH_IN,87.34,DE,23710.72,23798.06,0,0,0,0,0,5,LOW
TXN008270,2024-09-21,11,TRANSFER,1175.35,IR,170008.76,168833.41,0,0,0,1,0,31,LOW
TXN008271,2024-11-09,19,CASH_OUT,4124.94,CN,403806.71,399681.77,0,0,0,0,0,5,LOW
TXN008272,2024-11-08,9,DEBIT,641.55,US,345867.62,345226.07,0,0,0,0,0,4,LOW
TXN008273,2024-03-02,19,CASH_IN,3769.9,MX,382269.17,386039.07,0,0,0,0,0,1,LOW
TXN008274,2024-04-29,14,CASH_OUT,42.26,NG,52319.85,52277.59,0,0,0,1,0,33,LOW
TXN008275,2024-08-31,14,CASH_IN,4268.94,RU,281171.48,285440.42,0,0,0,1,0,31,LOW
TXN008276,2024-03-21,2,TRANSFER,21981.72,NG,276930.98,254949.26,0,0,0,1,1,65,MEDIUM
TXN008277,2024-03-29,15,CASH_OUT,6550.52,MX,461180.87,454630.35,0,0,0,0,0,5,LOW
TXN008278,2024-02-28,12,CASH_OUT,5047.96,US,228373.45,223325.49,0,0,0,0,0,4,LOW
TXN008279,2024-11-15,21,DEBIT,13400.98,US,462966.48,449565.5,0,0,0,0,0,2,LOW
TXN008280,2024-05-15,13,TRANSFER,230.0,NG,220036.36,219806.36,0,0,0,1,0,35,LOW
TXN008281,2024-08-13,4,TRANSFER,29056.46,DE,343642.1,314585.64,0,0,0,0,1,40,MEDIUM
TXN008282,2024-03-31,12,CASH_IN,3352.63,IR,272577.12,275929.75,0,0,0,1,0,31,LOW
TXN008283,2024-12-07,7,TRANSFER,3558.56,US,40194.16,36635.6,0,0,0,0,0,0,LOW
TXN008284,2024-01-23,18,PAYMENT,17496.35,NG,455339.98,437843.63,0,0,0,1,0,30,LOW
TXN008285,2024-07-26,10,TRANSFER,12487.29,UK,345924.4,333437.11,0,0,0,0,0,17,LOW
TXN008286,2024-05-17,17,TRANSFER,11060.56,UK,467087.02,456026.46,0,0,0,0,0,17,LOW
TXN008287,2024-04-22,14,TRANSFER,925.2,UK,220000.09,219074.89,0,0,0,0,0,4,LOW
TXN008288,2024-01-03,9,DEBIT,240.5,UK,452891.79,452651.29,0,0,0,0,0,1,LOW
TXN008289,2024-01-11,13,DEBIT,821.87,UK,78386.34,77564.47,0,0,0,0,0,1,LOW
TXN008290,2024-09-03,19,CASH_IN,2513.86,CN,493706.97,496220.83,0,0,0,0,0,0,LOW
TXN008291,2024-12-03,20,CASH_OUT,310.01,US,227034.5,226724.49,0,0,0,0,0,5,LOW
TXN008292,2024-06-21,18,DEBIT,2370.47,RU,433273.64,430903.17,0,0,0,1,0,30,LOW
TXN008293,2024-10-30,19,TRANSFER,644.23,IR,19067.21,18422.98,0,0,0,1,0,30,LOW
TXN008294,2024-04-18,17,DEBIT,2444.52,US,320888.06,318443.54,0,0,0,0,0,4,LOW
TXN008295,2024-08-06,7,DEBIT,9764.97,US,344276.08,334511.11,0,0,0,0,0,4,LOW
TXN008296,2024-11-18,13,CASH_OUT,3677.35,UK,108313.16,104635.81,0,0,0,0,0,2,LOW
TXN008297,2024-06-05,16,TRANSFER,2126.51,US,280993.28,278866.77,0,0,0,0,0,2,LOW
TXN008298,2024-11-05,21,DEBIT,2776.28,US,141576.4,138800.12,0,0,0,0,0,0,LOW
TXN008299,2024-06-26,2,CASH_OUT,26496.94,US,301430.31,274933.37,0,1,0,0,1,63,MEDIUM
TXN008300,2024-02-17,7,PAYMENT,13697.79,RU,365492.88,351795.09,0,0,0,1,0,33,LOW
TXN008301,2024-10-09,17,TRANSFER,11902.95,NG,360447.87,348544.92,0,0,0,1,0,35,LOW
TXN008302,2024-12-04,14,DEBIT,3909.76,DE,69903.56,65993.8,0,0,0,0,0,0,LOW
TXN008303,2024-12-21,9,CASH_OUT,4707.62,US,166829.62,162122.0,0,0,0,0,0,4,LOW
TXN008304,2024-03-26,20,CASH_IN,1691.32,NG,416713.92,418405.24,0,0,0,1,0,33,LOW
TXN008305,2024-04-18,10,CASH_IN,12827.36,US,450646.35,463473.71,0,0,0,0,0,5,LOW
TXN008306,2024-07-16,10,TRANSFER,2937.21,IR,385635.54,382698.33,0,0,0,1,0,33,LOW
TXN008307,2024-05-23,20,CASH_OUT,26.57,MX,373936.9,373910.33,0,0,0,0,0,3,LOW
TXN008308,2024-08-21,15,PAYMENT,4373.22,US,4083.79,0.0,0,0,0,0,0,1,LOW
TXN008309,2024-11-07,12,DEBIT,21637.68,IR,120437.21,98799.53,0,0,0,1,0,34,LOW
TXN008310,2024-06-23,16,CASH_OUT,647.35,MX,252809.88,252162.53,0,0,0,0,0,4,LOW
TXN008311,2024-05-17,8,TRANSFER,7215.06,UK,181851.72,174636.66,0,0,0,0,0,2,LOW
TXN008312,2024-06-03,16,TRANSFER,230.15,US,393337.38,393107.23,0,0,0,0,0,4,LOW
TXN008313,2024-06-30,14,CASH_OUT,5131.26,US,289568.13,284436.87,0,0,0,0,0,2,LOW
TXN008314,2024-10-22,9,PAYMENT,2469.26,DE,408735.33,406266.07,0,0,0,0,0,3,LOW
TXN008315,2024-09-11,7,CASH_IN,64.36,NG,444509.54,444573.9,0,0,0,1,0,34,LOW
TXN008316,2024-06-01,20,CASH_OUT,9648.14,DE,327205.23,317557.09,0,0,0,0,0,3,LOW
TXN008317,2024-08-21,21,CASH_OUT,4292.27,UK,386659.16,382366.89,0,0,0,0,0,1,LOW
TXN008318,2024-06-05,18,CASH_OUT,2184.23,US,360468.3,358284.07,0,0,0,0,0,3,LOW
TXN008319,2024-06-04,13,TRANSFER,1831.37,US,177226.28,175394.91,0,0,0,0,0,0,LOW
TXN008320,2024-04-02,19,TRANSFER,2634.67,US,275027.74,272393.07,0,0,0,0,0,4,LOW
TXN008321,2024-09-15,8,TRANSFER,1657.83,RU,66843.57,65185.74,0,0,0,1,0,33,LOW
TXN008322,2024-09-15,21,CASH_IN,5890.96,CN,76650.01,82540.97,0,0,0,0,0,1,LOW
TXN008323,2024-11-30,18,CASH_OUT,1443.71,UK,229669.22,228225.51,0,0,0,0,0,1,LOW
TXN008324,2024-03-29,16,PAYMENT,3899.24,NG,41170.66,37271.42,0,0,0,1,0,31,LOW
TXN008325,2024-06-19,8,CASH_IN,5870.92,US,435246.45,441117.37,0,0,0,0,0,3,LOW
TXN008326,2024-12-06,12,PAYMENT,6559.52,US,199295.83,192736.31,0,0,0,0,0,4,LOW
TXN008327,2024-12-30,21,TRANSFER,87.13,IR,287136.73,287049.6,0,0,0,1,0,33,LOW
TXN008328,2024-02-02,10,TRANSFER,2382.98,IR,453079.87,450696.89,0,0,0,1,0,31,LOW
TXN008329,2024-05-15,7,CASH_OUT,3153.02,US,213292.62,210139.6,0,0,0,0,0,0,LOW
TXN008330,2024-03-09,21,PAYMENT,2092.8,US,360110.7,358017.9,0,0,0,0,0,2,LOW
TXN008331,2024-07-27,16,TRANSFER,2446.2,US,180345.22,177899.02,0,0,0,0,0,4,LOW
TXN008332,2024-01-13,21,CASH_OUT,472.84,US,35870.0,35397.16,0,0,0,0,0,2,LOW
TXN008333,2024-10-29,18,PAYMENT,1672.9,US,176661.44,174988.54,0,0,0,0,0,3,LOW
TXN008334,2024-06-19,17,CASH_OUT,4489.38,US,394305.85,389816.47,0,0,0,0,0,0,LOW
TXN008335,2024-05-19,16,CASH_IN,671.17,CN,254431.91,255103.08,0,0,0,0,0,4,LOW
TXN008336,2024-02-16,7,DEBIT,1649.99,RU,144027.1,142377.11,0,0,0,1,0,33,LOW
TXN008337,2024-10-15,19,PAYMENT,5570.43,MX,365565.39,359994.96,0,0,0,0,0,2,LOW
TXN008338,2024-12-21,13,CASH_IN,5643.32,UK,403725.16,409368.48,0,0,0,0,0,3,LOW
TXN008339,2024-09-04,3,TRANSFER,118004.75,RU,395821.48,277816.73,0,0,0,1,1,92,HIGH
TXN008340,2024-11-16,18,DEBIT,1752.28,RU,30034.84,28282.56,0,0,0,1,0,31,LOW
TXN008341,2024-08-23,14,DEBIT,130.0,DE,61644.83,61514.83,0,0,0,0,0,5,LOW
TXN008342,2024-01-25,13,CASH_OUT,785.09,RU,468416.65,467631.56,0,0,0,1,0,32,LOW
TXN008343,2024-09-04,19,CASH_IN,879.09,CN,232490.4,233369.49,0,0,0,0,0,5,LOW
TXN008344,2024-03-05,13,DEBIT,1799.29,US,423355.53,421556.24,0,0,0,0,0,4,LOW
TXN008345,2024-03-20,11,CASH_IN,1911.96,UK,230018.6,231930.56,0,0,0,0,0,4,LOW
TXN008346,2024-01-07,4,CASH_OUT,87296.58,MX,77354.8,0.0,0,1,0,0,1,89,HIGH
TXN008347,2024-02-02,13,CASH_OUT,15110.14,MX,396390.31,381280.17,0,0,0,0,0,20,LOW
TXN008348,2024-08-08,16,CASH_OUT,487.76,IR,392178.56,391690.8,0,0,0,1,0,33,LOW
TXN008349,2024-02-29,8,CASH_IN,5306.95,US,45355.53,50662.48,0,0,0,0,0,0,LOW
TXN008350,2024-06-07,12,CASH_OUT,2529.53,UK,278752.4,276222.87,0,0,0,0,0,0,LOW
TXN008351,2024-01-16,7,DEBIT,3331.44,US,254010.8,250679.36,0,0,0,0,0,5,LOW
TXN008352,2024-09-28,16,CASH_IN,1631.23,RU,460921.56,462552.79,0,0,0,1,0,35,LOW
TXN008353,2024-06-21,13,PAYMENT,6915.81,RU,185455.48,178539.67,0,0,0,1,0,32,LOW
TXN008354,2024-07-05,17,PAYMENT,12262.45,MX,81410.78,69148.33,0,0,0,0,0,2,LOW
TXN008355,2024-04-02,9,DEBIT,861.58,US,21021.37,20159.79,0,0,0,0,0,4,LOW
TXN008356,2024-02-05,13,CASH_OUT,4577.57,UK,474442.36,469864.79,0,0,0,0,0,2,LOW
TXN008357,2024-07-22,7,CASH_OUT,1456.36,RU,385625.78,384169.42,0,0,0,1,0,33,LOW
TXN008358,2024-04-01,7,PAYMENT,7027.59,NG,434241.05,427213.46,0,0,0,1,0,33,LOW
TXN008359,2024-07-05,9,DEBIT,474.57,UK,166577.37,166102.8,0,0,0,0,0,0,LOW
TXN008360,2024-05-17,21,TRANSFER,1065.75,DE,175090.11,174024.36,0,0,0,0,0,2,LOW
TXN008361,2024-03-30,11,TRANSFER,568.44,MX,59021.06,58452.62,0,0,0,0,0,2,LOW
TXN008362,2024-07-25,2,CASH_OUT,15360.01,RU,18023.78,2663.77,0,1,0,1,1,91,HIGH
TXN008363,2024-03-15,10,PAYMENT,2519.8,US,296612.32,294092.52,0,0,0,0,0,2,LOW
TXN008364,2024-03-12,19,PAYMENT,1616.09,NG,487495.38,485879.29,0,0,0,1,0,32,LOW
TXN008365,2024-10-05,20,PAYMENT,595.81,US,208050.34,207454.53,0,0,0,0,0,5,LOW
TXN008366,2024-04-05,18,TRANSFER,6143.82,US,403162.34,397018.52,0,0,0,0,0,4,LOW
TXN008367,2024-02-13,12,DEBIT,543.66,RU,483422.33,482878.67,0,0,0,1,0,34,LOW
TXN008368,2024-05-05,15,TRANSFER,2352.54,US,207742.46,205389.92,0,0,0,0,0,3,LOW
TXN008369,2024-11-26,15,TRANSFER,204.23,US,343160.59,342956.36,0,0,0,0,0,0,LOW
TXN008370,2024-02-23,7,PAYMENT,4261.26,NG,202827.47,198566.21,0,0,0,1,0,33,LOW
TXN008371,2024-08-13,18,TRANSFER,6583.16,RU,332527.45,325944.29,0,0,0,1,0,33,LOW
TXN008372,2024-10-19,17,CASH_OUT,1961.66,NG,450064.6,448102.94,0,0,0,1,0,35,LOW
TXN008373,2024-06-04,1,TRANSFER,93085.71,CN,107014.05,13928.34,0,1,0,0,1,90,HIGH
TXN008374,2024-05-17,18,PAYMENT,372.57,US,441521.93,441149.36,0,0,0,0,0,5,LOW
TXN008375,2024-07-18,15,DEBIT,908.77,NG,392052.92,391144.15,0,0,0,1,0,30,LOW
TXN008376,2024-03-31,11,CASH_OUT,269.48,UK,213133.53,212864.05,0,0,0,0,0,0,LOW
TXN008377,2024-10-14,14,DEBIT,19027.65,US,304794.2,285766.55,0,0,0,0,0,0,LOW
TXN008378,2024-06-01,13,PAYMENT,9555.79,NG,79968.47,70412.68,0,0,0,1,0,35,LOW
TXN008379,2024-03-20,18,DEBIT,1042.69,NG,346738.42,345695.73,0,0,0,1,0,34,LOW
TXN008380,2024-10-21,13,PAYMENT,187.17,DE,417712.26,417525.09,0,0,0,0,0,2,LOW
TXN008381,2024-02-07,11,PAYMENT,5266.34,CN,267640.18,262373.84,0,0,0,0,0,0,LOW
TXN008382,2024-03-13,23,CASH_OUT,73568.09,DE,348056.75,274488.66,0,0,0,0,1,64,MEDIUM
TXN008383,2024-04-21,10,DEBIT,1448.07,MX,94907.9,93459.83,0,0,0,0,0,1,LOW
TXN008384,2024-09-30,19,DEBIT,2717.52,US,303466.73,300749.21,0,0,0,0,0,3,LOW
TXN008385,2024-05-12,16,PAYMENT,324.73,IR,98886.76,98562.03,0,0,0,1,0,34,LOW
TXN008386,2024-01-02,1,TRANSFER,56924.97,IR,209252.52,152327.55,0,0,0,1,1,93,HIGH
TXN008387,2024-06-30,20,CASH_IN,1137.06,UK,133735.64,134872.7,0,0,0,0,0,3,LOW
TXN008388,2024-05-29,18,TRANSFER,29.24,IR,319333.82,319304.58,0,0,0,1,0,31,LOW
TXN008389,2024-10-04,7,DEBIT,302.5,RU,479000.75,478698.25,0,0,0,1,0,33,LOW
TXN008390,2024-05-07,14,CASH_IN,84.83,US,1360.47,1445.3,0,0,0,0,0,5,LOW
TXN008391,2024-10-22,11,CASH_IN,6388.74,NG,238584.45,244973.19,0,0,0,1,0,32,LOW
TXN008392,2024-10-07,19,CASH_IN,6747.67,NG,22674.18,29421.85,0,0,0,1,0,35,LOW
TXN008393,2024-07-27,10,CASH_IN,1542.4,US,300457.72,302000.12,0,0,0,0,0,2,LOW
TXN008394,2024-03-19,15,DEBIT,193.67,US,209397.91,209204.24,0,0,0,0,0,2,LOW
TXN008395,2024-11-27,8,CASH_OUT,3785.87,US,223040.75,219254.88,0,0,0,0,0,1,LOW
TXN008396,2024-04-27,12,TRANSFER,3961.99,NG,202228.42,198266.43,0,0,0,1,0,33,LOW
TXN008397,2024-04-19,15,DEBIT,5596.72,DE,334855.24,329258.52,0,0,0,0,0,2,LOW
TXN008398,2024-10-24,10,TRANSFER,18104.17,MX,290719.03,272614.86,0,0,0,0,0,19,LOW
TXN008399,2024-10-07,19,DEBIT,1291.79,CN,477394.53,476102.74,0,0,0,0,0,3,LOW
TXN008400,2024-11-14,8,TRANSFER,2255.97,UK,143920.45,141664.48,0,0,0,0,0,5,LOW
TXN008401,2024-02-12,19,TRANSFER,1751.44,MX,161290.77,159539.33,0,0,0,0,0,0,LOW
TXN008402,2024-11-13,15,DEBIT,5429.67,US,248315.73,242886.06,0,0,0,0,0,1,LOW
TXN008403,2024-05-20,11,TRANSFER,2551.65,US,401732.33,399180.68,0,0,0,0,0,5,LOW
TXN008404,2024-11-16,20,CASH_IN,10550.68,IR,154938.65,165489.33,0,0,0,1,0,35,LOW
TXN008405,2024-08-09,21,TRANSFER,1970.67,MX,246678.45,244707.78,0,0,0,0,0,0,LOW
TXN008406,2024-12-15,9,DEBIT,1094.6,NG,312637.56,311542.96,0,0,0,1,0,31,LOW
TXN008407,2024-12-08,11,TRANSFER,728.48,CN,10823.97,10095.49,0,0,0,0,0,2,LOW
TXN008408,2024-03-01,23,CASH_OUT,99665.79,RU,193512.13,93846.34,0,1,0,1,1,100,HIGH
TXN008409,2024-08-17,18,CASH_OUT,5285.2,US,442729.21,437444.01,0,0,0,0,0,5,LOW
TXN008410,2024-11-21,19,DEBIT,1507.18,US,53498.48,51991.3,0,0,0,0,0,2,LOW
TXN008411,2024-07-14,18,PAYMENT,8100.51,UK,85843.78,77743.27,0,0,0,0,0,2,LOW
TXN008412,2024-07-29,7,CASH_IN,893.85,US,70237.6,71131.45,0,0,0,0,0,3,LOW
TXN008413,2024-03-29,4,TRANSFER,3680.19,NG,192040.88,188360.69,0,0,0,1,1,55,MEDIUM
TXN008414,2024-04-19,16,TRANSFER,867.61,MX,267091.6,266223.99,0,0,0,0,0,4,LOW
TXN008415,2024-01-05,10,TRANSFER,1121.74,RU,447388.67,446266.93,0,0,0,1,0,33,LOW
TXN008416,2024-10-10,9,CASH_IN,3340.91,CN,363351.45,366692.36,0,0,0,0,0,2,LOW
TXN008417,2024-01-09,21,CASH_OUT,2622.61,US,498156.17,495533.56,0,0,0,0,0,4,LOW
TXN008418,2024-07-29,15,TRANSFER,7603.09,IR,398336.65,390733.56,0,0,0,1,0,35,LOW
TXN008419,2024-09-19,17,PAYMENT,3237.67,US,356640.01,353402.34,0,0,0,0,0,5,LOW
TXN008420,2024-10-01,18,PAYMENT,8834.41,DE,133557.1,124722.69,0,0,0,0,0,5,LOW
TXN008421,2024-02-17,16,CASH_IN,1548.43,DE,126516.0,128064.43,0,0,0,0,0,1,LOW
TXN008422,2024-05-19,19,TRANSFER,61.79,MX,34962.95,34901.16,0,0,0,0,0,4,LOW
TXN008423,2024-02-05,13,CASH_OUT,576.98,IR,36438.56,35861.58,0,0,0,1,0,34,LOW
TXN008424,2024-02-01,13,CASH_IN,2983.02,NG,86761.9,89744.92,0,0,0,1,0,35,LOW
TXN008425,2024-05-20,8,DEBIT,3202.31,CN,472635.48,469433.17,0,0,0,0,0,2,LOW
TXN008426,2024-01-31,19,PAYMENT,1559.51,DE,23466.01,21906.5,0,0,0,0,0,0,LOW
TXN008427,2024-08-15,10,CASH_IN,1736.31,US,319010.91,320747.22,0,0,0,0,0,5,LOW
TXN008428,2024-01-11,15,TRANSFER,3083.13,IR,28600.83,25517.7,0,0,0,1,0,33,LOW
TXN008429,2024-09-24,10,CASH_OUT,5176.77,UK,317189.27,312012.5,0,0,0,0,0,0,LOW
TXN008430,2024-07-21,7,DEBIT,6080.4,US,197965.29,191884.89,0,0,0,0,0,3,LOW
TXN008431,2024-09-15,21,CASH_OUT,2618.96,UK,226063.58,223444.62,0,0,0,0,0,4,LOW
TXN008432,2024-02-21,13,DEBIT,1853.22,NG,362181.03,360327.81,0,0,0,1,0,31,LOW
TXN008433,2024-11-07,7,DEBIT,4052.89,CN,272343.61,268290.72,0,0,0,0,0,4,LOW
TXN008434,2024-03-23,17,CASH_IN,390.15,US,256892.26,257282.41,0,0,0,0,0,1,LOW
TXN008435,2024-10-25,1,CASH_OUT,63304.9,IR,51726.85,0.0,0,0,0,1,1,91,HIGH
TXN008436,2024-08-29,11,CASH_IN,6653.52,US,67359.44,74012.96,0,0,0,0,0,5,LOW
TXN008437,2024-06-02,7,CASH_OUT,11863.23,RU,234464.11,222600.88,0,0,0,1,0,35,LOW
TXN008438,2024-01-04,12,CASH_IN,743.05,RU,150830.95,151574.0,0,0,0,1,0,35,LOW
TXN008439,2024-05-27,16,CASH_OUT,925.63,US,364109.17,363183.54,0,0,0,0,0,4,LOW
TXN008440,2024-12-05,23,TRANSFER,5110.79,US,83414.96,78304.17,0,0,0,0,1,24,LOW
TXN008441,2024-03-12,12,DEBIT,821.96,US,236870.31,236048.35,0,0,0,0,0,4,LOW
TXN008442,2024-08-13,20,DEBIT,1161.83,US,34784.5,33622.67,0,0,0,0,0,1,LOW
TXN008443,2024-01-14,8,PAYMENT,3011.78,RU,314212.52,311200.74,0,0,0,1,0,35,LOW
TXN008444,2024-05-11,19,TRANSFER,768.36,RU,276267.24,275498.88,0,0,0,1,0,35,LOW
TXN008445,2024-08-28,19,CASH_IN,6796.73,UK,399617.79,406414.52,0,0,0,0,0,0,LOW
TXN008446,2024-02-24,7,CASH_OUT,607.72,CN,495759.93,495152.21,0,0,0,0,0,0,LOW
TXN008447,2024-10-12,20,CASH_IN,4779.3,DE,235675.6,240454.9,0,0,0,0,0,5,LOW
TXN008448,2024-05-03,14,DEBIT,44.93,IR,153314.91,153269.98,0,0,0,1,0,34,LOW
TXN008449,2024-08-24,7,DEBIT,3762.08,CN,277098.4,273336.32,0,0,0,0,0,5,LOW
TXN008450,2024-08-20,15,PAYMENT,3655.45,IR,193901.54,190246.09,0,0,0,1,0,35,LOW
TXN008451,2024-01-03,17,PAYMENT,1286.97,US,34018.99,32732.02,0,0,0,0,0,1,LOW
TXN008452,2024-03-29,7,CASH_IN,4593.93,MX,137779.53,142373.46,0,0,0,0,0,1,LOW
TXN008453,2024-04-29,7,DEBIT,10092.12,IR,45189.47,35097.35,0,0,0,1,0,30,LOW
TXN008454,2024-02-14,16,PAYMENT,1745.74,NG,20310.87,18565.13,0,0,0,1,0,32,LOW
TXN008455,2024-07-16,14,PAYMENT,1189.62,US,443214.38,442024.76,0,0,0,0,0,1,LOW
TXN008456,2024-01-08,15,CASH_OUT,9661.2,UK,276170.48,266509.28,0,0,0,0,0,0,LOW
TXN008457,2024-01-01,14,PAYMENT,3956.16,DE,230054.32,226098.16,0,0,0,0,0,0,LOW
TXN008458,2024-01-05,15,TRANSFER,5862.52,NG,882.29,0.0,0,0,0,1,0,32,LOW
TXN008459,2024-09-07,10,PAYMENT,888.93,CN,140892.4,140003.47,0,0,0,0,0,0,LOW
TXN008460,2024-06-02,9,DEBIT,275.16,UK,276.77,1.61,0,0,0,0,0,2,LOW
TXN008461,2024-07-08,11,CASH_IN,3212.12,RU,255012.89,258225.01,0,0,0,1,0,34,LOW
TXN008462,2024-04-18,4,CASH_OUT,2348.67,IR,382598.93,380250.26,0,1,0,1,1,78,HIGH
TXN008463,2024-12-25,21,CASH_OUT,4800.8,CN,229269.97,224469.17,0,0,0,0,0,1,LOW
TXN008464,2024-06-22,13,TRANSFER,3780.67,IR,289734.16,285953.49,0,0,0,1,0,32,LOW
TXN008465,2024-05-08,7,PAYMENT,2379.06,IR,32536.27,30157.21,0,0,0,1,0,31,LOW
TXN008466,2024-06-04,11,CASH_OUT,1987.44,DE,461994.98,460007.54,0,0,0,0,0,3,LOW
TXN008467,2024-06-29,15,PAYMENT,490.28,MX,115165.77,114675.49,0,0,0,0,0,0,LOW
TXN008468,2024-09-15,13,TRANSFER,432.96,UK,63296.88,62863.92,0,0,0,0,0,4,LOW
TXN008469,2024-03-15,20,TRANSFER,4486.17,UK,493764.9,489278.73,0,0,0,0,0,4,LOW
TXN008470,2024-11-19,17,CASH_OUT,4447.31,MX,388817.12,384369.81,0,0,0,0,0,1,LOW
TXN008471,2024-06-22,10,DEBIT,1063.88,US,344955.12,343891.24,0,0,0,0,0,1,LOW
TXN008472,2024-05-10,13,PAYMENT,5773.1,MX,431463.68,425690.58,0,0,0,0,0,0,LOW
TXN008473,2024-08-17,12,CASH_OUT,3010.81,CN,461398.16,458387.35,0,0,0,0,0,0,LOW
TXN008474,2024-08-05,1,TRANSFER,22449.3,IR,84891.07,62441.77,0,0,0,1,1,70,HIGH
TXN008475,2024-02-09,21,CASH_IN,1221.56,DE,322824.08,324045.64,0,0,0,0,0,1,LOW
TXN008476,2024-12-08,11,CASH_IN,2030.32,US,242758.71,244789.03,0,0,0,0,0,4,LOW
TXN008477,2024-01-15,16,CASH_IN,2267.56,DE,82096.58,84364.14,0,0,0,0,0,1,LOW
TXN008478,2024-10-31,11,CASH_IN,1006.69,NG,389170.23,390176.92,0,0,0,1,0,31,LOW
TXN008479,2024-10-31,14,CASH_IN,4306.53,US,435251.44,439557.97,0,0,0,0,0,0,LOW
TXN008480,2024-07-15,1,CASH_OUT,18911.12,US,496909.01,477997.89,0,0,0,0,1,38,LOW
TXN008481,2024-10-23,16,PAYMENT,1078.95,DE,295168.31,294089.36,0,0,0,0,0,0,LOW
TXN008482,2024-01-04,4,TRANSFER,129250.94,NG,219901.16,90650.22,0,1,0,1,1,100,HIGH
TXN008483,2024-01-02,7,TRANSFER,1900.33,NG,297850.5,295950.17,0,0,0,1,0,31,LOW
TXN008484,2024-10-03,9,CASH_OUT,2136.54,US,8695.09,6558.55,0,0,0,0,0,0,LOW
TXN008485,2024-05-19,18,TRANSFER,2676.66,UK,474042.83,471366.17,0,0,0,0,0,2,LOW
TXN008486,2024-08-22,11,TRANSFER,365.57,IR,327351.53,326985.96,0,0,0,1,0,34,LOW
TXN008487,2024-02-27,10,PAYMENT,6297.26,US,293290.32,286993.06,0,0,0,0,0,5,LOW
TXN008488,2024-08-24,14,PAYMENT,151.72,DE,162251.45,162099.73,0,0,0,0,0,3,LOW
TXN008489,2024-08-11,14,TRANSFER,2198.21,US,469779.93,467581.72,0,0,0,0,0,2,LOW
TXN008490,2024-09-11,8,DEBIT,1053.06,US,97078.38,96025.32,0,0,0,0,0,1,LOW
TXN008491,2024-06-24,19,CASH_IN,12651.68,US,426255.55,438907.23,0,0,0,0,0,2,LOW
TXN008492,2024-03-10,16,CASH_IN,283.14,MX,29877.85,30160.99,0,0,0,0,0,1,LOW
TXN008493,2024-07-18,16,DEBIT,3135.11,US,5608.72,2473.61,0,0,0,0,0,2,LOW
TXN008494,2024-07-31,16,DEBIT,3984.01,IR,252266.9,248282.89,0,0,0,1,0,35,LOW
TXN008495,2024-10-10,11,CASH_IN,8336.12,US,105463.74,113799.86,0,0,0,0,0,2,LOW
TXN008496,2024-10-21,2,TRANSFER,77893.8,IR,420632.23,342738.43,0,0,0,1,1,92,HIGH
TXN008497,2024-10-13,14,TRANSFER,3151.12,CN,325173.76,322022.64,0,0,0,0,0,2,LOW
TXN008498,2024-05-15,9,DEBIT,235.42,CN,263884.13,263648.71,0,0,0,0,0,4,LOW
TXN008499,2024-03-22,11,CASH_IN,2504.55,US,194009.37,196513.92,0,0,0,0,0,5,LOW
TXN008500,2024-02-01,10,CASH_IN,6846.57,IR,205956.17,212802.74,0,0,0,1,0,31,LOW
TXN008501,2024-06-30,13,CASH_OUT,629.95,MX,171639.46,171009.51,0,0,0,0,0,3,LOW
TXN008502,2024-06-19,15,PAYMENT,4002.07,DE,132008.43,128006.36,0,0,0,0,0,4,LOW
TXN008503,2024-12-24,16,CASH_OUT,8833.74,DE,443229.78,434396.04,0,0,0,0,0,4,LOW
TXN008504,2024-10-27,9,CASH_OUT,682.45,DE,302340.15,301657.7,0,0,0,0,0,2,LOW
TXN008505,2024-06-06,13,DEBIT,773.89,CN,331489.6,330715.71,0,0,0,0,0,4,LOW
TXN008506,2024-04-04,13,CASH_OUT,10858.53,US,329996.85,319138.32,0,0,0,0,0,19,LOW
TXN008507,2024-05-27,8,CASH_IN,507.74,US,489264.05,489771.79,0,0,0,0,0,5,LOW
TXN008508,2024-07-31,21,DEBIT,12439.62,IR,69869.89,57430.27,0,0,0,1,0,34,LOW
TXN008509,2024-11-21,13,DEBIT,1154.65,RU,297655.86,296501.21,0,0,0,1,0,34,LOW
TXN008510,2024-02-21,20,PAYMENT,335.56,US,496482.36,496146.8,0,0,0,0,0,1,LOW
TXN008511,2024-06-10,11,PAYMENT,2264.84,UK,225804.44,223539.6,0,0,0,0,0,3,LOW
TXN008512,2024-02-09,1,CASH_OUT,35841.26,RU,350345.43,314504.17,0,0,0,1,1,69,MEDIUM
TXN008513,2024-09-17,7,CASH_IN,2667.42,DE,83276.17,85943.59,0,0,0,0,0,5,LOW
TXN008514,2024-10-26,21,CASH_OUT,8555.72,IR,430301.23,421745.51,0,0,0,1,0,34,LOW
TXN008515,2024-02-18,13,DEBIT,1399.22,MX,440092.7,438693.48,0,0,0,0,0,5,LOW
TXN008516,2024-09-16,13,CASH_OUT,5026.76,US,349951.73,344924.97,0,0,0,0,0,0,LOW
TXN008517,2024-07-10,7,CASH_OUT,4568.94,UK,29339.0,24770.06,0,0,0,0,0,5,LOW
TXN008518,2024-01-14,1,CASH_OUT,68681.41,NG,139804.83,71123.42,0,0,0,1,1,90,HIGH
TXN008519,2024-01-20,12,TRANSFER,262.73,UK,73460.55,73197.82,0,0,0,0,0,5,LOW
TXN008520,2024-04-13,4,TRANSFER,56566.93,UK,492353.31,435786.38,0,0,0,0,1,61,MEDIUM
TXN008521,2024-08-03,20,DEBIT,3585.57,US,207350.04,203764.47,0,0,0,0,0,4,LOW
TXN008522,2024-05-08,9,PAYMENT,131.98,IR,449341.66,449209.68,0,0,0,1,0,33,LOW
TXN008523,2024-06-10,14,DEBIT,10329.85,NG,300749.0,290419.15,0,0,0,1,0,34,LOW
TXN008524,2024-09-07,7,CASH_IN,4081.18,US,416269.0,420350.18,0,0,0,0,0,0,LOW
TXN008525,2024-06-04,18,PAYMENT,5450.46,US,296365.1,290914.64,0,0,0,0,0,1,LOW
TXN008526,2024-01-22,11,DEBIT,1297.95,IR,118739.81,117441.86,0,0,0,1,0,32,LOW
TXN008527,2024-03-01,18,DEBIT,605.69,NG,455433.5,454827.81,0,0,0,1,0,30,LOW
TXN008528,2024-10-02,18,CASH_IN,10537.58,UK,384314.89,394852.47,0,0,0,0,0,5,LOW
TXN008529,2024-10-05,12,DEBIT,144.08,UK,198490.7,198346.62,0,0,0,0,0,4,LOW
TXN008530,2024-04-24,14,TRANSFER,339.52,NG,277829.39,277489.87,0,0,0,1,0,35,LOW
TXN008531,2024-01-05,17,TRANSFER,11521.04,US,297043.18,285522.14,0,0,0,0,0,18,LOW
TXN008532,2024-11-19,12,TRANSFER,6003.11,US,23301.99,17298.88,0,0,0,0,0,1,LOW
TXN008533,2024-06-24,21,DEBIT,4950.37,IR,187075.4,182125.03,0,0,0,1,0,31,LOW
TXN008534,2024-02-11,16,DEBIT,479.76,IR,259316.67,258836.91,0,0,0,1,0,31,LOW
TXN008535,2024-03-22,20,CASH_OUT,11794.95,UK,402571.5,390776.55,0,0,0,0,0,15,LOW
TXN008536,2024-06-19,7,CASH_IN,6971.23,IR,418653.04,425624.27,0,0,0,1,0,32,LOW
TXN008537,2024-05-08,16,PAYMENT,3040.15,CN,236107.81,233067.66,0,0,0,0,0,1,LOW
TXN008538,2024-03-19,14,DEBIT,1079.15,MX,71127.24,70048.09,0,0,0,0,0,3,LOW
TXN008539,2024-01-31,13,PAYMENT,2233.69,MX,41669.46,39435.77,0,0,0,0,0,1,LOW
TXN008540,2024-09-11,16,DEBIT,219.11,UK,88715.32,88496.21,0,0,0,0,0,3,LOW
TXN008541,2024-05-21,13,CASH_IN,779.0,NG,27324.55,28103.55,0,0,0,1,0,32,LOW
TXN008542,2024-11-16,14,CASH_IN,112.34,US,329697.65,329809.99,0,0,0,0,0,2,LOW
TXN008543,2024-11-01,14,TRANSFER,7969.12,RU,242446.99,234477.87,0,0,0,1,0,34,LOW
TXN008544,2024-10-03,9,CASH_OUT,403.99,MX,430603.38,430199.39,0,0,0,0,0,1,LOW
TXN008545,2024-08-31,4,TRANSFER,121916.28,US,36835.63,0.0,0,0,0,0,1,63,MEDIUM
TXN008546,2024-08-19,20,TRANSFER,2415.13,DE,278021.29,275606.16,0,0,0,0,0,4,LOW
TXN008547,2024-10-25,21,PAYMENT,14491.39,UK,125003.47,110512.08,0,0,0,0,0,2,LOW
TXN008548,2024-10-21,11,DEBIT,381.99,UK,132561.84,132179.85,0,0,0,0,0,4,LOW
TXN008549,2024-01-15,19,CASH_IN,699.78,MX,413989.19,414688.97,0,0,0,0,0,1,LOW
TXN008550,2024-04-16,14,TRANSFER,3366.46,US,115278.86,111912.4,0,0,0,0,0,5,LOW
TXN008551,2024-11-30,14,PAYMENT,269.75,UK,200395.74,200125.99,0,0,0,0,0,5,LOW
TXN008552,2024-03-05,16,PAYMENT,849.31,MX,59309.33,58460.02,0,0,0,0,0,5,LOW
TXN008553,2024-01-13,3,CASH_OUT,2371.45,CN,362386.45,360015.0,0,1,0,0,1,48,MEDIUM
TXN008554,2024-01-03,2,TRANSFER,66152.84,RU,251438.75,185285.91,0,0,0,1,1,92,HIGH
TXN008555,2024-10-02,4,TRANSFER,65318.07,UK,240789.82,175471.75,0,0,0,0,1,61,MEDIUM
TXN008556,2024-04-01,12,CASH_OUT,1017.08,NG,425400.45,424383.37,0,0,0,1,0,34,LOW
TXN008557,2024-01-13,8,TRANSFER,1047.05,DE,131920.77,130873.72,0,0,0,0,0,0,LOW
TXN008558,2024-03-31,8,CASH_OUT,335.81,US,463558.89,463223.08,0,0,0,0,0,3,LOW
TXN008559,2024-03-03,17,CASH_OUT,1969.3,RU,354066.75,352097.45,0,0,0,1,0,30,LOW
TXN008560,2024-04-21,16,TRANSFER,250.08,US,296097.17,295847.09,0,0,0,0,0,0,LOW
TXN008561,2024-11-16,8,TRANSFER,961.2,US,391966.49,391005.29,0,0,0,0,0,3,LOW
TXN008562,2024-05-17,8,PAYMENT,2103.7,CN,446449.31,444345.61,0,0,0,0,0,3,LOW
TXN008563,2024-03-12,7,PAYMENT,1248.01,US,316534.99,315286.98,0,0,0,0,0,2,LOW
TXN008564,2024-02-15,21,CASH_OUT,2847.78,NG,410848.74,408000.96,0,0,0,1,0,35,LOW
TXN008565,2024-03-09,18,CASH_IN,7710.2,US,95292.82,103003.02,0,0,0,0,0,0,LOW
TXN008566,2024-12-05,13,PAYMENT,758.5,US,339132.84,338374.34,0,0,0,0,0,4,LOW
TXN008567,2024-04-05,17,CASH_IN,2154.48,MX,378306.58,380461.06,0,0,0,0,0,1,LOW
TXN008568,2024-01-01,17,CASH_OUT,19630.61,DE,124243.71,104613.1,0,0,0,0,0,15,LOW
TXN008569,2024-10-29,12,CASH_OUT,1376.19,RU,191490.47,190114.28,0,0,0,1,0,34,LOW
TXN008570,2024-11-09,18,DEBIT,2970.61,RU,464688.86,461718.25,0,0,0,1,0,34,LOW
TXN008571,2024-11-10,12,PAYMENT,2855.25,CN,444783.59,441928.34,0,0,0,0,0,4,LOW
TXN008572,2024-06-11,16,CASH_IN,3541.05,CN,475024.8,478565.85,0,0,0,0,0,3,LOW
TXN008573,2024-09-27,20,DEBIT,2575.88,US,158759.48,156183.6,0,0,0,0,0,2,LOW
TXN008574,2024-04-05,12,DEBIT,2249.75,DE,248151.99,245902.24,0,0,0,0,0,3,LOW
TXN008575,2024-09-03,11,CASH_IN,1235.13,US,319296.15,320531.28,0,0,0,0,0,1,LOW
TXN008576,2024-07-18,20,PAYMENT,565.8,UK,488333.54,487767.74,0,0,0,0,0,2,LOW
TXN008577,2024-03-18,9,CASH_IN,1848.99,US,115707.61,117556.6,0,0,0,0,0,5,LOW
TXN008578,2024-09-08,9,CASH_IN,7947.63,UK,19078.07,27025.7,0,0,0,0,0,0,LOW
TXN008579,2024-01-24,17,CASH_OUT,4517.3,US,64451.01,59933.71,0,0,0,0,0,0,LOW
TXN008580,2024-08-27,20,PAYMENT,4886.76,UK,389203.17,384316.41,0,0,0,0,0,3,LOW
TXN008581,2024-03-21,17,TRANSFER,510.27,NG,332269.78,331759.51,0,0,0,1,0,34,LOW
TXN008582,2024-06-09,18,CASH_IN,9817.83,US,28676.92,38494.75,0,0,0,0,0,4,LOW
TXN008583,2024-05-02,3,CASH_OUT,13846.63,US,264403.47,250556.84,0,0,0,0,1,37,LOW
TXN008584,2024-01-13,23,CASH_OUT,3375.74,DE,351131.06,347755.32,0,0,0,0,1,23,LOW
TXN008585,2024-04-27,3,TRANSFER,33205.63,US,120564.66,87359.03,0,1,0,0,1,60,MEDIUM
TXN008586,2024-03-25,15,DEBIT,22.42,NG,285533.72,285511.3,0,0,0,1,0,33,LOW
TXN008587,2024-07-03,10,CASH_OUT,638.63,IR,121977.17,121338.54,0,0,0,1,0,30,LOW
TXN008588,2024-02-26,7,CASH_IN,241.45,RU,76680.28,76921.73,0,0,0,1,0,32,LOW
TXN008589,2024-01-15,9,DEBIT,395.39,NG,308750.84,308355.45,0,0,0,1,0,32,LOW
TXN008590,2024-04-10,10,PAYMENT,472.42,UK,24924.91,24452.49,0,0,0,0,0,3,LOW
TXN008591,2024-05-06,17,PAYMENT,2027.74,US,317011.11,314983.37,0,0,0,0,0,1,LOW
TXN008592,2024-11-07,9,CASH_IN,172.01,IR,464200.32,464372.33,0,0,0,1,0,31,LOW
TXN008593,2024-06-27,15,CASH_IN,914.82,US,161908.07,162822.89,0,0,0,0,0,3,LOW
TXN008594,2024-11-30,16,DEBIT,94.12,UK,449123.49,449029.37,0,0,0,0,0,0,LOW
TXN008595,2024-01-23,13,DEBIT,6014.29,US,12544.5,6530.21,0,0,0,0,0,2,LOW
TXN008596,2024-11-01,1,TRANSFER,27922.84,DE,342711.41,314788.57,0,1,0,0,1,63,MEDIUM
TXN008597,2024-05-15,15,DEBIT,563.31,UK,65120.26,64556.95,0,0,0,0,0,4,LOW
TXN008598,2024-10-30,2,TRANSFER,2020.39,NG,402365.75,400345.36,0,0,0,1,1,53,MEDIUM
TXN008599,2024-05-08,17,CASH_OUT,1599.13,UK,437631.76,436032.63,0,0,0,0,0,3,LOW
TXN008600,2024-11-10,20,CASH_OUT,6720.06,UK,464261.07,457541.01,0,0,0,0,0,5,LOW
TXN008601,2024-11-11,9,CASH_OUT,545.98,NG,270242.98,269697.0,0,0,0,1,0,33,LOW
TXN008602,2024-05-19,8,TRANSFER,4725.12,NG,221612.18,216887.06,0,0,0,1,0,33,LOW
TXN008603,2024-02-01,15,CASH_IN,1361.96,US,420414.5,421776.46,0,0,0,0,0,4,LOW
TXN008604,2024-08-11,16,CASH_IN,1736.25,MX,434186.12,435922.37,0,0,0,0,0,5,LOW
TXN008605,2024-12-17,18,CASH_OUT,568.48,US,315192.64,314624.16,0,0,0,0,0,2,LOW
TXN008606,2024-07-09,18,CASH_OUT,197.05,US,11526.34,11329.29,0,0,0,0,0,1,LOW
TXN008607,2024-07-07,15,TRANSFER,4723.7,UK,460891.15,456167.45,0,0,0,0,0,5,LOW
TXN008608,2024-09-28,16,CASH_OUT,405.04,US,159046.64,158641.6,0,0,0,0,0,4,LOW
TXN008609,2024-06-14,9,PAYMENT,1984.75,US,8062.07,6077.32,0,0,0,0,0,1,LOW
TXN008610,2024-04-02,1,TRANSFER,77424.66,IR,261659.11,184234.45,0,1,0,1,1,100,HIGH
TXN008611,2024-08-05,15,CASH_OUT,848.34,US,220561.61,219713.27,0,0,0,0,0,0,LOW
TXN008612,2024-02-25,12,CASH_IN,3973.5,US,38831.82,42805.32,0,0,0,0,0,3,LOW
TXN008613,2024-07-25,16,PAYMENT,6868.99,US,254104.81,247235.82,0,0,0,0,0,4,LOW
TXN008614,2024-09-04,18,PAYMENT,3342.79,CN,357853.37,354510.58,0,0,0,0,0,3,LOW
TXN008615,2024-12-11,21,CASH_IN,5794.62,US,446944.18,452738.8,0,0,0,0,0,4,LOW
TXN008616,2024-02-22,4,CASH_OUT,65823.45,RU,196272.21,130448.76,0,1,0,1,1,100,HIGH
TXN008617,2024-07-05,8,DEBIT,1264.83,RU,15414.37,14149.54,0,0,0,1,0,34,LOW
TXN008618,2024-03-08,12,DEBIT,134.94,NG,355085.35,354950.41,0,0,0,1,0,34,LOW
TXN008619,2024-05-27,3,CASH_OUT,116176.29,NG,51682.36,0.0,0,1,0,1,1,100,HIGH
TXN008620,2024-01-03,17,CASH_OUT,1112.57,DE,402204.24,401091.67,0,0,0,0,0,1,LOW
TXN008621,2024-07-29,9,TRANSFER,5412.22,CN,272100.92,266688.7,0,0,0,0,0,0,LOW
TXN008622,2024-05-19,9,CASH_OUT,2856.6,NG,232545.66,229689.06,0,0,0,1,0,35,LOW
TXN008623,2024-02-23,15,CASH_IN,3614.46,DE,41591.79,45206.25,0,0,0,0,0,5,LOW
TXN008624,2024-10-11,18,TRANSFER,3212.22,US,499410.74,496198.52,0,0,0,0,0,3,LOW
TXN008625,2024-08-07,15,DEBIT,4229.03,US,477721.95,473492.92,0,0,0,0,0,0,LOW
TXN008626,2024-08-29,1,TRANSFER,56655.14,IR,280144.43,223489.29,0,1,0,1,1,100,HIGH
TXN008627,2024-01-27,17,TRANSFER,1558.39,UK,211510.19,209951.8,0,0,0,0,0,3,LOW
TXN008628,2024-07-26,14,CASH_IN,1372.17,NG,18264.21,19636.38,0,0,0,1,0,34,LOW
TXN008629,2024-06-01,18,CASH_OUT,7324.66,NG,459349.42,452024.76,0,0,0,1,0,34,LOW
TXN008630,2024-08-11,14,CASH_IN,4498.75,US,193503.66,198002.41,0,0,0,0,0,0,LOW
TXN008631,2024-06-04,17,PAYMENT,6884.46,UK,200367.34,193482.88,0,0,0,0,0,5,LOW
TXN008632,2024-09-18,15,DEBIT,7162.3,RU,461971.83,454809.53,0,0,0,1,0,33,LOW
TXN008633,2024-02-15,10,CASH_IN,2179.37,NG,487066.37,489245.74,0,0,0,1,0,31,LOW
TXN008634,2024-01-04,19,CASH_IN,6116.77,UK,57007.0,63123.77,0,0,0,0,0,2,LOW
TXN008635,2024-11-26,17,PAYMENT,3093.73,NG,42111.31,39017.58,0,0,0,1,0,34,LOW
TXN008636,2024-09-05,14,CASH_IN,215.03,US,90937.21,91152.24,0,0,0,0,0,0,LOW
TXN008637,2024-07-13,18,CASH_OUT,6578.74,US,176672.84,170094.1,0,0,0,0,0,2,LOW
TXN008638,2024-09-25,18,PAYMENT,4073.52,RU,99311.23,95237.71,0,0,0,1,0,34,LOW
TXN008639,2024-01-18,20,TRANSFER,12732.61,UK,174622.39,161889.78,0,0,0,0,0,20,LOW
TXN008640,2024-03-30,13,PAYMENT,25.85,MX,469215.92,469190.07,0,0,0,0,0,5,LOW
TXN008641,2024-06-19,19,TRANSFER,3010.55,US,121860.09,118849.54,0,0,0,0,0,1,LOW
TXN008642,2024-11-06,21,TRANSFER,5529.82,DE,263604.93,258075.11,0,0,0,0,0,4,LOW
TXN008643,2024-05-05,9,CASH_IN,1615.67,RU,150396.59,152012.26,0,0,0,1,0,32,LOW
TXN008644,2024-04-09,18,PAYMENT,6227.59,US,496430.4,490202.81,0,0,0,0,0,3,LOW
TXN008645,2024-07-18,13,DEBIT,3536.53,RU,31396.22,27859.69,0,0,0,1,0,30,LOW
TXN008646,2024-09-10,17,TRANSFER,3007.34,US,219542.13,216534.79,0,0,0,0,0,1,LOW
TXN008647,2024-06-22,12,CASH_OUT,1428.51,US,461147.65,459719.14,0,0,0,0,0,3,LOW
TXN008648,2024-09-11,19,DEBIT,208.34,US,128435.73,128227.39,0,0,0,0,0,5,LOW
TXN008649,2024-09-29,7,DEBIT,2088.29,UK,414950.16,412861.87,0,0,0,0,0,3,LOW
TXN008650,2024-03-10,18,CASH_IN,5688.3,RU,96151.13,101839.43,0,0,0,1,0,31,LOW
TXN008651,2024-06-15,15,TRANSFER,1326.26,US,205107.02,203780.76,0,0,0,0,0,1,LOW
TXN008652,2024-02-15,12,DEBIT,2821.88,US,62634.21,59812.33,0,0,0,0,0,5,LOW
TXN008653,2024-05-10,19,DEBIT,494.3,CN,462457.19,461962.89,0,0,0,0,0,1,LOW
TXN008654,2024-05-24,1,CASH_OUT,12462.64,UK,298504.91,286042.27,0,0,0,0,1,38,LOW
TXN008655,2024-06-21,7,DEBIT,8627.93,DE,449722.7,441094.77,0,0,0,0,0,1,LOW
TXN008656,2024-03-02,13,PAYMENT,954.9,DE,434906.28,433951.38,0,0,0,0,0,1,LOW
TXN008657,2024-05-03,12,PAYMENT,996.31,US,366497.22,365500.91,0,0,0,0,0,5,LOW
TXN008658,2024-04-08,16,TRANSFER,1069.26,UK,215781.13,214711.87,0,0,0,0,0,2,LOW
TXN008659,2024-06-21,15,CASH_IN,5572.95,US,338891.31,344464.26,0,0,0,0,0,1,LOW
TXN008660,2024-09-26,13,TRANSFER,1028.72,DE,257599.57,256570.85,0,0,0,0,0,3,LOW
TXN008661,2024-06-28,23,TRANSFER,133657.22,IR,152574.57,18917.35,0,1,0,1,1,100,HIGH
TXN008662,2024-05-30,18,PAYMENT,5945.32,IR,63761.45,57816.13,0,0,0,1,0,35,LOW
TXN008663,2024-07-11,19,PAYMENT,2889.96,US,211553.36,208663.4,0,0,0,0,0,0,LOW
TXN008664,2024-01-01,1,CASH_OUT,55742.12,IR,38600.44,0.0,0,1,0,1,1,100,HIGH
TXN008665,2024-09-03,11,DEBIT,530.54,NG,474707.82,474177.28,0,0,0,1,0,33,LOW
TXN008666,2024-01-29,9,TRANSFER,3123.11,RU,83254.05,80130.94,0,0,0,1,0,31,LOW
TXN008667,2024-08-03,20,CASH_IN,1026.29,UK,448213.05,449239.34,0,0,0,0,0,0,LOW
TXN008668,2024-08-26,11,TRANSFER,14842.02,US,14548.69,0.0,0,0,0,0,0,19,LOW
TXN008669,2024-07-17,19,PAYMENT,7388.44,US,2315.06,0.0,0,0,0,0,0,1,LOW
TXN008670,2024-12-13,16,PAYMENT,1118.92,UK,152344.61,151225.69,0,0,0,0,0,3,LOW
TXN008671,2024-05-02,8,CASH_OUT,1381.98,RU,277098.46,275716.48,0,0,0,1,0,30,LOW
TXN008672,2024-07-13,19,DEBIT,995.52,RU,11610.99,10615.47,0,0,0,1,0,32,LOW
TXN008673,2024-05-28,19,DEBIT,3651.65,UK,272429.81,268778.16,0,0,0,0,0,1,LOW
TXN008674,2024-07-19,15,PAYMENT,1540.56,MX,161627.04,160086.48,0,0,0,0,0,1,LOW
TXN008675,2024-05-29,21,PAYMENT,1587.22,US,334021.1,332433.88,0,0,0,0,0,3,LOW
TXN008676,2024-09-08,18,DEBIT,1581.91,NG,224142.46,222560.55,0,0,0,1,0,30,LOW
TXN008677,2024-11-19,14,DEBIT,50.74,IR,91220.77,91170.03,0,0,0,1,0,31,LOW
TXN008678,2024-09-22,14,CASH_IN,5886.47,UK,232187.21,238073.68,0,0,0,0,0,2,LOW
TXN008679,2024-12-18,20,DEBIT,5863.27,MX,299454.26,293590.99,0,0,0,0,0,1,LOW
TXN008680,2024-07-05,8,PAYMENT,6999.85,US,105171.91,98172.06,0,0,0,0,0,2,LOW
TXN008681,2024-07-02,19,TRANSFER,10069.81,IR,293765.09,283695.28,0,0,0,1,0,35,LOW
TXN008682,2024-08-16,14,TRANSFER,1044.93,IR,113715.54,112670.61,0,0,0,1,0,35,LOW
TXN008683,2024-12-22,15,CASH_OUT,1350.75,US,95040.25,93689.5,0,0,0,0,0,4,LOW
TXN008684,2024-08-05,18,PAYMENT,31.16,NG,298509.74,298478.58,0,0,0,1,0,34,LOW
TXN008685,2024-03-10,17,DEBIT,4762.31,US,240799.61,236037.3,0,0,0,0,0,5,LOW
TXN008686,2024-07-09,12,CASH_OUT,1097.27,RU,102791.23,101693.96,0,0,0,1,0,30,LOW
TXN008687,2024-12-01,9,CASH_IN,627.21,UK,103887.39,104514.6,0,0,0,0,0,0,LOW
TXN008688,2024-12-25,8,DEBIT,494.21,MX,114617.1,114122.89,0,0,0,0,0,3,LOW
TXN008689,2024-07-22,19,TRANSFER,3475.7,UK,414171.04,410695.34,0,0,0,0,0,5,LOW
TXN008690,2024-11-24,17,CASH_OUT,5003.31,NG,3887.98,0.0,0,0,0,1,0,35,LOW
TXN008691,2024-02-26,9,DEBIT,6510.67,DE,64655.92,58145.25,0,0,0,0,0,3,LOW
TXN008692,2024-10-10,13,CASH_OUT,5411.03,MX,60703.19,55292.16,0,0,0,0,0,2,LOW
TXN008693,2024-05-17,12,DEBIT,2754.75,MX,473050.04,470295.29,0,0,0,0,0,1,LOW
TXN008694,2024-06-27,12,CASH_OUT,3165.52,UK,109158.86,105993.34,0,0,0,0,0,1,LOW
TXN008695,2024-09-30,10,CASH_OUT,6165.24,US,127990.0,121824.76,0,0,0,0,0,0,LOW
TXN008696,2024-02-12,9,TRANSFER,679.3,US,348942.36,348263.06,0,0,0,0,0,0,LOW
TXN008697,2024-09-26,16,TRANSFER,420.6,US,475398.91,474978.31,0,0,0,0,0,0,LOW
TXN008698,2024-12-03,9,DEBIT,2883.61,IR,42489.29,39605.68,0,0,0,1,0,34,LOW
TXN008699,2024-10-22,13,DEBIT,678.37,CN,417821.75,417143.38,0,0,0,0,0,5,LOW
TXN008700,2024-10-25,16,DEBIT,1086.15,UK,120994.56,119908.41,0,0,0,0,0,2,LOW
TXN008701,2024-10-27,12,CASH_IN,42.68,UK,11717.6,11760.28,0,0,0,0,0,0,LOW
TXN008702,2024-05-19,19,TRANSFER,5187.88,UK,476721.21,471533.33,0,0,0,0,0,2,LOW
TXN008703,2024-07-22,17,CASH_IN,1043.89,UK,377510.45,378554.34,0,0,0,0,0,3,LOW
TXN008704,2024-04-18,21,CASH_IN,4121.92,CN,83974.84,88096.76,0,0,0,0,0,0,LOW
TXN008705,2024-03-20,11,PAYMENT,1270.89,CN,498206.93,496936.04,0,0,0,0,0,1,LOW
TXN008706,2024-10-11,13,DEBIT,1676.05,NG,78573.51,76897.46,0,0,0,1,0,33,LOW
TXN008707,2024-01-12,9,DEBIT,386.93,IR,135632.67,135245.74,0,0,0,1,0,34,LOW
TXN008708,2024-01-11,10,DEBIT,5275.92,US,479701.43,474425.51,0,0,0,0,0,1,LOW
TXN008709,2024-01-05,8,PAYMENT,654.39,UK,287862.19,287207.8,0,0,0,0,0,2,LOW
TXN008710,2024-12-18,8,PAYMENT,1881.14,DE,221852.19,219971.05,0,0,0,0,0,5,LOW
TXN008711,2024-05-24,8,TRANSFER,15384.45,US,134670.65,119286.2,0,0,0,0,0,20,LOW
TXN008712,2024-01-26,15,PAYMENT,1698.71,UK,98622.79,96924.08,0,0,0,0,0,4,LOW
TXN008713,2024-02-28,12,DEBIT,767.7,US,46898.78,46131.08,0,0,0,0,0,2,LOW
TXN008714,2024-03-31,14,PAYMENT,3245.56,CN,260380.56,257135.0,0,0,0,0,0,5,LOW
TXN008715,2024-01-21,15,CASH_OUT,7218.62,NG,21900.33,14681.71,0,0,0,1,0,34,LOW
TXN008716,2024-06-30,11,CASH_IN,1870.08,US,474742.71,476612.79,0,0,0,0,0,3,LOW
TXN008717,2024-02-28,8,CASH_IN,996.69,RU,102052.78,103049.47,0,0,0,1,0,32,LOW
TXN008718,2024-01-26,7,CASH_OUT,18852.35,US,445681.52,426829.17,0,0,0,0,0,20,LOW
TXN008719,2024-03-02,12,TRANSFER,1857.72,MX,130619.18,128761.46,0,0,0,0,0,5,LOW
TXN008720,2024-12-10,9,CASH_OUT,5320.54,MX,137807.6,132487.06,0,0,0,0,0,2,LOW
TXN008721,2024-05-01,10,PAYMENT,1327.52,MX,133805.6,132478.08,0,0,0,0,0,1,LOW
TXN008722,2024-03-27,14,DEBIT,2046.0,US,58203.3,56157.3,0,0,0,0,0,1,LOW
TXN008723,2024-03-28,15,DEBIT,1926.73,NG,457593.75,455667.02,0,0,0,1,0,30,LOW
TXN008724,2024-12-02,12,DEBIT,11023.94,US,273373.11,262349.17,0,0,0,0,0,2,LOW
TXN008725,2024-05-13,7,DEBIT,8059.7,RU,87599.89,79540.19,0,0,0,1,0,34,LOW
TXN008726,2024-06-13,7,PAYMENT,5107.05,UK,213806.42,208699.37,0,0,0,0,0,3,LOW
TXN008727,2024-04-11,9,DEBIT,10731.76,DE,480369.03,469637.27,0,0,0,0,0,1,LOW
TXN008728,2024-09-17,13,CASH_IN,3609.28,UK,390463.42,394072.7,0,0,0,0,0,3,LOW
TXN008729,2024-12-18,12,CASH_OUT,4146.32,US,362154.25,358007.93,0,0,0,0,0,1,LOW
TXN008730,2024-05-18,9,TRANSFER,1533.29,CN,267367.18,265833.89,0,0,0,0,0,2,LOW
TXN008731,2024-08-20,10,CASH_IN,982.7,RU,231102.28,232084.98,0,0,0,1,0,30,LOW
TXN008732,2024-06-26,10,CASH_IN,5001.69,DE,228088.7,233090.39,0,0,0,0,0,4,LOW
TXN008733,2024-12-27,9,DEBIT,8986.85,RU,374987.52,366000.67,0,0,0,1,0,35,LOW
TXN008734,2024-07-14,21,CASH_IN,1090.83,US,324087.29,325178.12,0,0,0,0,0,5,LOW
TXN008735,2024-11-17,4,TRANSFER,36416.11,RU,32832.42,0.0,0,0,0,1,1,68,MEDIUM
TXN008736,2024-01-12,10,CASH_IN,6956.18,RU,192824.39,199780.57,0,0,0,1,0,32,LOW
TXN008737,2024-01-25,8,PAYMENT,2271.39,IR,115540.01,113268.62,0,0,0,1,0,32,LOW
TXN008738,2024-07-27,12,DEBIT,1484.24,CN,254242.22,252757.98,0,0,0,0,0,5,LOW
TXN008739,2024-11-06,19,DEBIT,666.93,DE,264641.04,263974.11,0,0,0,0,0,3,LOW
TXN008740,2024-06-27,9,DEBIT,2779.42,US,156074.19,153294.77,0,0,0,0,0,0,LOW
TXN008741,2024-12-15,15,PAYMENT,4468.59,US,349870.7,345402.11,0,0,0,0,0,3,LOW
TXN008742,2024-04-03,19,CASH_OUT,9629.98,US,270996.8,261366.82,0,0,0,0,0,4,LOW
TXN008743,2024-04-03,12,DEBIT,3244.49,US,131940.09,128695.6,0,0,0,0,0,1,LOW
TXN008744,2024-07-08,12,CASH_OUT,3442.76,MX,220837.55,217394.79,0,0,0,0,0,3,LOW
TXN008745,2024-10-24,15,CASH_IN,3228.52,US,239847.97,243076.49,0,0,0,0,0,1,LOW
TXN008746,2024-02-06,17,DEBIT,1044.14,IR,91788.64,90744.5,0,0,0,1,0,33,LOW
TXN008747,2024-10-25,21,TRANSFER,947.91,MX,166185.34,165237.43,0,0,0,0,0,1,LOW
TXN008748,2024-12-26,15,CASH_IN,4287.5,MX,180956.26,185243.76,0,0,0,0,0,4,LOW
TXN008749,2024-04-16,4,TRANSFER,2311.25,MX,382051.9,379740.65,0,0,0,0,1,20,LOW
TXN008750,2024-06-14,8,PAYMENT,2639.93,US,433237.3,430597.37,0,0,0,0,0,4,LOW
TXN008751,2024-11-01,16,CASH_IN,8724.45,US,228326.06,237050.51,0,0,0,0,0,5,LOW
TXN008752,2024-01-19,23,TRANSFER,84342.58,IR,175562.57,91219.99,0,0,0,1,1,94,HIGH
TXN008753,2024-10-03,13,PAYMENT,1181.6,US,71900.38,70718.78,0,0,0,0,0,5,LOW
TXN008754,2024-09-01,13,CASH_IN,474.66,RU,68549.82,69024.48,0,0,0,1,0,33,LOW
TXN008755,2024-06-12,20,CASH_OUT,1344.55,UK,367126.46,365781.91,0,0,0,0,0,2,LOW
TXN008756,2024-11-05,13,CASH_OUT,927.89,RU,436824.89,435897.0,0,0,0,1,0,33,LOW
TXN008757,2024-11-14,17,PAYMENT,1305.36,US,475452.89,474147.53,0,0,0,0,0,2,LOW
TXN008758,2024-04-08,17,CASH_OUT,431.03,US,199293.14,198862.11,0,0,0,0,0,2,LOW
TXN008759,2024-05-17,10,PAYMENT,1277.2,DE,92574.77,91297.57,0,0,0,0,0,3,LOW
TXN008760,2024-10-24,2,CASH_OUT,32324.33,US,212673.64,180349.31,0,0,0,0,1,35,LOW
TXN008761,2024-08-18,20,PAYMENT,1750.5,RU,214589.25,212838.75,0,0,0,1,0,32,LOW
TXN008762,2024-11-19,20,CASH_IN,697.39,MX,149607.07,150304.46,0,0,0,0,0,1,LOW
TXN008763,2024-11-14,14,DEBIT,3091.76,US,469488.34,466396.58,0,0,0,0,0,2,LOW
TXN008764,2024-08-28,7,DEBIT,3037.69,US,66689.15,63651.46,0,0,0,0,0,2,LOW
TXN008765,2024-07-20,20,CASH_IN,374.1,NG,109613.8,109987.9,0,0,0,1,0,32,LOW
TXN008766,2024-06-29,18,CASH_OUT,10435.1,CN,63251.3,52816.2,0,0,0,0,0,16,LOW
TXN008767,2024-06-09,15,PAYMENT,2259.23,UK,485760.56,483501.33,0,0,0,0,0,0,LOW
TXN008768,2024-04-01,20,PAYMENT,4995.42,MX,372448.72,367453.3,0,0,0,0,0,3,LOW
TXN008769,2024-09-07,12,CASH_IN,14924.02,US,462737.28,477661.3,0,0,0,0,0,3,LOW
TXN008770,2024-07-19,12,DEBIT,1532.32,US,240269.18,238736.86,0,0,0,0,0,2,LOW
TXN008771,2024-04-02,14,CASH_OUT,8291.94,RU,323817.38,315525.44,0,0,0,1,0,30,LOW
TXN008772,2024-03-22,19,CASH_OUT,575.72,RU,244839.59,244263.87,0,0,0,1,0,30,LOW
TXN008773,2024-01-17,20,PAYMENT,7025.44,CN,386448.84,379423.4,0,0,0,0,0,3,LOW
TXN008774,2024-02-28,11,TRANSFER,1028.75,US,354578.89,353550.14,0,0,0,0,0,1,LOW
TXN008775,2024-07-12,9,CASH_IN,295.82,RU,275217.91,275513.73,0,0,0,1,0,30,LOW
TXN008776,2024-03-23,16,TRANSFER,814.15,UK,239707.32,238893.17,0,0,0,0,0,4,LOW
TXN008777,2024-01-09,17,DEBIT,137.75,NG,418443.74,418305.99,0,0,0,1,0,32,LOW
TXN008778,2024-02-17,15,TRANSFER,655.01,MX,373084.22,372429.21,0,0,0,0,0,5,LOW
TXN008779,2024-07-13,7,DEBIT,3940.08,MX,299447.32,295507.24,0,0,0,0,0,0,LOW
TXN008780,2024-08-24,10,CASH_IN,376.13,UK,290916.34,291292.47,0,0,0,0,0,1,LOW
TXN008781,2024-10-20,21,TRANSFER,477.7,US,216634.87,216157.17,0,0,0,0,0,5,LOW
TXN008782,2024-04-16,16,TRANSFER,724.19,IR,125658.82,124934.63,0,0,0,1,0,31,LOW
TXN008783,2024-02-29,15,CASH_OUT,827.96,NG,154110.29,153282.33,0,0,0,1,0,33,LOW
TXN008784,2024-01-26,21,TRANSFER,874.77,US,69941.06,69066.29,0,0,0,0,0,4,LOW
TXN008785,2024-01-28,11,PAYMENT,1967.16,IR,54288.51,52321.35,0,0,0,1,0,35,LOW
TXN008786,2024-01-05,13,CASH_IN,5706.7,US,270934.33,276641.03,0,0,0,0,0,5,LOW
TXN008787,2024-02-15,12,CASH_IN,2719.5,IR,263768.37,266487.87,0,0,0,1,0,35,LOW
TXN008788,2024-06-18,18,TRANSFER,2113.42,MX,19039.37,16925.95,0,0,0,0,0,0,LOW
TXN008789,2024-11-21,17,TRANSFER,869.91,US,36918.74,36048.83,0,0,0,0,0,5,LOW
TXN008790,2024-10-18,18,CASH_IN,3510.94,NG,375083.36,378594.3,0,0,0,1,0,32,LOW
TXN008791,2024-04-15,19,DEBIT,1970.71,MX,286363.3,284392.59,0,0,0,0,0,1,LOW
TXN008792,2024-12-12,14,CASH_IN,3656.99,IR,317547.69,321204.68,0,0,0,1,0,31,LOW
TXN008793,2024-06-14,19,TRANSFER,97.73,CN,130876.47,130778.74,0,0,0,0,0,2,LOW
TXN008794,2024-09-28,8,TRANSFER,10820.23,NG,236104.83,225284.6,0,0,0,1,0,35,LOW
TXN008795,2024-05-16,9,CASH_IN,960.29,MX,455594.64,456554.93,0,0,0,0,0,4,LOW
TXN008796,2024-12-03,1,CASH_OUT,38831.75,NG,171501.98,132670.23,0,0,0,1,1,68,MEDIUM
TXN008797,2024-07-21,8,DEBIT,1028.61,UK,451398.32,450369.71,0,0,0,0,0,5,LOW
TXN008798,2024-09-03,11,DEBIT,1964.98,UK,104954.5,102989.52,0,0,0,0,0,4,LOW
TXN008799,2024-10-18,21,DEBIT,1170.16,US,470088.52,468918.36,0,0,0,0,0,4,LOW
TXN008800,2024-02-10,16,DEBIT,1900.2,US,138295.19,136394.99,0,0,0,0,0,4,LOW
TXN008801,2024-06-14,13,CASH_OUT,5350.7,US,5955.08,604.38,0,0,0,0,0,3,LOW
TXN008802,2024-08-02,20,CASH_IN,2251.48,NG,177032.52,179284.0,0,0,0,1,0,34,LOW
TXN008803,2024-09-25,7,PAYMENT,1730.42,IR,338967.36,337236.94,0,0,0,1,0,30,LOW
TXN008804,2024-01-05,14,TRANSFER,48.86,US,108871.05,108822.19,0,0,0,0,0,2,LOW
TXN008805,2024-11-16,12,CASH_IN,1449.16,DE,359386.84,360836.0,0,0,0,0,0,3,LOW
TXN008806,2024-11-14,18,PAYMENT,1088.14,IR,84891.53,83803.39,0,0,0,1,0,35,LOW
TXN008807,2024-06-21,14,DEBIT,3810.08,CN,260557.66,256747.58,0,0,0,0,0,3,LOW
TXN008808,2024-06-16,4,TRANSFER,15121.79,NG,257063.24,241941.45,0,1,0,1,1,91,HIGH
TXN008809,2024-05-30,20,DEBIT,1944.05,US,31299.04,29354.99,0,0,0,0,0,4,LOW
TXN008810,2024-06-24,3,CASH_OUT,9152.6,NG,330971.75,321819.15,1,0,0,1,1,95,HIGH
TXN008811,2024-04-11,16,TRANSFER,2360.92,NG,43672.19,41311.27,0,0,0,1,0,33,LOW
TXN008812,2024-11-22,18,CASH_OUT,9303.5,NG,423919.2,414615.7,0,0,0,1,0,31,LOW
TXN008813,2024-03-22,13,CASH_OUT,762.82,US,323077.7,322314.88,0,0,0,0,0,3,LOW
TXN008814,2024-11-24,17,DEBIT,2759.43,UK,202609.43,199850.0,0,0,0,0,0,3,LOW
TXN008815,2024-09-02,1,CASH_OUT,13877.46,US,8425.56,0.0,0,0,0,0,1,35,LOW
TXN008816,2024-03-19,4,TRANSFER,10344.44,RU,438635.38,428290.94,0,1,0,1,1,92,HIGH
TXN008817,2024-07-21,19,CASH_IN,71.14,US,277832.22,277903.36,0,0,0,0,0,2,LOW
TXN008818,2024-01-29,23,TRANSFER,30990.17,IR,482314.04,451323.87,0,1,0,1,1,92,HIGH
TXN008819,2024-04-02,19,PAYMENT,4137.99,NG,21468.43,17330.44,0,0,0,1,0,33,LOW
TXN008820,2024-03-12,7,PAYMENT,4296.26,RU,74097.18,69800.92,0,0,0,1,0,32,LOW
TXN008821,2024-07-07,21,CASH_IN,7891.12,US,233595.58,241486.7,0,0,0,0,0,5,LOW
TXN008822,2024-02-16,14,DEBIT,3502.58,CN,437374.9,433872.32,0,0,0,0,0,0,LOW
TXN008823,2024-07-16,14,DEBIT,2402.96,CN,35275.77,32872.81,0,0,0,0,0,3,LOW
TXN008824,2024-02-22,18,TRANSFER,555.23,NG,282565.87,282010.64,0,0,0,1,0,31,LOW
TXN008825,2024-03-16,21,TRANSFER,448.92,IR,456772.4,456323.48,0,0,0,1,0,34,LOW
TXN008826,2024-08-12,1,TRANSFER,69827.86,NG,83779.9,13952.04,0,1,0,1,1,100,HIGH
TXN008827,2024-05-01,9,CASH_OUT,6164.7,CN,53622.78,47458.08,0,0,0,0,0,2,LOW
TXN008828,2024-04-26,14,CASH_IN,2048.97,MX,360769.82,362818.79,0,0,0,0,0,4,LOW
TXN008829,2024-05-04,7,PAYMENT,1607.95,US,439735.11,438127.16,0,0,0,0,0,5,LOW
TXN008830,2024-07-11,2,CASH_OUT,5028.37,UK,34650.48,29622.11,0,1,0,0,1,49,MEDIUM
TXN008831,2024-04-16,3,CASH_OUT,66626.8,IR,103893.09,37266.29,0,0,0,1,1,90,HIGH
TXN008832,2024-01-02,14,CASH_OUT,1273.95,RU,415687.22,414413.27,0,0,0,1,0,34,LOW
TXN008833,2024-01-25,15,CASH_IN,1317.56,UK,171520.82,172838.38,0,0,0,0,0,3,LOW
TXN008834,2024-07-21,11,CASH_IN,4432.0,DE,335663.88,340095.88,0,0,0,0,0,1,LOW
TXN008835,2024-02-28,16,CASH_IN,3714.55,UK,442399.12,446113.67,0,0,0,0,0,2,LOW
TXN008836,2024-12-07,21,DEBIT,3052.72,IR,384963.27,381910.55,0,0,0,1,0,32,LOW
TXN008837,2024-10-15,14,PAYMENT,2337.99,DE,457111.86,454773.87,0,0,0,0,0,5,LOW
TXN008838,2024-10-18,17,CASH_IN,1254.25,RU,185677.05,186931.3,0,0,0,1,0,35,LOW
TXN008839,2024-06-06,7,PAYMENT,2034.09,RU,491928.58,489894.49,0,0,0,1,0,34,LOW
TXN008840,2024-07-15,18,CASH_OUT,919.69,US,9528.5,8608.81,0,0,0,0,0,2,LOW
TXN008841,2024-05-15,16,CASH_OUT,5234.46,MX,385912.17,380677.71,0,0,0,0,0,5,LOW
TXN008842,2024-08-03,9,TRANSFER,3165.93,US,488022.49,484856.56,0,0,0,0,0,4,LOW
TXN008843,2024-04-23,15,CASH_IN,1654.41,US,478955.57,480609.98,0,0,0,0,0,0,LOW
TXN008844,2024-12-19,15,DEBIT,10372.75,MX,467465.58,457092.83,0,0,0,0,0,5,LOW
TXN008845,2024-09-13,20,CASH_OUT,1563.28,RU,157216.69,155653.41,0,0,0,1,0,32,LOW
TXN008846,2024-05-06,21,DEBIT,7023.68,US,153960.38,146936.7,0,0,0,0,0,5,LOW
TXN008847,2024-05-03,2,TRANSFER,79283.37,IR,208201.97,128918.6,0,0,0,1,1,93,HIGH
TXN008848,2024-02-01,3,TRANSFER,2193.86,NG,320382.78,318188.92,0,0,0,1,1,54,MEDIUM
TXN008849,2024-01-23,12,CASH_OUT,138.98,IR,284443.8,284304.82,0,0,0,1,0,31,LOW
TXN008850,2024-02-14,13,TRANSFER,5571.29,US,378808.91,373237.62,0,0,0,0,0,5,LOW
TXN008851,2024-08-23,21,PAYMENT,1452.5,US,135478.83,134026.33,0,0,0,0,0,5,LOW
TXN008852,2024-08-04,10,DEBIT,814.02,RU,253420.8,252606.78,0,0,0,1,0,32,LOW
TXN008853,2024-02-07,19,CASH_OUT,1585.43,MX,8443.03,6857.6,0,0,0,0,0,0,LOW
TXN008854,2024-06-05,20,PAYMENT,1446.39,RU,197217.79,195771.4,0,0,0,1,0,32,LOW
TXN008855,2024-02-01,18,DEBIT,6129.66,IR,352917.04,346787.38,0,0,0,1,0,34,LOW
TXN008856,2024-09-30,20,CASH_IN,1265.67,IR,494482.6,495748.27,0,0,0,1,0,34,LOW
TXN008857,2024-07-19,7,CASH_IN,180.81,MX,459983.31,460164.12,0,0,0,0,0,1,LOW
TXN008858,2024-08-10,18,CASH_IN,783.08,US,173526.07,174309.15,0,0,0,0,0,5,LOW
TXN008859,2024-04-23,14,TRANSFER,3616.98,MX,326955.68,323338.7,0,0,0,0,0,2,LOW
TXN008860,2024-05-04,18,DEBIT,828.15,MX,381551.78,380723.63,0,0,0,0,0,0,LOW
TXN008861,2024-07-17,13,CASH_OUT,2034.14,UK,225617.72,223583.58,0,0,0,0,0,3,LOW
TXN008862,2024-05-28,13,CASH_OUT,140.48,CN,492482.67,492342.19,0,0,0,0,0,3,LOW
TXN008863,2024-01-22,13,CASH_OUT,741.53,RU,276316.41,275574.88,0,0,0,1,0,30,LOW
TXN008864,2024-07-03,14,TRANSFER,9446.56,UK,380697.11,371250.55,0,0,0,0,0,0,LOW
TXN008865,2024-05-23,14,CASH_IN,3085.36,UK,181993.59,185078.95,0,0,0,0,0,4,LOW
TXN008866,2024-04-10,10,CASH_IN,163.53,CN,126322.22,126485.75,0,0,0,0,0,3,LOW
TXN008867,2024-08-21,19,CASH_IN,1684.2,RU,496702.61,498386.81,0,0,0,1,0,33,LOW
TXN008868,2024-06-18,20,TRANSFER,8793.4,UK,403154.48,394361.08,0,0,0,0,0,0,LOW
TXN008869,2024-10-09,23,TRANSFER,40469.65,US,255777.64,215307.99,0,1,0,0,1,61,MEDIUM
TXN008870,2024-08-19,15,DEBIT,6997.39,NG,176043.22,169045.83,0,0,0,1,0,30,LOW
TXN008871,2024-12-11,8,PAYMENT,91.28,US,234584.96,234493.68,0,0,0,0,0,5,LOW
TXN008872,2024-07-15,16,CASH_OUT,612.16,US,137952.34,137340.18,0,0,0,0,0,1,LOW
TXN008873,2024-06-10,1,TRANSFER,67563.79,US,66603.13,0.0,0,1,0,0,1,87,HIGH
TXN008874,2024-12-11,23,CASH_OUT,23296.45,IR,215698.2,192401.75,0,1,0,1,1,95,HIGH
TXN008875,2024-09-04,19,CASH_OUT,0.47,US,105121.48,105121.01,0,0,0,0,0,0,LOW
TXN008876,2024-11-15,11,PAYMENT,6829.02,UK,231034.81,224205.79,0,0,0,0,0,4,LOW
TXN008877,2024-07-18,18,CASH_OUT,2292.16,UK,448240.7,445948.54,0,0,0,0,0,5,LOW
TXN008878,2024-07-28,2,TRANSFER,13818.36,NG,64999.86,51181.5,0,0,0,1,1,69,MEDIUM
TXN008879,2024-07-16,15,DEBIT,5660.04,US,94250.51,88590.47,0,0,0,0,0,0,LOW
TXN008880,2024-02-03,8,TRANSFER,6323.9,NG,42966.45,36642.55,0,0,0,1,0,30,LOW
TXN008881,2024-08-02,9,CASH_IN,4483.65,IR,415343.29,419826.94,0,0,0,1,0,30,LOW
TXN008882,2024-09-29,13,PAYMENT,287.8,CN,348374.25,348086.45,0,0,0,0,0,1,LOW
TXN008883,2024-12-14,8,CASH_IN,2220.78,US,94264.62,96485.4,0,0,0,0,0,3,LOW
TXN008884,2024-01-04,16,CASH_OUT,573.17,DE,289011.46,288438.29,0,0,0,0,0,5,LOW
TXN008885,2024-12-15,7,CASH_OUT,579.78,NG,102161.78,101582.0,0,0,0,1,0,34,LOW
TXN008886,2024-01-26,1,CASH_OUT,162360.65,IR,416355.86,253995.21,0,1,0,1,1,100,HIGH
TXN008887,2024-03-26,16,DEBIT,2354.26,US,273624.11,271269.85,0,0,0,0,0,0,LOW
TXN008888,2024-11-28,15,CASH_OUT,902.39,US,381605.04,380702.65,0,0,0,0,0,4,LOW
TXN008889,2024-07-03,13,TRANSFER,1929.6,US,33265.05,31335.45,0,0,0,0,0,0,LOW
TXN008890,2024-01-13,15,PAYMENT,1748.14,IR,485258.62,483510.48,0,0,0,1,0,35,LOW
TXN008891,2024-08-07,7,CASH_IN,921.06,DE,223957.55,224878.61,0,0,0,0,0,4,LOW
TXN008892,2024-09-18,21,CASH_IN,7965.75,DE,278119.71,286085.46,0,0,0,0,0,1,LOW
TXN008893,2024-01-02,7,PAYMENT,3891.93,US,196375.99,192484.06,0,0,0,0,0,3,LOW
TXN008894,2024-04-26,3,TRANSFER,5989.08,RU,243920.4,237931.32,0,1,0,1,1,78,HIGH
TXN008895,2024-01-02,19,CASH_IN,8167.48,CN,45620.37,53787.85,0,0,0,0,0,5,LOW
TXN008896,2024-06-03,20,CASH_OUT,3953.41,DE,257129.7,253176.29,0,0,0,0,0,0,LOW
TXN008897,2024-10-23,10,PAYMENT,6443.84,DE,77418.07,70974.23,0,0,0,0,0,5,LOW
TXN008898,2024-05-05,19,DEBIT,1478.77,US,243760.34,242281.57,0,0,0,0,0,0,LOW
TXN008899,2024-03-21,8,DEBIT,1558.86,UK,312390.34,310831.48,0,0,0,0,0,5,LOW
TXN008900,2024-02-10,11,DEBIT,1382.16,US,342266.18,340884.02,0,0,0,0,0,2,LOW
TXN008901,2024-07-21,7,TRANSFER,1840.51,DE,251053.36,249212.85,0,0,0,0,0,1,LOW
TXN008902,2024-10-01,19,CASH_IN,2570.08,US,93561.22,96131.3,0,0,0,0,0,2,LOW
TXN008903,2024-08-13,7,TRANSFER,8149.56,US,156914.87,148765.31,0,0,0,0,0,1,LOW
TXN008904,2024-06-30,14,PAYMENT,5066.86,US,498370.04,493303.18,0,0,0,0,0,5,LOW
TXN008905,2024-03-14,19,CASH_OUT,483.01,US,107916.0,107432.99,0,0,0,0,0,4,LOW
TXN008906,2024-08-03,14,CASH_OUT,18.77,UK,292849.93,292831.16,0,0,0,0,0,1,LOW
TXN008907,2024-11-26,19,TRANSFER,1070.71,US,188704.14,187633.43,0,0,0,0,0,4,LOW
TXN008908,2024-12-11,10,DEBIT,7391.27,US,319870.1,312478.83,0,0,0,0,0,1,LOW
TXN008909,2024-11-12,16,CASH_IN,9595.06,CN,360786.79,370381.85,0,0,0,0,0,0,LOW
TXN008910,2024-12-15,19,DEBIT,4510.04,CN,180951.01,176440.97,0,0,0,0,0,0,LOW
TXN008911,2024-02-13,18,DEBIT,8367.45,IR,215667.82,207300.37,0,0,0,1,0,34,LOW
TXN008912,2024-04-20,10,TRANSFER,2564.42,IR,403757.27,401192.85,0,0,0,1,0,35,LOW
TXN008913,2024-03-24,17,PAYMENT,1862.3,DE,200089.68,198227.38,0,0,0,0,0,0,LOW
TXN008914,2024-11-09,14,CASH_OUT,2924.75,UK,171613.92,168689.17,0,0,0,0,0,1,LOW
TXN008915,2024-06-01,10,PAYMENT,4750.42,NG,384319.26,379568.84,0,0,0,1,0,32,LOW
TXN008916,2024-09-07,20,CASH_OUT,968.66,US,335841.94,334873.28,0,0,0,0,0,5,LOW
TXN008917,2024-04-02,8,PAYMENT,781.68,MX,454577.79,453796.11,0,0,0,0,0,3,LOW
TXN008918,2024-12-03,14,TRANSFER,2672.25,RU,262271.59,259599.34,0,0,0,1,0,33,LOW
TXN008919,2024-05-08,23,TRANSFER,15087.0,RU,322243.6,307156.6,0,0,0,1,1,68,MEDIUM
TXN008920,2024-02-17,8,PAYMENT,250.37,US,99926.11,99675.74,0,0,0,0,0,1,LOW
TXN008921,2024-11-29,19,CASH_IN,7746.48,MX,277432.46,285178.94,0,0,0,0,0,0,LOW
TXN008922,2024-06-05,19,PAYMENT,4489.09,MX,81875.59,77386.5,0,0,0,0,0,4,LOW
TXN008923,2024-09-05,4,TRANSFER,4335.57,NG,302640.52,298304.95,0,0,0,1,1,50,MEDIUM
TXN008924,2024-09-01,20,DEBIT,3088.56,IR,399969.56,396881.0,0,0,0,1,0,35,LOW
TXN008925,2024-04-22,18,TRANSFER,8011.73,UK,192356.54,184344.81,0,0,0,0,0,3,LOW
TXN008926,2024-09-21,10,CASH_OUT,67.83,MX,293543.12,293475.29,0,0,0,0,0,4,LOW
TXN008927,2024-04-29,14,CASH_OUT,5630.5,UK,455051.67,449421.17,0,0,0,0,0,0,LOW
TXN008928,2024-06-26,21,DEBIT,828.41,US,163215.37,162386.96,0,0,0,0,0,2,LOW
TXN008929,2024-02-03,14,TRANSFER,8010.28,RU,137246.7,129236.42,0,0,0,1,0,30,LOW
TXN008930,2024-02-14,7,CASH_IN,6305.42,RU,1367.64,7673.06,0,0,0,1,0,35,LOW
TXN008931,2024-12-23,13,PAYMENT,4999.14,US,208902.16,203903.02,0,0,0,0,0,3,LOW
TXN008932,2024-11-08,7,DEBIT,831.71,CN,474550.12,473718.41,0,0,0,0,0,2,LOW
TXN008933,2024-02-18,11,DEBIT,4316.63,DE,458435.34,454118.71,0,0,0,0,0,3,LOW
TXN008934,2024-12-18,10,PAYMENT,3079.81,DE,120598.34,117518.53,0,0,0,0,0,1,LOW
TXN008935,2024-09-08,8,PAYMENT,437.71,US,181942.01,181504.3,0,0,0,0,0,2,LOW
TXN008936,2024-10-26,20,PAYMENT,1386.21,UK,368644.45,367258.24,0,0,0,0,0,5,LOW
TXN008937,2024-08-14,20,PAYMENT,1972.87,US,444874.22,442901.35,0,0,0,0,0,4,LOW
TXN008938,2024-09-23,10,CASH_IN,3147.66,IR,303404.86,306552.52,0,0,0,1,0,32,LOW
TXN008939,2024-11-26,8,CASH_IN,2301.13,US,347163.23,349464.36,0,0,0,0,0,4,LOW
TXN008940,2024-02-06,13,PAYMENT,3151.98,NG,320979.32,317827.34,0,0,0,1,0,32,LOW
TXN008941,2024-10-29,20,CASH_OUT,256.62,US,11612.75,11356.13,0,0,0,0,0,0,LOW
TXN008942,2024-11-26,9,CASH_IN,2125.81,DE,246079.44,248205.25,0,0,0,0,0,1,LOW
TXN008943,2024-11-04,13,TRANSFER,2106.55,US,120275.83,118169.28,0,0,0,0,0,4,LOW
TXN008944,2024-10-07,16,TRANSFER,8516.6,DE,94683.33,86166.73,0,0,0,0,0,5,LOW
TXN008945,2024-02-12,11,CASH_IN,5622.73,US,155022.45,160645.18,0,0,0,0,0,4,LOW
TXN008946,2024-12-13,3,CASH_OUT,10.84,NG,398308.91,398298.07,0,1,0,1,1,76,HIGH
TXN008947,2024-05-03,18,DEBIT,1430.03,DE,149299.24,147869.21,0,0,0,0,0,0,LOW
TXN008948,2024-08-25,1,TRANSFER,8449.11,IR,336362.86,327913.75,0,0,0,1,1,54,MEDIUM
TXN008949,2024-08-25,14,TRANSFER,1618.41,US,441780.68,440162.27,0,0,0,0,0,0,LOW
TXN008950,2024-04-19,21,DEBIT,3690.81,IR,92151.6,88460.79,0,0,0,1,0,33,LOW
TXN008951,2024-01-24,8,DEBIT,947.06,DE,176783.68,175836.62,0,0,0,0,0,2,LOW
TXN008952,2024-07-04,16,TRANSFER,640.88,UK,349068.18,348427.3,0,0,0,0,0,4,LOW
TXN008953,2024-03-10,20,CASH_OUT,1857.1,US,77448.99,75591.89,0,0,0,0,0,5,LOW
TXN008954,2024-07-31,13,PAYMENT,150.0,MX,470148.46,469998.46,0,0,0,0,0,5,LOW
TXN008955,2024-01-26,15,TRANSFER,1949.69,DE,192271.4,190321.71,0,0,0,0,0,0,LOW
TXN008956,2024-03-18,14,CASH_OUT,1457.51,UK,242305.14,240847.63,0,0,0,0,0,1,LOW
TXN008957,2024-07-20,8,CASH_OUT,3131.5,US,107873.19,104741.69,0,0,0,0,0,1,LOW
TXN008958,2024-06-21,7,TRANSFER,2418.24,UK,393910.49,391492.25,0,0,0,0,0,0,LOW
TXN008959,2024-01-29,10,TRANSFER,3415.89,RU,454780.76,451364.87,0,0,0,1,0,32,LOW
TXN008960,2024-02-24,14,CASH_OUT,969.42,UK,210095.53,209126.11,0,0,0,0,0,2,LOW
TXN008961,2024-11-09,11,TRANSFER,439.23,MX,330095.21,329655.98,0,0,0,0,0,1,LOW
TXN008962,2024-01-30,21,CASH_IN,2418.8,MX,446636.53,449055.33,0,0,0,0,0,2,LOW
TXN008963,2024-10-03,9,CASH_OUT,16616.76,IR,471101.77,454485.01,0,0,0,1,0,35,LOW
TXN008964,2024-08-14,13,DEBIT,949.23,IR,144388.15,143438.92,0,0,0,1,0,35,LOW
TXN008965,2024-08-19,12,PAYMENT,1157.17,IR,245381.86,244224.69,0,0,0,1,0,32,LOW
TXN008966,2024-12-11,9,CASH_IN,2030.61,MX,465099.66,467130.27,0,0,0,0,0,4,LOW
TXN008967,2024-07-30,7,CASH_OUT,1323.84,US,94362.71,93038.87,0,0,0,0,0,3,LOW
TXN008968,2024-04-25,20,DEBIT,1644.29,US,150438.14,148793.85,0,0,0,0,0,5,LOW
TXN008969,2024-05-27,20,CASH_OUT,1485.23,RU,153447.71,151962.48,0,0,0,1,0,35,LOW
TXN008970,2024-10-21,10,DEBIT,4246.0,NG,33466.05,29220.05,0,0,0,1,0,34,LOW
TXN008971,2024-08-28,10,PAYMENT,753.62,NG,386463.95,385710.33,0,0,0,1,0,35,LOW
TXN008972,2024-03-31,13,CASH_OUT,355.74,US,188504.4,188148.66,0,0,0,0,0,2,LOW
TXN008973,2024-02-04,11,TRANSFER,1969.54,NG,256791.3,254821.76,0,0,0,1,0,33,LOW
TXN008974,2024-02-02,9,DEBIT,265.61,IR,341035.3,340769.69,0,0,0,1,0,30,LOW
TXN008975,2024-12-19,16,PAYMENT,1801.3,MX,115829.1,114027.8,0,0,0,0,0,0,LOW
TXN008976,2024-04-23,9,CASH_OUT,3917.82,US,253843.81,249925.99,0,0,0,0,0,4,LOW
TXN008977,2024-10-05,14,PAYMENT,6175.95,US,351799.61,345623.66,0,0,0,0,0,4,LOW
TXN008978,2024-09-18,15,PAYMENT,9239.6,UK,47288.34,38048.74,0,0,0,0,0,2,LOW
TXN008979,2024-11-04,10,TRANSFER,283.69,UK,263987.31,263703.62,0,0,0,0,0,1,LOW
TXN008980,2024-06-09,20,CASH_IN,8320.39,CN,380267.93,388588.32,0,0,0,0,0,2,LOW
TXN008981,2024-03-12,15,DEBIT,3454.71,NG,460972.3,457517.59,0,0,0,1,0,30,LOW
TXN008982,2024-06-03,19,CASH_OUT,231.51,NG,198240.75,198009.24,0,0,0,1,0,31,LOW
TXN008983,2024-09-10,23,TRANSFER,51066.49,UK,21701.61,0.0,0,1,0,0,1,89,HIGH
TXN008984,2024-01-20,21,TRANSFER,5610.6,DE,496236.99,490626.39,0,0,0,0,0,0,LOW
TXN008985,2024-12-04,20,CASH_OUT,2919.73,DE,69869.34,66949.61,0,0,0,0,0,1,LOW
TXN008986,2024-01-13,10,PAYMENT,1051.26,US,23634.96,22583.7,0,0,0,0,0,4,LOW
TXN008987,2024-01-01,17,DEBIT,5457.25,IR,430205.29,424748.04,0,0,0,1,0,30,LOW
TXN008988,2024-01-17,10,CASH_OUT,380.93,NG,286327.88,285946.95,0,0,0,1,0,35,LOW
TXN008989,2024-06-13,11,CASH_IN,6460.7,US,301645.31,308106.01,0,0,0,0,0,5,LOW
TXN008990,2024-07-26,1,CASH_OUT,60141.03,US,447445.39,387304.36,0,0,0,0,1,61,MEDIUM
TXN008991,2024-01-08,7,DEBIT,297.83,CN,84941.25,84643.42,0,0,0,0,0,2,LOW
TXN008992,2024-07-19,16,TRANSFER,3232.86,IR,97222.61,93989.75,0,0,0,1,0,34,LOW
TXN008993,2024-01-16,12,PAYMENT,4289.05,CN,330290.63,326001.58,0,0,0,0,0,0,LOW
TXN008994,2024-12-21,20,DEBIT,1131.92,US,447627.65,446495.73,0,0,0,0,0,1,LOW
TXN008995,2024-03-26,13,CASH_OUT,926.19,UK,484317.13,483390.94,0,0,0,0,0,1,LOW
TXN008996,2024-06-27,4,TRANSFER,59305.1,US,16268.64,0.0,0,0,0,0,1,60,MEDIUM
TXN008997,2024-12-25,1,CASH_OUT,46647.52,US,402368.77,355721.25,0,1,0,0,1,63,MEDIUM
TXN008998,2024-07-14,10,DEBIT,374.49,US,286004.15,285629.66,0,0,0,0,0,4,LOW
TXN008999,2024-06-17,13,DEBIT,5230.32,US,32329.32,27099.0,0,0,0,0,0,2,LOW
TXN009000,2024-09-12,12,TRANSFER,1166.85,US,18888.1,17721.25,0,0,0,0,0,1,LOW
TXN009001,2024-07-21,15,CASH_IN,2855.84,CN,436020.19,438876.03,0,0,0,0,0,4,LOW
TXN009002,2024-05-11,17,CASH_IN,81.61,MX,300399.55,300481.16,0,0,0,0,0,5,LOW
TXN009003,2024-03-11,12,CASH_IN,647.34,UK,135314.01,135961.35,0,0,0,0,0,1,LOW
TXN009004,2024-03-11,11,CASH_IN,1106.75,US,159832.65,160939.4,0,0,0,0,0,1,LOW
TXN009005,2024-10-30,11,DEBIT,754.26,US,145785.08,145030.82,0,0,0,0,0,4,LOW
TXN009006,2024-04-26,21,TRANSFER,1134.02,US,488890.67,487756.65,0,0,0,0,0,2,LOW
TXN009007,2024-11-06,14,PAYMENT,7509.35,DE,418202.58,410693.23,0,0,0,0,0,1,LOW
TXN009008,2024-02-11,16,CASH_IN,1459.41,IR,186642.74,188102.15,0,0,0,1,0,31,LOW
TXN009009,2024-05-12,7,DEBIT,3187.89,UK,191452.52,188264.63,0,0,0,0,0,0,LOW
TXN009010,2024-05-09,10,DEBIT,2197.79,RU,345680.85,343483.06,0,0,0,1,0,34,LOW
TXN009011,2024-02-25,11,TRANSFER,3115.94,US,274290.5,271174.56,0,0,0,0,0,2,LOW
TXN009012,2024-08-02,7,CASH_IN,3907.01,US,40368.65,44275.66,0,0,0,0,0,3,LOW
TXN009013,2024-04-05,7,CASH_OUT,18251.66,US,218787.91,200536.25,0,0,0,0,0,16,LOW
TXN009014,2024-10-03,21,DEBIT,10407.91,US,377657.07,367249.16,0,0,0,0,0,5,LOW
TXN009015,2024-03-28,10,PAYMENT,4907.94,IR,157624.74,152716.8,0,0,0,1,0,30,LOW
TXN009016,2024-08-02,12,PAYMENT,1106.11,MX,422094.22,420988.11,0,0,0,0,0,3,LOW
TXN009017,2024-10-20,2,TRANSFER,8100.23,UK,290216.53,282116.3,0,1,0,0,1,48,MEDIUM
TXN009018,2024-03-21,20,TRANSFER,4255.31,US,208586.03,204330.72,0,0,0,0,0,3,LOW
TXN009019,2024-06-24,17,CASH_OUT,1574.25,US,214889.56,213315.31,0,0,0,0,0,4,LOW
TXN009020,2024-05-20,21,PAYMENT,622.91,US,228026.02,227403.11,0,0,0,0,0,1,LOW
TXN009021,2024-06-12,8,CASH_IN,690.45,NG,477545.8,478236.25,0,0,0,1,0,34,LOW
TXN009022,2024-01-24,15,DEBIT,5554.3,UK,479043.94,473489.64,0,0,0,0,0,3,LOW
TXN009023,2024-01-09,11,PAYMENT,2090.77,US,268740.61,266649.84,0,0,0,0,0,4,LOW
TXN009024,2024-09-09,20,CASH_IN,2030.12,RU,347079.69,349109.81,0,0,0,1,0,35,LOW
TXN009025,2024-05-17,17,DEBIT,2711.47,MX,297142.71,294431.24,0,0,0,0,0,0,LOW
TXN009026,2024-10-07,21,CASH_IN,4154.0,US,378001.33,382155.33,0,0,0,0,0,4,LOW
TXN009027,2024-05-10,21,PAYMENT,3251.94,US,61470.65,58218.71,0,0,0,0,0,1,LOW
TXN009028,2024-12-10,13,TRANSFER,677.08,DE,88919.57,88242.49,0,0,0,0,0,5,LOW
TXN009029,2024-06-26,1,CASH_OUT,909.66,US,437916.06,437006.4,0,0,0,0,1,21,LOW
TXN009030,2024-04-26,15,PAYMENT,10501.72,MX,402373.41,391871.69,0,0,0,0,0,3,LOW
TXN009031,2024-12-27,10,PAYMENT,9160.58,US,419474.83,410314.25,0,0,0,0,0,4,LOW
TXN009032,2024-05-21,13,PAYMENT,6598.24,US,264960.66,258362.42,0,0,0,0,0,4,LOW
TXN009033,2024-08-22,13,CASH_OUT,6550.63,US,91851.55,85300.92,0,0,0,0,0,2,LOW
TXN009034,2024-01-28,8,DEBIT,1936.86,MX,198486.53,196549.67,0,0,0,0,0,2,LOW
TXN009035,2024-03-09,13,CASH_OUT,106.51,MX,156298.59,156192.08,0,0,0,0,0,3,LOW
TXN009036,2024-05-13,19,DEBIT,167.95,US,171287.21,171119.26,0,0,0,0,0,5,LOW
TXN009037,2024-06-19,10,CASH_IN,1157.63,CN,361460.37,362618.0,0,0,0,0,0,2,LOW
TXN009038,2024-08-06,8,CASH_OUT,205.78,RU,333799.13,333593.35,0,0,0,1,0,30,LOW
TXN009039,2024-06-12,11,TRANSFER,5309.51,RU,225448.4,220138.89,0,0,0,1,0,35,LOW
TXN009040,2024-09-29,7,DEBIT,5323.76,US,108167.64,102843.88,0,0,0,0,0,0,LOW
TXN009041,2024-10-11,7,DEBIT,3244.89,MX,127998.17,124753.28,0,0,0,0,0,4,LOW
TXN009042,2024-09-09,8,CASH_IN,2733.22,MX,464480.65,467213.87,0,0,0,0,0,0,LOW
TXN009043,2024-05-18,15,CASH_OUT,1513.0,NG,382739.94,381226.94,0,0,0,1,0,32,LOW
TXN009044,2024-06-21,20,CASH_IN,1989.49,NG,91620.61,93610.1,0,0,0,1,0,35,LOW
TXN009045,2024-12-18,21,CASH_OUT,216.84,UK,211342.48,211125.64,0,0,0,0,0,2,LOW
TXN009046,2024-01-24,11,DEBIT,1562.33,IR,83020.05,81457.72,0,0,0,1,0,31,LOW
TXN009047,2024-06-26,16,TRANSFER,2981.69,US,430931.67,427949.98,0,0,0,0,0,0,LOW
TXN009048,2024-04-29,8,CASH_OUT,72.8,UK,433255.19,433182.39,0,0,0,0,0,3,LOW
TXN009049,2024-02-20,20,DEBIT,1956.38,IR,77232.44,75276.06,0,0,0,1,0,32,LOW
TXN009050,2024-07-08,21,TRANSFER,226.59,US,281813.36,281586.77,0,0,0,0,0,5,LOW
TXN009051,2024-08-20,11,TRANSFER,763.46,DE,203348.96,202585.5,0,0,0,0,0,5,LOW
TXN009052,2024-01-26,17,DEBIT,10291.8,NG,133640.52,123348.72,0,0,0,1,0,34,LOW
TXN009053,2024-10-20,18,DEBIT,909.67,RU,311925.41,311015.74,0,0,0,1,0,35,LOW
TXN009054,2024-01-28,19,DEBIT,136.92,UK,24499.54,24362.62,0,0,0,0,0,0,LOW
TXN009055,2024-10-08,13,PAYMENT,2411.13,UK,326935.84,324524.71,0,0,0,0,0,3,LOW
TXN009056,2024-11-26,17,TRANSFER,3739.07,CN,275757.77,272018.7,0,0,0,0,0,2,LOW
TXN009057,2024-08-09,19,CASH_OUT,389.69,US,336520.8,336131.11,0,0,0,0,0,0,LOW
TXN009058,2024-04-19,16,CASH_IN,1760.34,CN,432615.74,434376.08,0,0,0,0,0,3,LOW
TXN009059,2024-06-20,14,DEBIT,2700.33,CN,216413.31,213712.98,0,0,0,0,0,3,LOW
TXN009060,2024-05-30,12,PAYMENT,4851.48,UK,109300.8,104449.32,0,0,0,0,0,4,LOW
TXN009061,2024-01-10,17,DEBIT,9092.57,IR,51411.4,42318.83,0,0,0,1,0,33,LOW
TXN009062,2024-05-22,10,TRANSFER,4551.43,CN,240105.49,235554.06,0,0,0,0,0,4,LOW
TXN009063,2024-09-25,18,DEBIT,2319.42,MX,48779.21,46459.79,0,0,0,0,0,3,LOW
TXN009064,2024-01-16,17,CASH_OUT,390.8,NG,78755.22,78364.42,0,0,0,1,0,32,LOW
TXN009065,2024-09-01,12,DEBIT,176.95,RU,459121.52,458944.57,0,0,0,1,0,32,LOW
TXN009066,2024-07-30,13,CASH_IN,1837.55,US,161798.12,163635.67,0,0,0,0,0,0,LOW
TXN009067,2024-05-07,9,CASH_OUT,1247.85,DE,163425.76,162177.91,0,0,0,0,0,4,LOW
TXN009068,2024-02-06,19,TRANSFER,3410.1,CN,252514.49,249104.39,0,0,0,0,0,5,LOW
TXN009069,2024-12-05,2,TRANSFER,131037.16,NG,405139.74,274102.58,0,1,0,1,1,100,HIGH
TXN009070,2024-05-21,12,CASH_OUT,1485.61,CN,226786.68,225301.07,0,0,0,0,0,5,LOW
TXN009071,2024-07-24,9,PAYMENT,1040.16,CN,265030.88,263990.72,0,0,0,0,0,5,LOW
TXN009072,2024-05-30,9,TRANSFER,4647.11,US,90603.87,85956.76,0,0,0,0,0,3,LOW
TXN009073,2024-10-22,12,PAYMENT,4569.48,CN,396929.63,392360.15,0,0,0,0,0,5,LOW
TXN009074,2024-09-03,16,TRANSFER,8413.33,UK,345327.39,336914.06,0,0,0,0,0,0,LOW
TXN009075,2024-05-10,21,TRANSFER,2555.92,US,414746.5,412190.58,0,0,0,0,0,3,LOW
TXN009076,2024-08-19,15,DEBIT,1999.88,US,421636.35,419636.47,0,0,0,0,0,2,LOW
TXN009077,2024-02-17,15,DEBIT,1773.99,UK,41574.04,39800.05,0,0,0,0,0,5,LOW
TXN009078,2024-11-25,12,TRANSFER,547.1,US,181927.41,181380.31,0,0,0,0,0,4,LOW
TXN009079,2024-04-10,19,CASH_IN,4642.92,MX,273396.32,278039.24,0,0,0,0,0,0,LOW
TXN009080,2024-05-04,17,CASH_IN,191.88,UK,449271.1,449462.98,0,0,0,0,0,4,LOW
TXN009081,2024-10-20,17,CASH_IN,5793.78,NG,181053.09,186846.87,0,0,0,1,0,34,LOW
TXN009082,2024-03-21,19,TRANSFER,4851.72,US,105971.41,101119.69,0,0,0,0,0,1,LOW
TXN009083,2024-11-24,19,CASH_IN,2131.27,UK,170153.72,172284.99,0,0,0,0,0,2,LOW
TXN009084,2024-09-13,11,TRANSFER,1163.23,US,447669.82,446506.59,0,0,0,0,0,2,LOW
TXN009085,2024-08-28,2,CASH_OUT,26328.47,DE,491697.96,465369.49,0,1,0,0,1,61,MEDIUM
TXN009086,2024-10-21,20,PAYMENT,798.7,IR,51063.73,50265.03,0,0,0,1,0,31,LOW
TXN009087,2024-01-07,2,CASH_OUT,18340.66,NG,270871.95,252531.29,0,0,0,1,1,66,MEDIUM
TXN009088,2024-09-19,9,TRANSFER,7732.31,CN,423165.04,415432.73,0,0,0,0,0,0,LOW
TXN009089,2024-07-08,7,CASH_IN,563.86,US,14515.6,15079.46,0,0,0,0,0,5,LOW
TXN009090,2024-08-08,15,DEBIT,541.26,US,485429.09,484887.83,0,0,0,0,0,0,LOW
TXN009091,2024-02-24,20,CASH_OUT,1406.45,UK,376665.45,375259.0,0,0,0,0,0,4,LOW
TXN009092,2024-12-28,15,CASH_IN,205.61,MX,360317.53,360523.14,0,0,0,0,0,2,LOW
TXN009093,2024-08-11,15,TRANSFER,32.74,US,256315.11,256282.37,0,0,0,0,0,0,LOW
TXN009094,2024-11-25,7,TRANSFER,4057.92,UK,391674.49,387616.57,0,0,0,0,0,4,LOW
TXN009095,2024-09-06,14,CASH_IN,1057.02,RU,299598.24,300655.26,0,0,0,1,0,32,LOW
TXN009096,2024-05-13,3,TRANSFER,62315.93,US,223175.14,160859.21,0,1,0,0,1,87,HIGH
TXN009097,2024-09-16,10,CASH_IN,3722.46,CN,251442.19,255164.65,0,0,0,0,0,1,LOW
TXN009098,2024-10-08,4,CASH_OUT,16401.73,UK,231824.82,215423.09,0,1,0,0,1,65,MEDIUM
TXN009099,2024-12-02,21,DEBIT,1827.81,DE,276944.5,275116.69,0,0,0,0,0,5,LOW
TXN009100,2024-08-17,18,DEBIT,1842.27,US,60625.85,58783.58,0,0,0,0,0,4,LOW
TXN009101,2024-01-27,16,DEBIT,3662.05,MX,251376.54,247714.49,0,0,0,0,0,3,LOW
TXN009102,2024-10-08,7,CASH_OUT,3647.9,US,370142.01,366494.11,0,0,0,0,0,5,LOW
TXN009103,2024-10-13,16,CASH_OUT,348.48,US,418357.56,418009.08,0,0,0,0,0,1,LOW
TXN009104,2024-05-13,13,DEBIT,2168.38,NG,319609.89,317441.51,0,0,0,1,0,34,LOW
TXN009105,2024-10-26,12,CASH_OUT,6396.15,US,32130.87,25734.72,0,0,0,0,0,1,LOW
TXN009106,2024-07-18,12,TRANSFER,251.83,CN,362576.83,362325.0,0,0,0,0,0,5,LOW
TXN009107,2024-01-28,13,DEBIT,3960.11,NG,343400.13,339440.02,0,0,0,1,0,31,LOW
TXN009108,2024-09-25,8,TRANSFER,436.73,DE,52043.25,51606.52,0,0,0,0,0,3,LOW
TXN009109,2024-12-11,20,CASH_IN,3328.12,DE,40096.55,43424.67,0,0,0,0,0,0,LOW
TXN009110,2024-07-15,2,TRANSFER,35060.17,NG,112721.36,77661.19,0,0,0,1,1,67,MEDIUM
TXN009111,2024-09-14,18,CASH_OUT,3697.09,UK,249475.56,245778.47,0,0,0,0,0,3,LOW
TXN009112,2024-07-29,12,CASH_IN,1485.92,NG,289394.43,290880.35,0,0,0,1,0,35,LOW
TXN009113,2024-11-25,12,CASH_IN,1012.35,NG,14122.36,15134.71,0,0,0,1,0,31,LOW
TXN009114,2024-05-28,16,TRANSFER,48.22,UK,458090.95,458042.73,0,0,0,0,0,4,LOW
TXN009115,2024-06-01,10,CASH_IN,38.14,UK,385610.02,385648.16,0,0,0,0,0,5,LOW
TXN009116,2024-11-20,20,DEBIT,1465.5,US,92244.25,90778.75,0,0,0,0,0,3,LOW
TXN009117,2024-03-15,8,CASH_OUT,1443.69,US,128058.51,126614.82,0,0,0,0,0,1,LOW
TXN009118,2024-11-07,8,DEBIT,10326.73,IR,106642.07,96315.34,0,0,0,1,0,33,LOW
TXN009119,2024-06-10,18,CASH_IN,1801.1,US,423514.75,425315.85,0,0,0,0,0,3,LOW
TXN009120,2024-03-02,16,CASH_IN,5649.5,CN,5573.4,11222.9,0,0,0,0,0,1,LOW
TXN009121,2024-03-13,8,TRANSFER,1351.36,DE,452450.45,451099.09,0,0,0,0,0,4,LOW
TXN009122,2024-04-29,19,DEBIT,765.65,US,45396.29,44630.64,0,0,0,0,0,4,LOW
TXN009123,2024-03-07,11,DEBIT,420.08,US,194062.55,193642.47,0,0,0,0,0,2,LOW
TXN009124,2024-12-18,15,DEBIT,3805.88,US,112076.28,108270.4,0,0,0,0,0,4,LOW
TXN009125,2024-11-13,21,PAYMENT,8756.9,US,349786.19,341029.29,0,0,0,0,0,3,LOW
TXN009126,2024-12-01,16,TRANSFER,802.08,UK,355217.58,354415.5,0,0,0,0,0,5,LOW
TXN009127,2024-04-13,18,CASH_IN,1990.94,US,181843.81,183834.75,0,0,0,0,0,0,LOW
TXN009128,2024-06-03,14,TRANSFER,4939.81,NG,307371.63,302431.82,0,0,0,1,0,30,LOW
TXN009129,2024-05-07,14,CASH_IN,395.31,MX,258933.6,259328.91,0,0,0,0,0,2,LOW
TXN009130,2024-06-15,18,CASH_IN,7347.64,MX,433400.78,440748.42,0,0,0,0,0,1,LOW
TXN009131,2024-08-31,19,CASH_OUT,2570.21,IR,492117.45,489547.24,0,0,0,1,0,33,LOW
TXN009132,2024-12-29,10,CASH_IN,2816.74,IR,18969.16,21785.9,0,0,0,1,0,34,LOW
TXN009133,2024-07-09,11,CASH_OUT,3432.38,US,465560.04,462127.66,0,0,0,0,0,4,LOW
TXN009134,2024-09-23,8,PAYMENT,6109.2,US,48868.11,42758.91,0,0,0,0,0,5,LOW
TXN009135,2024-07-23,19,CASH_OUT,8085.76,UK,438077.02,429991.26,0,0,0,0,0,4,LOW
TXN009136,2024-07-12,12,DEBIT,3183.58,US,375920.86,372737.28,0,0,0,0,0,3,LOW
TXN009137,2024-06-02,18,CASH_OUT,204.97,CN,175036.76,174831.79,0,0,0,0,0,3,LOW
TXN009138,2024-05-17,20,TRANSFER,11404.45,UK,345052.77,333648.32,0,0,0,0,0,16,LOW
TXN009139,2024-07-24,18,PAYMENT,4273.22,US,64141.61,59868.39,0,0,0,0,0,3,LOW
TXN009140,2024-11-21,20,DEBIT,1562.75,US,250266.14,248703.39,0,0,0,0,0,1,LOW
TXN009141,2024-08-02,16,CASH_IN,11892.85,US,163562.82,175455.67,0,0,0,0,0,4,LOW
TXN009142,2024-12-28,16,PAYMENT,7457.59,US,259916.65,252459.06,0,0,0,0,0,2,LOW
TXN009143,2024-10-11,11,CASH_OUT,3480.76,US,217453.99,213973.23,0,0,0,0,0,2,LOW
TXN009144,2024-09-29,19,DEBIT,654.36,US,382940.63,382286.27,0,0,0,0,0,1,LOW
TXN009145,2024-12-18,7,DEBIT,2751.07,DE,372588.51,369837.44,0,0,0,0,0,5,LOW
TXN009146,2024-12-13,17,PAYMENT,6131.55,NG,371156.52,365024.97,0,0,0,1,0,33,LOW
TXN009147,2024-01-06,10,DEBIT,17283.51,US,305932.64,288649.13,0,0,0,0,0,5,LOW
TXN009148,2024-12-20,4,TRANSFER,29891.62,DE,145464.43,115572.81,0,1,0,0,1,63,MEDIUM
TXN009149,2024-05-29,19,PAYMENT,178.72,US,421434.59,421255.87,0,0,0,0,0,0,LOW
TXN009150,2024-12-16,18,CASH_OUT,1373.97,CN,229532.32,228158.35,0,0,0,0,0,1,LOW
TXN009151,2024-07-19,10,CASH_IN,1857.2,US,91928.52,93785.72,0,0,0,0,0,5,LOW
TXN009152,2024-03-01,14,CASH_OUT,4445.96,NG,225209.96,220764.0,0,0,0,1,0,34,LOW
TXN009153,2024-05-07,8,CASH_IN,181.06,UK,78930.89,79111.95,0,0,0,0,0,0,LOW
TXN009154,2024-01-03,16,PAYMENT,7858.12,IR,295212.76,287354.64,0,0,0,1,0,35,LOW
TXN009155,2024-09-16,17,DEBIT,4506.11,CN,215510.86,211004.75,0,0,0,0,0,1,LOW
TXN009156,2024-04-24,13,CASH_IN,700.71,UK,258234.25,258934.96,0,0,0,0,0,2,LOW
TXN009157,2024-04-16,16,DEBIT,1304.9,CN,355024.26,353719.36,0,0,0,0,0,0,LOW
TXN009158,2024-06-30,3,CASH_OUT,19116.54,IR,9998.15,0.0,0,0,0,1,1,70,HIGH
TXN009159,2024-02-07,9,CASH_OUT,2449.51,NG,248214.89,245765.38,0,0,0,1,0,32,LOW
TXN009160,2024-05-03,17,PAYMENT,672.37,MX,311608.55,310936.18,0,0,0,0,0,3,LOW
TXN009161,2024-01-27,14,TRANSFER,318.92,CN,193623.68,193304.76,0,0,0,0,0,3,LOW
TXN009162,2024-04-06,19,CASH_OUT,2731.27,UK,287217.37,284486.1,0,0,0,0,0,1,LOW
TXN009163,2024-05-28,18,CASH_IN,2147.06,DE,202199.51,204346.57,0,0,0,0,0,1,LOW
TXN009164,2024-01-02,13,PAYMENT,4593.97,US,11669.01,7075.04,0,0,0,0,0,0,LOW
TXN009165,2024-05-05,18,CASH_IN,5925.95,UK,280103.73,286029.68,0,0,0,0,0,5,LOW
TXN009166,2024-12-03,11,CASH_OUT,11584.63,US,90228.27,78643.64,0,0,0,0,0,19,LOW
TXN009167,2024-01-18,13,CASH_IN,2172.61,UK,113714.42,115887.03,0,0,0,0,0,3,LOW
TXN009168,2024-03-27,20,TRANSFER,1833.56,US,396480.17,394646.61,0,0,0,0,0,1,LOW
TXN009169,2024-04-05,12,CASH_OUT,1166.63,US,3666.57,2499.94,0,0,0,0,0,3,LOW
TXN009170,2024-05-13,14,CASH_IN,4521.73,US,184899.1,189420.83,0,0,0,0,0,1,LOW
TXN009171,2024-09-27,21,TRANSFER,672.8,CN,19656.21,18983.41,0,0,0,0,0,5,LOW
TXN009172,2024-01-30,16,DEBIT,1620.69,MX,279442.72,277822.03,0,0,0,0,0,5,LOW
TXN009173,2024-01-27,17,PAYMENT,11331.98,IR,229531.84,218199.86,0,0,0,1,0,31,LOW
TXN009174,2024-01-10,11,TRANSFER,348.92,US,221612.47,221263.55,0,0,0,0,0,5,LOW
TXN009175,2024-06-13,12,PAYMENT,2886.14,UK,11985.16,9099.02,0,0,0,0,0,0,LOW
TXN009176,2024-07-17,19,TRANSFER,3359.99,US,88912.92,85552.93,0,0,0,0,0,4,LOW
TXN009177,2024-09-27,18,DEBIT,5338.25,RU,466651.65,461313.4,0,0,0,1,0,31,LOW
TXN009178,2024-12-13,11,CASH_IN,448.96,US,167322.42,167771.38,0,0,0,0,0,3,LOW
TXN009179,2024-03-31,7,CASH_OUT,14403.54,US,421456.42,407052.88,0,0,0,0,0,15,LOW
TXN009180,2024-06-15,16,CASH_OUT,4926.61,US,90810.77,85884.16,0,0,0,0,0,5,LOW
TXN009181,2024-07-15,11,PAYMENT,464.55,DE,327428.36,326963.81,0,0,0,0,0,4,LOW
TXN009182,2024-11-09,20,CASH_OUT,1197.38,US,216381.93,215184.55,0,0,0,0,0,1,LOW
TXN009183,2024-08-15,21,CASH_OUT,7911.36,US,231453.27,223541.91,0,0,0,0,0,1,LOW
TXN009184,2024-03-05,16,DEBIT,4792.81,UK,49810.68,45017.87,0,0,0,0,0,0,LOW
TXN009185,2024-01-12,10,CASH_OUT,5510.17,US,476327.24,470817.07,0,0,0,0,0,5,LOW
TXN009186,2024-01-06,19,TRANSFER,3013.65,US,108841.17,105827.52,0,0,0,0,0,2,LOW
TXN009187,2024-02-06,18,DEBIT,1445.66,NG,65039.36,63593.7,0,0,0,1,0,34,LOW
TXN009188,2024-11-17,8,CASH_IN,3267.45,US,96773.36,100040.81,0,0,0,0,0,4,LOW
TXN009189,2024-02-07,12,CASH_IN,385.58,RU,217969.72,218355.3,0,0,0,1,0,33,LOW
TXN009190,2024-04-30,10,CASH_IN,2504.69,US,378801.09,381305.78,0,0,0,0,0,4,LOW
TXN009191,2024-07-30,21,TRANSFER,313.95,MX,297870.29,297556.34,0,0,0,0,0,2,LOW
TXN009192,2024-05-22,18,TRANSFER,77.79,MX,53267.66,53189.87,0,0,0,0,0,4,LOW
TXN009193,2024-07-31,16,CASH_IN,3200.7,UK,362981.77,366182.47,0,0,0,0,0,2,LOW
TXN009194,2024-05-16,9,CASH_OUT,3501.76,NG,413332.92,409831.16,0,0,0,1,0,30,LOW
TXN009195,2024-05-14,21,CASH_OUT,361.02,US,34003.26,33642.24,0,0,0,0,0,1,LOW
TXN009196,2024-06-26,12,PAYMENT,901.98,UK,200232.14,199330.16,0,0,0,0,0,4,LOW
TXN009197,2024-08-05,11,DEBIT,2620.62,US,444365.59,441744.97,0,0,0,0,0,4,LOW
TXN009198,2024-08-14,15,TRANSFER,18864.61,US,347097.28,328232.67,0,0,0,0,0,19,LOW
TXN009199,2024-06-10,14,TRANSFER,40.58,CN,201620.33,201579.75,0,0,0,0,0,2,LOW
TXN009200,2024-02-04,21,PAYMENT,1857.65,UK,43605.02,41747.37,0,0,0,0,0,4,LOW
TXN009201,2024-08-16,7,CASH_OUT,1813.0,DE,219329.57,217516.57,0,0,0,0,0,1,LOW
TXN009202,2024-11-23,16,TRANSFER,8775.96,NG,22302.79,13526.83,0,0,0,1,0,32,LOW
TXN009203,2024-04-11,8,TRANSFER,3764.77,UK,362822.07,359057.3,0,0,0,0,0,3,LOW
TXN009204,2024-04-08,8,PAYMENT,2406.81,US,157842.42,155435.61,0,0,0,0,0,5,LOW
TXN009205,2024-11-25,14,CASH_OUT,237.48,RU,317966.94,317729.46,0,0,0,1,0,31,LOW
TXN009206,2024-07-04,7,TRANSFER,1098.8,CN,199021.58,197922.78,0,0,0,0,0,1,LOW
TXN009207,2024-05-13,9,CASH_IN,762.58,DE,58509.34,59271.92,0,0,0,0,0,0,LOW
TXN009208,2024-07-06,7,DEBIT,907.76,RU,183279.85,182372.09,0,0,0,1,0,35,LOW
TXN009209,2024-04-21,10,CASH_IN,3130.26,US,356323.67,359453.93,0,0,0,0,0,4,LOW
TXN009210,2024-10-30,11,TRANSFER,4524.41,US,429662.88,425138.47,0,0,0,0,0,4,LOW
TXN009211,2024-05-14,8,DEBIT,2517.32,CN,336013.62,333496.3,0,0,0,0,0,0,LOW
TXN009212,2024-05-12,16,TRANSFER,373.3,DE,353888.2,353514.9,0,0,0,0,0,5,LOW
TXN009213,2024-09-13,17,PAYMENT,8951.12,DE,369846.38,360895.26,0,0,0,0,0,1,LOW
TXN009214,2024-07-23,13,CASH_IN,1386.07,US,53197.78,54583.85,0,0,0,0,0,5,LOW
TXN009215,2024-03-18,19,CASH_IN,14190.06,IR,6532.06,20722.12,0,0,0,1,0,31,LOW
TXN009216,2024-02-10,15,TRANSFER,10862.8,DE,168952.59,158089.79,0,0,0,0,0,20,LOW
TXN009217,2024-01-09,15,TRANSFER,4544.23,NG,192282.45,187738.22,0,0,0,1,0,30,LOW
TXN009218,2024-12-13,15,DEBIT,262.28,IR,412706.97,412444.69,0,0,0,1,0,32,LOW
TXN009219,2024-06-24,9,DEBIT,1465.36,NG,498069.84,496604.48,0,0,0,1,0,33,LOW
TXN009220,2024-12-03,19,DEBIT,833.87,US,195092.5,194258.63,0,0,0,0,0,5,LOW
TXN009221,2024-11-28,16,CASH_IN,1185.97,MX,496475.57,497661.54,0,0,0,0,0,0,LOW
TXN009222,2024-08-26,10,PAYMENT,1030.71,UK,356659.77,355629.06,0,0,0,0,0,0,LOW
TXN009223,2024-07-17,16,PAYMENT,3955.77,UK,213930.61,209974.84,0,0,0,0,0,2,LOW
TXN009224,2024-04-04,7,TRANSFER,2143.25,US,115086.72,112943.47,0,0,0,0,0,0,LOW
TXN009225,2024-07-19,19,DEBIT,991.42,UK,195592.44,194601.02,0,0,0,0,0,4,LOW
TXN009226,2024-01-06,11,PAYMENT,3988.52,US,343743.63,339755.11,0,0,0,0,0,3,LOW
TXN009227,2024-01-11,23,TRANSFER,1996.51,IR,151362.26,149365.75,0,0,0,1,1,51,MEDIUM
TXN009228,2024-11-03,7,CASH_OUT,1564.6,IR,322473.18,320908.58,0,0,0,1,0,34,LOW
TXN009229,2024-02-16,11,DEBIT,655.14,DE,244543.2,243888.06,0,0,0,0,0,3,LOW
TXN009230,2024-08-19,13,CASH_IN,2500.88,US,50923.06,53423.94,0,0,0,0,0,0,LOW
TXN009231,2024-08-15,23,TRANSFER,128363.15,RU,192386.66,64023.51,0,0,0,1,1,90,HIGH
TXN009232,2024-06-29,8,PAYMENT,1721.77,CN,210493.18,208771.41,0,0,0,0,0,5,LOW
TXN009233,2024-02-03,11,PAYMENT,858.81,IR,167617.95,166759.14,0,0,0,1,0,34,LOW
TXN009234,2024-10-29,14,CASH_IN,2010.64,MX,218148.51,220159.15,0,0,0,0,0,1,LOW
TXN009235,2024-08-18,18,PAYMENT,3800.34,US,192251.77,188451.43,0,0,0,0,0,2,LOW
TXN009236,2024-10-05,10,DEBIT,12586.19,US,423049.07,410462.88,0,0,0,0,0,4,LOW
TXN009237,2024-02-21,10,CASH_IN,9666.73,NG,360435.65,370102.38,0,0,0,1,0,31,LOW
TXN009238,2024-10-15,8,CASH_IN,4513.34,CN,378667.89,383181.23,0,0,0,0,0,5,LOW
TXN009239,2024-04-15,9,CASH_OUT,1767.78,RU,406783.58,405015.8,0,0,0,1,0,30,LOW
TXN009240,2024-12-18,15,TRANSFER,2412.95,UK,81003.23,78590.28,0,0,0,0,0,3,LOW
TXN009241,2024-05-28,8,CASH_IN,4301.28,IR,142953.63,147254.91,0,0,0,1,0,31,LOW
TXN009242,2024-04-27,2,CASH_OUT,28035.74,NG,402195.38,374159.64,0,0,0,1,1,67,MEDIUM
TXN009243,2024-07-05,18,DEBIT,11799.36,UK,47462.88,35663.52,0,0,0,0,0,5,LOW
TXN009244,2024-11-30,13,CASH_IN,5929.21,IR,69726.93,75656.14,0,0,0,1,0,31,LOW
TXN009245,2024-06-02,15,TRANSFER,2978.75,US,313467.81,310489.06,0,0,0,0,0,0,LOW
TXN009246,2024-12-13,16,CASH_IN,351.44,IR,452546.06,452897.5,0,0,0,1,0,33,LOW
TXN009247,2024-02-01,18,TRANSFER,1456.49,UK,231781.32,230324.83,0,0,0,0,0,1,LOW
TXN009248,2024-10-19,13,CASH_OUT,2507.71,MX,163559.66,161051.95,0,0,0,0,0,4,LOW
TXN009249,2024-03-22,1,TRANSFER,52236.47,IR,18670.46,0.0,0,0,0,1,1,93,HIGH
TXN009250,2024-10-25,16,CASH_OUT,6214.62,RU,379212.86,372998.24,0,0,0,1,0,30,LOW
TXN009251,2024-11-16,16,CASH_IN,2005.78,NG,141091.42,143097.2,0,0,0,1,0,32,LOW
TXN009252,2024-01-19,13,DEBIT,289.63,US,330122.07,329832.44,0,0,0,0,0,5,LOW
TXN009253,2024-02-15,20,PAYMENT,1177.22,NG,383230.83,382053.61,0,0,0,1,0,30,LOW
TXN009254,2024-01-27,20,TRANSFER,1275.02,IR,129917.88,128642.86,0,0,0,1,0,30,LOW
TXN009255,2024-07-11,8,CASH_OUT,2376.42,MX,12809.4,10432.98,0,0,0,0,0,5,LOW
TXN009256,2024-09-03,10,TRANSFER,641.91,NG,330272.03,329630.12,0,0,0,1,0,32,LOW
TXN009257,2024-11-05,13,DEBIT,1719.34,IR,381496.45,379777.11,0,0,0,1,0,35,LOW
TXN009258,2024-08-25,9,TRANSFER,1186.23,CN,137443.1,136256.87,0,0,0,0,0,4,LOW
TXN009259,2024-08-15,21,DEBIT,1618.01,IR,36838.01,35220.0,0,0,0,1,0,30,LOW
TXN009260,2024-09-18,8,PAYMENT,5560.17,US,316649.01,311088.84,0,0,0,0,0,4,LOW
TXN009261,2024-07-05,15,CASH_OUT,6128.31,UK,435693.63,429565.32,0,0,0,0,0,0,LOW
TXN009262,2024-08-12,4,TRANSFER,13413.43,MX,166486.92,153073.49,0,1,0,0,1,65,MEDIUM
TXN009263,2024-07-24,9,TRANSFER,6820.2,MX,75196.3,68376.1,0,0,0,0,0,1,LOW
TXN009264,2024-10-16,8,DEBIT,51.28,US,15527.27,15475.99,0,0,0,0,0,1,LOW
TXN009265,2024-04-07,21,CASH_OUT,2644.83,US,2189.86,0.0,0,0,0,0,0,4,LOW
TXN009266,2024-12-16,14,PAYMENT,2.51,IR,313545.24,313542.73,0,0,0,1,0,31,LOW
TXN009267,2024-05-03,18,CASH_IN,5995.52,MX,489039.65,495035.17,0,0,0,0,0,0,LOW
TXN009268,2024-02-29,11,CASH_OUT,500.35,RU,35760.8,35260.45,0,0,0,1,0,33,LOW
TXN009269,2024-12-19,17,CASH_IN,5627.64,RU,98931.37,104559.01,0,0,0,1,0,33,LOW
TXN009270,2024-10-03,21,TRANSFER,5639.28,US,296292.55,290653.27,0,0,0,0,0,1,LOW
TXN009271,2024-11-02,3,CASH_OUT,121534.65,UK,130933.54,9398.89,0,0,0,0,1,65,MEDIUM
TXN009272,2024-02-29,9,TRANSFER,2093.04,UK,300183.2,298090.16,0,0,0,0,0,0,LOW
TXN009273,2024-12-15,18,CASH_IN,1093.23,US,114211.82,115305.05,0,0,0,0,0,1,LOW
TXN009274,2024-07-14,17,CASH_IN,9212.88,CN,293081.28,302294.16,0,0,0,0,0,5,LOW
TXN009275,2024-09-08,12,DEBIT,864.11,CN,190344.14,189480.03,0,0,0,0,0,3,LOW
TXN009276,2024-06-16,12,DEBIT,5729.37,US,4124.17,0.0,0,0,0,0,0,1,LOW
TXN009277,2024-09-21,10,TRANSFER,46.61,US,405782.55,405735.94,0,0,0,0,0,3,LOW
TXN009278,2024-06-15,19,CASH_IN,582.7,UK,264346.39,264929.09,0,0,0,0,0,1,LOW
TXN009279,2024-08-19,7,CASH_IN,6849.0,UK,361420.7,368269.7,0,0,0,0,0,4,LOW
TXN009280,2024-12-12,11,CASH_OUT,2244.84,RU,9517.38,7272.54,0,0,0,1,0,32,LOW
TXN009281,2024-01-10,8,TRANSFER,952.17,IR,424808.68,423856.51,0,0,0,1,0,35,LOW
TXN009282,2024-04-09,21,TRANSFER,4544.72,IR,261798.75,257254.03,0,0,0,1,0,34,LOW
TXN009283,2024-12-23,10,CASH_OUT,4381.57,US,220194.68,215813.11,0,0,0,0,0,3,LOW
TXN009284,2024-12-26,16,CASH_IN,1763.16,IR,376321.58,378084.74,0,0,0,1,0,32,LOW
TXN009285,2024-11-15,10,CASH_OUT,1491.37,US,357220.83,355729.46,0,0,0,0,0,5,LOW
TXN009286,2024-02-23,14,DEBIT,103.61,US,160825.1,160721.49,0,0,0,0,0,3,LOW
TXN009287,2024-03-20,16,DEBIT,9122.11,US,498671.22,489549.11,0,0,0,0,0,2,LOW
TXN009288,2024-03-08,9,TRANSFER,1608.52,MX,121038.59,119430.07,0,0,0,0,0,4,LOW
TXN009289,2024-06-04,13,PAYMENT,5803.66,MX,386861.14,381057.48,0,0,0,0,0,2,LOW
TXN009290,2024-10-26,16,PAYMENT,10999.59,CN,357142.2,346142.61,0,0,0,0,0,0,LOW
TXN009291,2024-04-06,16,CASH_IN,666.41,US,418364.75,419031.16,0,0,0,0,0,3,LOW
TXN009292,2024-05-30,1,TRANSFER,84765.98,IR,120498.37,35732.39,0,1,0,1,1,100,HIGH
TXN009293,2024-10-10,14,TRANSFER,769.27,IR,313559.38,312790.11,0,0,0,1,0,31,LOW
TXN009294,2024-10-20,10,CASH_IN,6087.43,UK,346180.63,352268.06,0,0,0,0,0,0,LOW
TXN009295,2024-10-30,9,CASH_OUT,699.63,US,368499.63,367800.0,0,0,0,0,0,3,LOW
TXN009296,2024-07-21,7,CASH_OUT,4329.97,CN,78955.55,74625.58,0,0,0,0,0,2,LOW
TXN009297,2024-11-24,9,CASH_OUT,9404.38,US,354540.46,345136.08,0,0,0,0,0,4,LOW
TXN009298,2024-07-15,13,TRANSFER,1417.12,IR,219582.39,218165.27,0,0,0,1,0,33,LOW
TXN009299,2024-03-04,15,CASH_IN,5656.77,DE,29160.85,34817.62,0,0,0,0,0,1,LOW
TXN009300,2024-03-26,7,CASH_OUT,1471.14,MX,60482.34,59011.2,0,0,0,0,0,2,LOW
TXN009301,2024-10-20,11,TRANSFER,7423.23,MX,368455.66,361032.43,0,0,0,0,0,3,LOW
TXN009302,2024-01-03,8,CASH_IN,4106.18,US,65644.98,69751.16,0,0,0,0,0,3,LOW
TXN009303,2024-09-06,1,CASH_OUT,4465.19,UK,212016.42,207551.23,0,0,0,0,1,22,LOW
TXN009304,2024-08-23,17,CASH_IN,1171.77,IR,398560.58,399732.35,0,0,0,1,0,35,LOW
TXN009305,2024-04-25,10,CASH_IN,3677.64,IR,160299.86,163977.5,0,0,0,1,0,32,LOW
TXN009306,2024-07-08,20,TRANSFER,3439.27,US,155569.94,152130.67,0,0,0,0,0,5,LOW
TXN009307,2024-02-19,17,CASH_IN,237.83,MX,334039.54,334277.37,0,0,0,0,0,2,LOW
TXN009308,2024-07-06,20,CASH_OUT,3320.81,US,248522.79,245201.98,0,0,0,0,0,0,LOW
TXN009309,2024-10-26,10,DEBIT,3438.98,DE,243722.97,240283.99,0,0,0,0,0,1,LOW
TXN009310,2024-06-07,18,DEBIT,699.49,DE,451876.76,451177.27,0,0,0,0,0,4,LOW
TXN009311,2024-05-19,19,PAYMENT,4489.77,IR,293137.56,288647.79,0,0,0,1,0,35,LOW
TXN009312,2024-12-05,3,TRANSFER,121823.85,UK,454181.97,332358.12,0,1,0,0,1,86,HIGH
TXN009313,2024-07-13,21,CASH_OUT,6473.87,MX,7214.87,741.0,0,0,0,0,0,0,LOW
TXN009314,2024-06-12,18,CASH_IN,2960.85,US,351106.47,354067.32,0,0,0,0,0,4,LOW
TXN009315,2024-02-21,7,DEBIT,1939.02,NG,374675.05,372736.03,0,0,0,1,0,30,LOW
TXN009316,2024-10-29,20,DEBIT,6433.97,RU,134505.39,128071.42,0,0,0,1,0,34,LOW
TXN009317,2024-12-21,15,TRANSFER,6020.92,NG,375614.16,369593.24,0,0,0,1,0,34,LOW
TXN009318,2024-07-18,21,CASH_IN,3101.6,IR,65795.69,68897.29,0,0,0,1,0,30,LOW
TXN009319,2024-01-17,19,CASH_IN,2348.8,US,495356.71,497705.51,0,0,0,0,0,0,LOW
TXN009320,2024-05-15,11,CASH_IN,3366.77,US,23860.93,27227.7,0,0,0,0,0,4,LOW
TXN009321,2024-07-15,12,DEBIT,427.63,MX,451242.12,450814.49,0,0,0,0,0,0,LOW
TXN009322,2024-06-30,16,DEBIT,6353.73,UK,8076.08,1722.35,0,0,0,0,0,1,LOW
TXN009323,2024-05-16,15,DEBIT,5923.86,RU,466070.98,460147.12,0,0,0,1,0,33,LOW
TXN009324,2024-10-01,10,CASH_OUT,1048.1,US,224361.91,223313.81,0,0,0,0,0,3,LOW
TXN009325,2024-09-05,8,TRANSFER,5352.18,MX,469833.66,464481.48,0,0,0,0,0,5,LOW
TXN009326,2024-08-28,12,TRANSFER,126.92,US,293606.95,293480.03,0,0,0,0,0,2,LOW
TXN009327,2024-01-21,9,TRANSFER,7783.86,US,307434.38,299650.52,0,0,0,0,0,2,LOW
TXN009328,2024-07-01,13,TRANSFER,233.32,UK,295102.73,294869.41,0,0,0,0,0,0,LOW
TXN009329,2024-06-25,13,CASH_OUT,2793.75,RU,4367.22,1573.47,0,0,0,1,0,35,LOW
TXN009330,2024-09-26,18,CASH_IN,2567.24,RU,423050.27,425617.51,0,0,0,1,0,35,LOW
TXN009331,2024-02-21,13,CASH_OUT,460.5,US,54030.36,53569.86,0,0,0,0,0,4,LOW
TXN009332,2024-08-13,9,CASH_IN,1418.65,DE,166939.53,168358.18,0,0,0,0,0,5,LOW
TXN009333,2024-05-09,1,CASH_OUT,35817.17,IR,145805.93,109988.76,0,1,0,1,1,95,HIGH
TXN009334,2024-07-21,10,PAYMENT,1880.26,IR,462596.89,460716.63,0,0,0,1,0,32,LOW
TXN009335,2024-05-25,7,PAYMENT,73.96,MX,138041.41,137967.45,0,0,0,0,0,2,LOW
TXN009336,2024-11-21,18,CASH_OUT,846.86,US,44782.61,43935.75,0,0,0,0,0,1,LOW
TXN009337,2024-11-05,17,DEBIT,7496.39,UK,248888.85,241392.46,0,0,0,0,0,0,LOW
TXN009338,2024-05-26,21,TRANSFER,1949.73,UK,177800.45,175850.72,0,0,0,0,0,4,LOW
TXN009339,2024-04-12,17,TRANSFER,6659.87,US,159221.2,152561.33,0,0,0,0,0,2,LOW
TXN009340,2024-05-18,23,CASH_OUT,17982.33,US,294939.0,276956.67,0,0,0,0,1,39,LOW
TXN009341,2024-02-11,11,CASH_IN,5450.5,UK,121322.85,126773.35,0,0,0,0,0,4,LOW
TXN009342,2024-12-16,11,PAYMENT,819.85,CN,392755.14,391935.29,0,0,0,0,0,2,LOW
TXN009343,2024-11-03,9,PAYMENT,3222.86,UK,297693.47,294470.61,0,0,0,0,0,0,LOW
TXN009344,2024-03-17,13,TRANSFER,1373.12,US,398870.3,397497.18,0,0,0,0,0,4,LOW
TXN009345,2024-08-07,21,PAYMENT,6367.13,US,153511.78,147144.65,0,0,0,0,0,0,LOW
TXN009346,2024-11-24,10,TRANSFER,4137.48,NG,8428.49,4291.01,0,0,0,1,0,31,LOW
TXN009347,2024-07-07,16,PAYMENT,4409.72,NG,22065.08,17655.36,0,0,0,1,0,31,LOW
TXN009348,2024-04-26,16,TRANSFER,1980.43,IR,329328.75,327348.32,0,0,0,1,0,32,LOW
TXN009349,2024-03-24,7,PAYMENT,9422.63,US,367228.88,357806.25,0,0,0,0,0,2,LOW
TXN009350,2024-06-14,9,CASH_IN,3940.9,US,224163.86,228104.76,0,0,0,0,0,2,LOW
TXN009351,2024-07-21,7,PAYMENT,5864.51,IR,127303.16,121438.65,0,0,0,1,0,30,LOW
TXN009352,2024-12-11,16,TRANSFER,3871.85,IR,255459.35,251587.5,0,0,0,1,0,35,LOW
TXN009353,2024-09-19,1,CASH_OUT,22032.15,RU,42949.97,20917.82,0,0,0,1,1,66,MEDIUM
TXN009354,2024-12-19,13,DEBIT,369.36,NG,307968.15,307598.79,0,0,0,1,0,30,LOW
TXN009355,2024-02-27,21,DEBIT,2603.59,US,41842.05,39238.46,0,0,0,0,0,3,LOW
TXN009356,2024-05-30,8,CASH_OUT,179.45,DE,306748.67,306569.22,0,0,0,0,0,0,LOW
TXN009357,2024-05-27,9,PAYMENT,4109.74,CN,219114.24,215004.5,0,0,0,0,0,5,LOW
TXN009358,2024-01-20,9,PAYMENT,595.42,US,143511.01,142915.59,0,0,0,0,0,3,LOW
TXN009359,2024-10-08,13,CASH_OUT,893.55,DE,248601.44,247707.89,0,0,0,0,0,4,LOW
TXN009360,2024-08-08,16,PAYMENT,4244.72,NG,285003.11,280758.39,0,0,0,1,0,35,LOW
TXN009361,2024-04-28,20,TRANSFER,1354.64,NG,240967.47,239612.83,0,0,0,1,0,33,LOW
TXN009362,2024-07-10,9,CASH_OUT,6603.37,US,32573.09,25969.72,0,0,0,0,0,4,LOW
TXN009363,2024-04-16,7,CASH_OUT,1101.36,UK,277333.62,276232.26,0,0,0,0,0,4,LOW
TXN009364,2024-12-04,12,TRANSFER,2245.08,US,147890.41,145645.33,0,0,0,0,0,3,LOW
TXN009365,2024-12-08,17,CASH_OUT,255.73,US,444747.91,444492.18,0,0,0,0,0,4,LOW
TXN009366,2024-08-18,8,PAYMENT,885.79,NG,423581.98,422696.19,0,0,0,1,0,30,LOW
TXN009367,2024-02-25,17,DEBIT,3948.44,US,9456.41,5507.97,0,0,0,0,0,1,LOW
TXN009368,2024-09-24,3,CASH_OUT,60070.73,RU,220398.67,160327.94,0,1,0,1,1,100,HIGH
TXN009369,2024-01-20,14,CASH_IN,628.08,RU,399016.27,399644.35,0,0,0,1,0,30,LOW
TXN009370,2024-01-09,10,PAYMENT,9470.81,DE,419963.79,410492.98,0,0,0,0,0,3,LOW
TXN009371,2024-06-18,20,TRANSFER,362.53,US,171429.93,171067.4,0,0,0,0,0,1,LOW
TXN009372,2024-12-30,19,TRANSFER,5555.92,IR,162858.4,157302.48,0,0,0,1,0,34,LOW
TXN009373,2024-05-18,8,CASH_IN,3148.2,US,71407.86,74556.06,0,0,0,0,0,5,LOW
TXN009374,2024-04-11,9,CASH_OUT,4356.95,UK,343560.02,339203.07,0,0,0,0,0,5,LOW
TXN009375,2024-05-02,18,TRANSFER,2152.42,IR,20572.96,18420.54,0,0,0,1,0,32,LOW
TXN009376,2024-05-19,2,TRANSFER,17566.68,US,317045.97,299479.29,0,0,0,0,1,36,LOW
TXN009377,2024-08-25,18,PAYMENT,1891.18,US,324986.77,323095.59,0,0,0,0,0,3,LOW
TXN009378,2024-12-07,21,CASH_IN,2494.99,IR,436999.42,439494.41,0,0,0,1,0,31,LOW
TXN009379,2024-06-17,8,DEBIT,8425.6,NG,253757.51,245331.91,0,0,0,1,0,32,LOW
TXN009380,2024-08-17,8,CASH_IN,3088.15,US,217670.69,220758.84,0,0,0,0,0,4,LOW
TXN009381,2024-05-13,23,TRANSFER,4960.33,US,441491.66,436531.33,0,0,0,0,1,23,LOW
TXN009382,2024-10-30,12,PAYMENT,10647.24,US,231960.05,221312.81,0,0,0,0,0,0,LOW
TXN009383,2024-01-18,4,CASH_OUT,32716.97,RU,112354.35,79637.38,0,1,0,1,1,95,HIGH
TXN009384,2024-04-27,16,DEBIT,1598.96,US,123541.41,121942.45,0,0,0,0,0,0,LOW
TXN009385,2024-09-15,8,DEBIT,6037.58,NG,322838.96,316801.38,0,0,0,1,0,32,LOW
TXN009386,2024-01-30,14,DEBIT,6935.64,US,185023.88,178088.24,0,0,0,0,0,0,LOW
TXN009387,2024-04-28,12,CASH_OUT,9821.86,US,244216.36,234394.5,0,0,0,0,0,4,LOW
TXN009388,2024-12-06,8,DEBIT,844.13,US,256944.9,256100.77,0,0,0,0,0,1,LOW
TXN009389,2024-12-15,8,CASH_OUT,5168.71,UK,456316.05,451147.34,0,0,0,0,0,4,LOW
TXN009390,2024-03-02,13,PAYMENT,6121.81,UK,26033.87,19912.06,0,0,0,0,0,1,LOW
TXN009391,2024-10-19,13,CASH_OUT,3626.21,US,367511.76,363885.55,0,0,0,0,0,0,LOW
TXN009392,2024-01-04,7,DEBIT,594.47,US,333891.4,333296.93,0,0,0,0,0,4,LOW
TXN009393,2024-02-13,11,CASH_OUT,769.95,US,188926.5,188156.55,0,0,0,0,0,2,LOW
TXN009394,2024-01-27,13,TRANSFER,1831.12,IR,155546.58,153715.46,0,0,0,1,0,35,LOW
TXN009395,2024-01-28,13,DEBIT,3912.37,CN,474020.25,470107.88,0,0,0,0,0,1,LOW
TXN009396,2024-08-13,17,CASH_IN,976.6,NG,26705.77,27682.37,0,0,0,1,0,31,LOW
TXN009397,2024-08-22,10,PAYMENT,1848.52,US,140173.74,138325.22,0,0,0,0,0,1,LOW
TXN009398,2024-03-11,13,TRANSFER,8099.81,US,421288.1,413188.29,0,0,0,0,0,1,LOW
TXN009399,2024-04-18,17,CASH_IN,2401.71,CN,144804.07,147205.78,0,0,0,0,0,0,LOW
TXN009400,2024-07-14,9,CASH_IN,2813.01,US,404946.98,407759.99,0,0,0,0,0,0,LOW
TXN009401,2024-01-11,12,CASH_OUT,1271.51,US,294195.53,292924.02,0,0,0,0,0,1,LOW
TXN009402,2024-03-08,18,PAYMENT,1378.66,US,191692.1,190313.44,0,0,0,0,0,2,LOW
TXN009403,2024-03-09,20,DEBIT,933.27,MX,37611.88,36678.61,0,0,0,0,0,3,LOW
TXN009404,2024-08-26,9,DEBIT,2234.66,DE,159837.03,157602.37,0,0,0,0,0,5,LOW
TXN009405,2024-05-19,19,DEBIT,486.54,MX,91361.94,90875.4,0,0,0,0,0,4,LOW
TXN009406,2024-10-06,8,PAYMENT,3770.8,US,406401.66,402630.86,0,0,0,0,0,4,LOW
TXN009407,2024-06-05,23,TRANSFER,52259.41,US,167307.98,115048.57,0,0,0,0,1,61,MEDIUM
TXN009408,2024-11-27,17,TRANSFER,2169.68,US,85339.09,83169.41,0,0,0,0,0,2,LOW
TXN009409,2024-01-25,12,DEBIT,6456.59,US,90957.64,84501.05,0,0,0,0,0,0,LOW
TXN009410,2024-11-03,17,DEBIT,1218.08,NG,172380.31,171162.23,0,0,0,1,0,31,LOW
TXN009411,2024-03-19,15,TRANSFER,3600.81,CN,205418.45,201817.64,0,0,0,0,0,3,LOW
TXN009412,2024-07-20,18,CASH_OUT,6288.65,UK,457643.78,451355.13,0,0,0,0,0,2,LOW
TXN009413,2024-06-12,11,CASH_IN,4242.0,US,426850.45,431092.45,0,0,0,0,0,5,LOW
TXN009414,2024-05-01,19,DEBIT,2525.34,US,105018.1,102492.76,0,0,0,0,0,5,LOW
TXN009415,2024-03-18,7,TRANSFER,6968.25,US,394367.69,387399.44,0,0,0,0,0,2,LOW
TXN009416,2024-05-25,15,DEBIT,2110.45,NG,323596.05,321485.6,0,0,0,1,0,32,LOW
TXN009417,2024-03-02,19,PAYMENT,962.37,US,197513.63,196551.26,0,0,0,0,0,1,LOW
TXN009418,2024-05-02,12,CASH_OUT,157.06,US,339154.09,338997.03,0,0,0,0,0,1,LOW
TXN009419,2024-09-30,18,DEBIT,3791.56,US,304649.25,300857.69,0,0,0,0,0,5,LOW
TXN009420,2024-12-10,23,TRANSFER,5225.23,US,481830.31,476605.08,0,0,0,0,1,23,LOW
TXN009421,2024-04-29,18,PAYMENT,523.11,IR,214672.55,214149.44,0,0,0,1,0,30,LOW
TXN009422,2024-07-24,1,TRANSFER,64548.19,NG,143185.57,78637.38,0,1,0,1,1,100,HIGH
TXN009423,2024-02-26,16,DEBIT,5618.33,US,306132.0,300513.67,0,0,0,0,0,0,LOW
TXN009424,2024-12-01,21,CASH_IN,11908.34,US,131392.24,143300.58,0,0,0,0,0,3,LOW
TXN009425,2024-06-06,8,DEBIT,488.7,US,193416.56,192927.86,0,0,0,0,0,0,LOW
TXN009426,2024-08-11,14,PAYMENT,3290.66,UK,51412.81,48122.15,0,0,0,0,0,5,LOW
TXN009427,2024-09-25,18,DEBIT,3420.31,US,448854.96,445434.65,0,0,0,0,0,2,LOW
TXN009428,2024-08-12,15,PAYMENT,5227.17,US,263624.93,258397.76,0,0,0,0,0,3,LOW
TXN009429,2024-09-08,2,CASH_OUT,75976.84,NG,453952.8,377975.96,0,0,0,1,1,94,HIGH
TXN009430,2024-07-28,16,TRANSFER,1749.14,MX,204579.17,202830.03,0,0,0,0,0,4,LOW
TXN009431,2024-12-07,19,TRANSFER,2173.67,IR,142752.47,140578.8,0,0,0,1,0,32,LOW
TXN009432,2024-08-11,7,DEBIT,8556.16,IR,9468.89,912.73,0,0,0,1,0,30,LOW
TXN009433,2024-01-12,16,PAYMENT,1327.38,UK,70220.94,68893.56,0,0,0,0,0,5,LOW
TXN009434,2024-02-10,16,DEBIT,7554.05,US,379259.79,371705.74,0,0,0,0,0,4,LOW
TXN009435,2024-01-04,7,DEBIT,1216.47,RU,102291.12,101074.65,0,0,0,1,0,31,LOW
TXN009436,2024-09-12,16,CASH_IN,850.26,US,106555.11,107405.37,0,0,0,0,0,5,LOW
TXN009437,2024-08-03,13,DEBIT,1481.95,IR,28420.6,26938.65,0,0,0,1,0,30,LOW
TXN009438,2024-08-14,13,PAYMENT,1764.64,DE,74220.1,72455.46,0,0,0,0,0,0,LOW
TXN009439,2024-04-15,16,TRANSFER,3091.7,US,175546.11,172454.41,0,0,0,0,0,4,LOW
TXN009440,2024-11-18,15,CASH_OUT,16958.95,US,269756.67,252797.72,0,0,0,0,0,19,LOW
TXN009441,2024-11-20,9,CASH_OUT,1483.49,NG,484958.29,483474.8,0,0,0,1,0,33,LOW
TXN009442,2024-04-10,2,TRANSFER,25913.57,CN,261069.72,235156.15,0,0,0,0,1,36,LOW
TXN009443,2024-06-06,16,DEBIT,10926.03,UK,311945.1,301019.07,0,0,0,0,0,2,LOW
TXN009444,2024-07-17,9,DEBIT,2439.13,US,341593.43,339154.3,0,0,0,0,0,1,LOW
TXN009445,2024-10-16,12,TRANSFER,13645.9,US,224295.52,210649.62,0,0,0,0,0,19,LOW
TXN009446,2024-11-21,14,PAYMENT,15484.04,US,154947.03,139462.99,0,0,0,0,0,4,LOW
TXN009447,2024-04-29,11,CASH_OUT,202.83,CN,407911.55,407708.72,0,0,0,0,0,5,LOW
TXN009448,2024-05-19,14,DEBIT,2352.76,RU,350266.25,347913.49,0,0,0,1,0,33,LOW
TXN009449,2024-01-18,19,TRANSFER,279.52,US,327208.81,326929.29,0,0,0,0,0,1,LOW
TXN009450,2024-04-03,16,CASH_OUT,1931.89,US,224084.34,222152.45,0,0,0,0,0,5,LOW
TXN009451,2024-11-10,8,PAYMENT,7362.33,US,312655.76,305293.43,0,0,0,0,0,5,LOW
TXN009452,2024-10-18,21,TRANSFER,2642.97,IR,4375.6,1732.63,0,0,0,1,0,30,LOW
TXN009453,2024-03-24,7,CASH_IN,1470.39,DE,138847.45,140317.84,0,0,0,0,0,2,LOW
TXN009454,2024-03-26,14,PAYMENT,7291.75,US,276527.09,269235.34,0,0,0,0,0,2,LOW
TXN009455,2024-05-01,21,TRANSFER,2569.39,US,83238.92,80669.53,0,0,0,0,0,3,LOW
TXN009456,2024-05-06,19,CASH_OUT,8382.47,UK,436181.49,427799.02,0,0,0,0,0,4,LOW
TXN009457,2024-06-10,12,CASH_IN,3900.45,RU,479333.6,483234.05,0,0,0,1,0,31,LOW
TXN009458,2024-04-12,9,DEBIT,3595.0,US,78241.42,74646.42,0,0,0,0,0,3,LOW
TXN009459,2024-04-19,14,DEBIT,13775.46,US,118100.56,104325.1,0,0,0,0,0,4,LOW
TXN009460,2024-09-27,23,TRANSFER,16545.2,NG,273194.61,256649.41,0,0,0,1,1,65,MEDIUM
TXN009461,2024-08-31,17,CASH_OUT,1394.7,DE,238776.52,237381.82,0,0,0,0,0,1,LOW
TXN009462,2024-10-04,18,PAYMENT,5849.0,IR,350537.86,344688.86,0,0,0,1,0,34,LOW
TXN009463,2024-09-24,21,DEBIT,9264.65,US,147844.2,138579.55,0,0,0,0,0,4,LOW
TXN009464,2024-09-06,13,TRANSFER,22.4,US,284740.3,284717.9,0,0,0,0,0,4,LOW
TXN009465,2024-04-14,21,PAYMENT,10322.55,UK,106845.42,96522.87,0,0,0,0,0,4,LOW
TXN009466,2024-06-25,11,CASH_OUT,1877.37,US,214257.48,212380.11,0,0,0,0,0,2,LOW
TXN009467,2024-08-10,10,PAYMENT,2727.73,UK,125765.75,123038.02,0,0,0,0,0,4,LOW
TXN009468,2024-12-18,18,TRANSFER,5247.5,IR,191052.29,185804.79,0,0,0,1,0,35,LOW
TXN009469,2024-11-13,19,CASH_IN,1453.64,UK,119469.4,120923.04,0,0,0,0,0,5,LOW
TXN009470,2024-04-13,13,PAYMENT,491.34,US,192889.9,192398.56,0,0,0,0,0,2,LOW
TXN009471,2024-07-28,14,DEBIT,285.52,US,459069.17,458783.65,0,0,0,0,0,2,LOW
TXN009472,2024-07-16,2,TRANSFER,23111.31,UK,160740.71,137629.4,0,1,0,0,1,62,MEDIUM
TXN009473,2024-01-02,16,CASH_OUT,3416.24,UK,420944.49,417528.25,0,0,0,0,0,3,LOW
TXN009474,2024-08-21,11,DEBIT,229.75,US,287498.01,287268.26,0,0,0,0,0,2,LOW
TXN009475,2024-10-19,8,CASH_OUT,4693.94,US,367266.76,362572.82,0,0,0,0,0,0,LOW
TXN009476,2024-08-30,15,DEBIT,3661.35,CN,336276.17,332614.82,0,0,0,0,0,2,LOW
TXN009477,2024-12-09,8,CASH_IN,3984.16,US,206849.67,210833.83,0,0,0,0,0,2,LOW
TXN009478,2024-06-02,9,TRANSFER,4729.88,US,487112.29,482382.41,0,0,0,0,0,3,LOW
TXN009479,2024-09-14,3,TRANSFER,33036.37,IR,164930.24,131893.87,0,1,0,1,1,93,HIGH
TXN009480,2024-01-14,15,CASH_OUT,3512.23,RU,453473.74,449961.51,0,0,0,1,0,34,LOW
TXN009481,2024-03-28,12,CASH_IN,3858.33,UK,479584.38,483442.71,0,0,0,0,0,3,LOW
TXN009482,2024-11-09,14,CASH_OUT,386.57,IR,475154.0,474767.43,0,0,0,1,0,35,LOW
TXN009483,2024-09-02,10,CASH_IN,749.11,UK,361470.69,362219.8,0,0,0,0,0,4,LOW
TXN009484,2024-03-27,19,DEBIT,7471.37,UK,216211.89,208740.52,0,0,0,0,0,1,LOW
TXN009485,2024-02-17,7,CASH_IN,187.92,MX,304392.04,304579.96,0,0,0,0,0,4,LOW
TXN009486,2024-04-25,14,PAYMENT,7173.35,IR,45990.51,38817.16,0,0,0,1,0,32,LOW
TXN009487,2024-06-29,17,PAYMENT,3865.21,US,270266.63,266401.42,0,0,0,0,0,0,LOW
TXN009488,2024-11-05,7,TRANSFER,4175.49,UK,390457.47,386281.98,0,0,0,0,0,1,LOW
TXN009489,2024-12-05,14,TRANSFER,8639.82,DE,146336.33,137696.51,0,0,0,0,0,4,LOW
TXN009490,2024-09-20,19,TRANSFER,1775.46,US,61406.15,59630.69,0,0,0,0,0,1,LOW
TXN009491,2024-06-01,1,CASH_OUT,112190.72,IR,29332.26,0.0,0,0,0,1,1,91,HIGH
TXN009492,2024-10-07,11,PAYMENT,945.06,RU,416080.68,415135.62,0,0,0,1,0,34,LOW
TXN009493,2024-12-05,11,DEBIT,10010.03,NG,426056.26,416046.23,0,0,0,1,0,35,LOW
TXN009494,2024-10-12,1,CASH_OUT,62817.78,CN,37688.84,0.0,0,1,0,0,1,86,HIGH
TXN009495,2024-05-08,20,TRANSFER,2753.26,CN,447616.88,444863.62,0,0,0,0,0,1,LOW
TXN009496,2024-06-12,13,CASH_IN,1332.79,US,253199.66,254532.45,0,0,0,0,0,1,LOW
TXN009497,2024-01-26,17,CASH_IN,324.62,DE,43271.71,43596.33,0,0,0,0,0,5,LOW
TXN009498,2024-09-26,9,DEBIT,1058.83,MX,222642.64,221583.81,0,0,0,0,0,4,LOW
TXN009499,2024-03-02,10,DEBIT,124.37,US,280672.81,280548.44,0,0,0,0,0,2,LOW
TXN009500,2024-02-18,18,CASH_OUT,2867.22,UK,48009.23,45142.01,0,0,0,0,0,1,LOW
TXN009501,2024-07-25,20,TRANSFER,987.11,US,437509.82,436522.71,0,0,0,0,0,1,LOW
TXN009502,2024-02-20,9,DEBIT,656.1,IR,323552.76,322896.66,0,0,0,1,0,34,LOW
TXN009503,2024-04-22,7,DEBIT,1963.26,RU,216789.23,214825.97,0,0,0,1,0,33,LOW
TXN009504,2024-03-28,12,TRANSFER,2358.85,US,202936.32,200577.47,0,0,0,0,0,5,LOW
TXN009505,2024-08-16,16,CASH_OUT,764.83,US,275424.32,274659.49,0,0,0,0,0,4,LOW
TXN009506,2024-06-18,17,TRANSFER,11936.03,US,269758.99,257822.96,0,0,0,0,0,17,LOW
TXN009507,2024-11-01,13,DEBIT,959.95,MX,373564.93,372604.98,0,0,0,0,0,2,LOW
TXN009508,2024-11-19,7,CASH_OUT,313.43,RU,490025.53,489712.1,0,0,0,1,0,35,LOW
TXN009509,2024-11-16,18,DEBIT,1381.72,US,273571.44,272189.72,0,0,0,0,0,1,LOW
TXN009510,2024-01-08,8,CASH_OUT,2562.2,RU,359319.85,356757.65,0,0,0,1,0,33,LOW
TXN009511,2024-01-15,15,CASH_IN,9349.3,US,60740.43,70089.73,0,0,0,0,0,4,LOW
TXN009512,2024-09-29,7,TRANSFER,1819.67,US,297829.13,296009.46,0,0,0,0,0,2,LOW
TXN009513,2024-08-09,20,PAYMENT,3038.16,DE,101164.41,98126.25,0,0,0,0,0,0,LOW
TXN009514,2024-07-13,18,CASH_IN,2532.1,MX,244861.16,247393.26,0,0,0,0,0,2,LOW
TXN009515,2024-10-15,21,PAYMENT,6733.15,IR,35451.41,28718.26,0,0,0,1,0,32,LOW
TXN009516,2024-01-11,13,DEBIT,643.79,IR,80750.58,80106.79,0,0,0,1,0,35,LOW
TXN009517,2024-11-16,14,TRANSFER,3341.43,DE,273592.53,270251.1,0,0,0,0,0,3,LOW
TXN009518,2024-05-05,10,CASH_IN,7159.36,US,130444.95,137604.31,0,0,0,0,0,1,LOW
TXN009519,2024-09-16,9,CASH_IN,9703.01,NG,441292.59,450995.6,0,0,0,1,0,30,LOW
TXN009520,2024-05-07,21,DEBIT,2001.9,MX,393694.5,391692.6,0,0,0,0,0,4,LOW
TXN009521,2024-09-22,14,CASH_IN,1921.96,RU,216839.31,218761.27,0,0,0,1,0,35,LOW
TXN009522,2024-07-24,11,PAYMENT,596.15,DE,104392.1,103795.95,0,0,0,0,0,4,LOW
TXN009523,2024-06-16,11,TRANSFER,3493.71,US,30592.17,27098.46,0,0,0,0,0,1,LOW
TXN009524,2024-10-15,19,TRANSFER,1334.12,UK,408570.38,407236.26,0,0,0,0,0,0,LOW
TXN009525,2024-04-24,2,CASH_OUT,28521.56,IR,51128.87,22607.31,0,0,0,1,1,67,MEDIUM
TXN009526,2024-03-19,13,TRANSFER,674.24,DE,473415.96,472741.72,0,0,0,0,0,4,LOW
TXN009527,2024-10-27,12,TRANSFER,3263.73,MX,149647.21,146383.48,0,0,0,0,0,3,LOW
TXN009528,2024-12-22,9,PAYMENT,9505.87,CN,117242.62,107736.75,0,0,0,0,0,0,LOW
TXN009529,2024-06-10,7,PAYMENT,414.14,RU,124720.33,124306.19,0,0,0,1,0,35,LOW
TXN009530,2024-06-13,9,CASH_IN,1984.45,CN,367623.96,369608.41,0,0,0,0,0,2,LOW
TXN009531,2024-11-21,9,CASH_OUT,10972.59,UK,380881.97,369909.38,0,0,0,0,0,20,LOW
TXN009532,2024-12-16,8,PAYMENT,3049.8,US,32659.16,29609.36,0,0,0,0,0,4,LOW
TXN009533,2024-04-06,20,CASH_OUT,2069.13,US,204096.35,202027.22,0,0,0,0,0,1,LOW
TXN009534,2024-11-19,12,CASH_OUT,6923.92,US,286180.25,279256.33,0,0,0,0,0,1,LOW
TXN009535,2024-07-28,18,CASH_IN,4016.76,RU,472749.96,476766.72,0,0,0,1,0,32,LOW
TXN009536,2024-07-13,15,CASH_IN,1932.12,DE,411697.88,413630.0,0,0,0,0,0,1,LOW
TXN009537,2024-06-09,18,TRANSFER,514.07,IR,478604.35,478090.28,0,0,0,1,0,32,LOW
TXN009538,2024-05-20,18,TRANSFER,1642.44,US,122521.44,120879.0,0,0,0,0,0,1,LOW
TXN009539,2024-05-24,9,PAYMENT,4074.04,US,472493.72,468419.68,0,0,0,0,0,5,LOW
TXN009540,2024-07-22,12,CASH_OUT,1771.52,UK,477624.66,475853.14,0,0,0,0,0,4,LOW
TXN009541,2024-12-13,21,DEBIT,1042.57,IR,143780.5,142737.93,0,0,0,1,0,34,LOW
TXN009542,2024-07-10,8,TRANSFER,8617.56,CN,279512.39,270894.83,0,0,0,0,0,3,LOW
TXN009543,2024-05-22,20,DEBIT,5462.77,US,284594.21,279131.44,0,0,0,0,0,3,LOW
TXN009544,2024-05-07,12,DEBIT,1742.79,NG,301178.44,299435.65,0,0,0,1,0,30,LOW
TXN009545,2024-05-17,11,CASH_OUT,15274.96,UK,246612.66,231337.7,0,0,0,0,0,15,LOW
TXN009546,2024-06-24,17,PAYMENT,1045.49,US,429977.98,428932.49,0,0,0,0,0,4,LOW
TXN009547,2024-12-08,7,CASH_IN,3746.3,NG,33162.06,36908.36,0,0,0,1,0,33,LOW
TXN009548,2024-08-01,11,PAYMENT,42.81,US,326847.62,326804.81,0,0,0,0,0,2,LOW
TXN009549,2024-12-06,12,CASH_OUT,2266.96,US,457692.03,455425.07,0,0,0,0,0,3,LOW
TXN009550,2024-06-03,11,CASH_OUT,2964.17,US,118220.04,115255.87,0,0,0,0,0,3,LOW
TXN009551,2024-01-23,20,PAYMENT,3465.76,US,226004.55,222538.79,0,0,0,0,0,4,LOW
TXN009552,2024-06-29,7,DEBIT,1197.49,MX,149376.46,148178.97,0,0,0,0,0,3,LOW
TXN009553,2024-05-18,17,PAYMENT,989.89,IR,189604.01,188614.12,0,0,0,1,0,32,LOW
TXN009554,2024-11-07,11,DEBIT,5345.06,NG,364449.07,359104.01,0,0,0,1,0,32,LOW
TXN009555,2024-10-19,14,PAYMENT,617.3,CN,31013.0,30395.7,0,0,0,0,0,1,LOW
TXN009556,2024-11-29,18,TRANSFER,6558.1,UK,396084.36,389526.26,0,0,0,0,0,3,LOW
TXN009557,2024-11-05,8,CASH_OUT,322.43,IR,363091.17,362768.74,0,0,0,1,0,31,LOW
TXN009558,2024-01-03,7,PAYMENT,5438.97,NG,226081.41,220642.44,0,0,0,1,0,31,LOW
TXN009559,2024-12-29,17,PAYMENT,620.72,UK,164943.54,164322.82,0,0,0,0,0,5,LOW
TXN009560,2024-08-22,13,TRANSFER,1192.85,RU,267051.31,265858.46,0,0,0,1,0,34,LOW
TXN009561,2024-02-22,20,DEBIT,3603.17,MX,92307.66,88704.49,0,0,0,0,0,0,LOW
TXN009562,2024-05-31,18,DEBIT,1984.48,CN,56156.28,54171.8,0,0,0,0,0,3,LOW
TXN009563,2024-12-03,13,TRANSFER,10930.89,DE,483314.51,472383.62,0,0,0,0,0,15,LOW
TXN009564,2024-03-14,19,CASH_IN,4.74,US,112853.37,112858.11,0,0,0,0,0,0,LOW
TXN009565,2024-10-29,9,TRANSFER,2460.57,IR,405201.41,402740.84,0,0,0,1,0,31,LOW
TXN009566,2024-05-07,14,CASH_OUT,3801.9,UK,437255.53,433453.63,0,0,0,0,0,0,LOW
TXN009567,2024-05-10,7,CASH_OUT,44.97,US,12276.22,12231.25,0,0,0,0,0,1,LOW
TXN009568,2024-12-25,7,CASH_OUT,86.56,UK,311953.97,311867.41,0,0,0,0,0,3,LOW
TXN009569,2024-01-06,14,CASH_OUT,1175.07,IR,133622.2,132447.13,0,0,0,1,0,31,LOW
TXN009570,2024-12-08,14,CASH_OUT,4405.55,IR,64354.99,59949.44,0,0,0,1,0,30,LOW
TXN009571,2024-11-28,11,TRANSFER,344.95,US,53613.75,53268.8,0,0,0,0,0,4,LOW
TXN009572,2024-06-20,13,CASH_OUT,1471.72,CN,488405.72,486934.0,0,0,0,0,0,5,LOW
TXN009573,2024-10-02,15,DEBIT,1376.6,US,343459.89,342083.29,0,0,0,0,0,5,LOW
TXN009574,2024-12-17,20,CASH_OUT,574.03,NG,337584.32,337010.29,0,0,0,1,0,32,LOW
TXN009575,2024-06-21,14,PAYMENT,2094.79,RU,390696.54,388601.75,0,0,0,1,0,33,LOW
TXN009576,2024-05-29,7,PAYMENT,3670.85,US,433718.48,430047.63,0,0,0,0,0,5,LOW
TXN009577,2024-02-11,12,PAYMENT,2146.06,UK,129846.08,127700.02,0,0,0,0,0,3,LOW
TXN009578,2024-08-30,7,DEBIT,3898.49,MX,250145.79,246247.3,0,0,0,0,0,3,LOW
TXN009579,2024-09-28,15,CASH_IN,1185.22,DE,181393.5,182578.72,0,0,0,0,0,1,LOW
TXN009580,2024-09-01,1,TRANSFER,17509.83,US,185416.26,167906.43,0,1,0,0,1,61,MEDIUM
TXN009581,2024-07-13,7,PAYMENT,680.45,US,400223.14,399542.69,0,0,0,0,0,1,LOW
TXN009582,2024-07-19,16,CASH_IN,859.31,UK,258153.96,259013.27,0,0,0,0,0,0,LOW
TXN009583,2024-09-17,19,PAYMENT,130.32,CN,222833.89,222703.57,0,0,0,0,0,0,LOW
TXN009584,2024-02-13,20,CASH_OUT,49.4,UK,240060.99,240011.59,0,0,0,0,0,2,LOW
TXN009585,2024-06-03,15,PAYMENT,4948.39,UK,2534.96,0.0,0,0,0,0,0,0,LOW
TXN009586,2024-01-10,10,CASH_IN,0.18,CN,256606.44,256606.62,0,0,0,0,0,3,LOW
TXN009587,2024-06-19,21,TRANSFER,3105.28,UK,389057.67,385952.39,0,0,0,0,0,1,LOW
TXN009588,2024-10-13,17,CASH_OUT,6828.25,DE,34649.15,27820.9,0,0,0,0,0,4,LOW
TXN009589,2024-05-07,17,PAYMENT,5914.64,US,333500.01,327585.37,0,0,0,0,0,2,LOW
TXN009590,2024-02-03,19,CASH_IN,3192.23,UK,1033.4,4225.63,0,0,0,0,0,2,LOW
TXN009591,2024-10-23,19,CASH_OUT,11617.14,UK,88968.79,77351.65,0,0,0,0,0,15,LOW
TXN009592,2024-10-24,18,TRANSFER,2207.05,US,324050.73,321843.68,0,0,0,0,0,3,LOW
TXN009593,2024-04-14,19,PAYMENT,928.53,US,98347.88,97419.35,0,0,0,0,0,2,LOW
TXN009594,2024-12-02,2,CASH_OUT,80479.77,NG,453825.68,373345.91,0,1,0,1,1,100,HIGH
TXN009595,2024-07-01,21,PAYMENT,312.47,US,168087.87,167775.4,0,0,0,0,0,4,LOW
TXN009596,2024-05-10,8,PAYMENT,3044.33,DE,481068.19,478023.86,0,0,0,0,0,2,LOW
TXN009597,2024-05-19,19,PAYMENT,5547.85,US,468683.18,463135.33,0,0,0,0,0,4,LOW
TXN009598,2024-05-27,19,CASH_OUT,366.8,UK,462687.26,462320.46,0,0,0,0,0,2,LOW
TXN009599,2024-05-21,18,CASH_IN,4819.31,US,405730.08,410549.39,0,0,0,0,0,0,LOW
TXN009600,2024-01-30,13,CASH_IN,4928.99,NG,415281.16,420210.15,0,0,0,1,0,31,LOW
TXN009601,2024-11-02,16,CASH_OUT,11669.34,DE,133523.65,121854.31,0,0,0,0,0,16,LOW
TXN009602,2024-08-05,7,CASH_IN,2037.06,NG,211072.18,213109.24,0,0,0,1,0,33,LOW
TXN009603,2024-05-30,21,TRANSFER,1655.48,US,121217.3,119561.82,0,0,0,0,0,2,LOW
TXN009604,2024-05-30,20,TRANSFER,12049.49,US,405342.32,393292.83,0,0,0,0,0,18,LOW
TXN009605,2024-11-27,15,DEBIT,1256.31,US,143832.3,142575.99,0,0,0,0,0,1,LOW
TXN009606,2024-01-11,12,PAYMENT,1903.22,US,215925.12,214021.9,0,0,0,0,0,2,LOW
TXN009607,2024-05-12,17,TRANSFER,4407.76,DE,65654.12,61246.36,0,0,0,0,0,1,LOW
TXN009608,2024-09-18,21,CASH_IN,1814.35,DE,404263.06,406077.41,0,0,0,0,0,0,LOW
TXN009609,2024-08-17,8,TRANSFER,611.76,US,63142.26,62530.5,0,0,0,0,0,5,LOW
TXN009610,2024-07-20,16,DEBIT,1655.17,UK,404256.78,402601.61,0,0,0,0,0,2,LOW
TXN009611,2024-10-23,13,DEBIT,2460.72,US,1469.91,0.0,0,0,0,0,0,3,LOW
TXN009612,2024-11-08,12,CASH_OUT,967.43,DE,396062.06,395094.63,0,0,0,0,0,1,LOW
TXN009613,2024-01-11,17,CASH_OUT,784.99,RU,193513.15,192728.16,0,0,0,1,0,32,LOW
TXN009614,2024-04-08,7,TRANSFER,187.89,CN,218234.58,218046.69,0,0,0,0,0,4,LOW
TXN009615,2024-05-26,12,CASH_OUT,200.74,US,373608.59,373407.85,0,0,0,0,0,4,LOW
TXN009616,2024-08-03,12,CASH_IN,7858.38,IR,176521.98,184380.36,0,0,0,1,0,32,LOW
TXN009617,2024-03-02,17,CASH_OUT,3533.7,US,55808.05,52274.35,0,0,0,0,0,5,LOW
TXN009618,2024-09-24,17,PAYMENT,140.2,MX,473516.26,473376.06,0,0,0,0,0,2,LOW
TXN009619,2024-11-20,4,TRANSFER,42481.73,IR,177224.31,134742.58,0,1,0,1,1,93,HIGH
TXN009620,2024-10-18,1,TRANSFER,39774.29,NG,451730.88,411956.59,0,1,0,1,1,91,HIGH
TXN009621,2024-07-10,14,CASH_IN,2095.89,US,195627.97,197723.86,0,0,0,0,0,5,LOW
TXN009622,2024-03-11,20,CASH_IN,616.27,MX,186852.8,187469.07,0,0,0,0,0,4,LOW
TXN009623,2024-07-30,15,CASH_IN,11277.95,US,365217.13,376495.08,0,0,0,0,0,5,LOW
TXN009624,2024-03-13,2,CASH_OUT,119041.63,NG,111876.0,0.0,0,0,0,1,1,93,HIGH
TXN009625,2024-02-21,8,CASH_OUT,86.46,CN,362613.45,362526.99,0,0,0,0,0,4,LOW
TXN009626,2024-11-12,14,CASH_IN,376.13,DE,450012.0,450388.13,0,0,0,0,0,2,LOW
TXN009627,2024-04-02,16,PAYMENT,6532.61,US,211969.26,205436.65,0,0,0,0,0,3,LOW
TXN009628,2024-04-16,19,CASH_OUT,2949.81,NG,29791.55,26841.74,0,0,0,1,0,34,LOW
TXN009629,2024-08-28,14,CASH_IN,13827.89,CN,165388.38,179216.27,0,0,0,0,0,2,LOW
TXN009630,2024-07-27,16,CASH_OUT,6717.42,RU,72243.11,65525.69,0,0,0,1,0,31,LOW
TXN009631,2024-06-22,21,CASH_IN,5076.75,UK,493908.87,498985.62,0,0,0,0,0,2,LOW
TXN009632,2024-01-14,1,TRANSFER,29110.92,RU,137956.55,108845.63,0,1,0,1,1,90,HIGH
TXN009633,2024-11-08,11,CASH_OUT,1296.0,UK,322563.6,321267.6,0,0,0,0,0,5,LOW
TXN009634,2024-01-07,2,TRANSFER,13322.56,CN,341091.08,327768.52,0,1,0,0,1,64,MEDIUM
TXN009635,2024-01-19,13,CASH_IN,5484.18,US,161518.35,167002.53,0,0,0,0,0,5,LOW
TXN009636,2024-12-23,18,DEBIT,1208.15,DE,493856.35,492648.2,0,0,0,0,0,1,LOW
TXN009637,2024-11-15,13,PAYMENT,2189.27,US,304519.74,302330.47,0,0,0,0,0,2,LOW
TXN009638,2024-05-25,18,DEBIT,6832.32,UK,411538.16,404705.84,0,0,0,0,0,4,LOW
TXN009639,2024-08-05,7,TRANSFER,17988.24,US,444265.8,426277.56,0,0,0,0,0,18,LOW
TXN009640,2024-11-07,7,DEBIT,4065.65,US,132955.09,128889.44,0,0,0,0,0,2,LOW
TXN009641,2024-01-04,14,DEBIT,1884.2,US,268180.35,266296.15,0,0,0,0,0,5,LOW
TXN009642,2024-01-10,7,PAYMENT,1104.17,NG,358616.51,357512.34,0,0,0,1,0,34,LOW
TXN009643,2024-04-24,15,PAYMENT,875.17,UK,493464.83,492589.66,0,0,0,0,0,3,LOW
TXN009644,2024-03-04,16,CASH_OUT,2649.57,DE,46516.62,43867.05,0,0,0,0,0,1,LOW
TXN009645,2024-10-17,13,CASH_OUT,3949.6,US,367737.65,363788.05,0,0,0,0,0,0,LOW
TXN009646,2024-08-12,12,DEBIT,2467.97,RU,369199.33,366731.36,0,0,0,1,0,33,LOW
TXN009647,2024-05-27,15,CASH_IN,4511.1,UK,355761.84,360272.94,0,0,0,0,0,0,LOW
TXN009648,2024-04-24,13,PAYMENT,1321.29,US,82887.85,81566.56,0,0,0,0,0,0,LOW
TXN009649,2024-05-18,12,DEBIT,6330.14,NG,352936.67,346606.53,0,0,0,1,0,33,LOW
TXN009650,2024-10-27,7,CASH_OUT,3684.11,CN,64884.0,61199.89,0,0,0,0,0,0,LOW
TXN009651,2024-03-12,7,DEBIT,262.4,IR,480863.6,480601.2,0,0,0,1,0,32,LOW
TXN009652,2024-12-03,19,CASH_OUT,247.13,RU,312041.68,311794.55,0,0,0,1,0,33,LOW
TXN009653,2024-04-23,12,PAYMENT,1267.09,CN,9570.77,8303.68,0,0,0,0,0,0,LOW
TXN009654,2024-03-31,19,DEBIT,539.6,US,486405.36,485865.76,0,0,0,0,0,4,LOW
TXN009655,2024-09-27,8,CASH_IN,760.24,UK,245521.14,246281.38,0,0,0,0,0,4,LOW
TXN009656,2024-04-28,2,TRANSFER,15371.04,RU,197078.84,181707.8,0,1,0,1,1,91,HIGH
TXN009657,2024-06-19,13,CASH_OUT,5751.66,IR,236189.28,230437.62,0,0,0,1,0,35,LOW
TXN009658,2024-02-07,16,PAYMENT,2125.5,NG,428932.63,426807.13,0,0,0,1,0,32,LOW
TXN009659,2024-01-10,16,DEBIT,1264.44,IR,156001.9,154737.46,0,0,0,1,0,35,LOW
TXN009660,2024-12-25,9,TRANSFER,2050.18,IR,111537.82,109487.64,0,0,0,1,0,34,LOW
TXN009661,2024-07-29,10,DEBIT,1843.23,US,300459.27,298616.04,0,0,0,0,0,4,LOW
TXN009662,2024-09-18,17,CASH_OUT,2810.74,RU,132333.9,129523.16,0,0,0,1,0,35,LOW
TXN009663,2024-07-09,21,DEBIT,746.25,DE,408229.15,407482.9,0,0,0,0,0,5,LOW
TXN009664,2024-12-02,15,DEBIT,311.31,US,93461.84,93150.53,0,0,0,0,0,4,LOW
TXN009665,2024-01-31,19,PAYMENT,122.15,UK,402174.85,402052.7,0,0,0,0,0,5,LOW
TXN009666,2024-02-18,15,CASH_OUT,411.8,US,63114.71,62702.91,0,0,0,0,0,1,LOW
TXN009667,2024-03-06,12,TRANSFER,4619.17,RU,426679.82,422060.65,0,0,0,1,0,33,LOW
TXN009668,2024-12-17,8,DEBIT,6677.02,UK,32278.57,25601.55,0,0,0,0,0,5,LOW
TXN009669,2024-04-18,10,CASH_IN,2704.33,US,211487.52,214191.85,0,0,0,0,0,3,LOW
TXN009670,2024-08-09,9,PAYMENT,10090.99,UK,173242.97,163151.98,0,0,0,0,0,0,LOW
TXN009671,2024-07-19,19,PAYMENT,1536.31,UK,442884.6,441348.29,0,0,0,0,0,1,LOW
TXN009672,2024-07-25,19,DEBIT,878.94,US,20891.03,20012.09,0,0,0,0,0,0,LOW
TXN009673,2024-04-07,23,CASH_OUT,74974.03,NG,330703.74,255729.71,0,1,0,1,1,100,HIGH
TXN009674,2024-01-08,17,CASH_OUT,17818.64,UK,463946.96,446128.32,0,0,0,0,0,17,LOW
TXN009675,2024-09-22,10,TRANSFER,7933.1,NG,453872.27,445939.17,0,0,0,1,0,32,LOW
TXN009676,2024-03-15,12,TRANSFER,4969.31,US,363567.06,358597.75,0,0,0,0,0,2,LOW
TXN009677,2024-05-06,11,CASH_OUT,471.12,CN,370865.46,370394.34,0,0,0,0,0,4,LOW
TXN009678,2024-02-17,10,PAYMENT,1428.98,MX,174341.83,172912.85,0,0,0,0,0,4,LOW
TXN009679,2024-09-05,14,CASH_IN,584.29,US,397604.87,398189.16,0,0,0,0,0,0,LOW
TXN009680,2024-12-11,21,TRANSFER,446.98,IR,212805.27,212358.29,0,0,0,1,0,31,LOW
TXN009681,2024-05-24,15,DEBIT,740.5,UK,12450.39,11709.89,0,0,0,0,0,4,LOW
TXN009682,2024-10-08,11,CASH_OUT,1943.45,UK,42470.98,40527.53,0,0,0,0,0,0,LOW
TXN009683,2024-07-23,19,PAYMENT,4648.42,IR,476356.5,471708.08,0,0,0,1,0,31,LOW
TXN009684,2024-02-18,1,TRANSFER,60411.97,US,69288.39,8876.42,0,1,0,0,1,89,HIGH
TXN009685,2024-04-12,7,CASH_IN,812.1,DE,108667.35,109479.45,0,0,0,0,0,4,LOW
TXN009686,2024-07-18,12,CASH_IN,3421.19,US,198975.37,202396.56,0,0,0,0,0,4,LOW
TXN009687,2024-05-31,12,TRANSFER,2038.94,IR,283933.83,281894.89,0,0,0,1,0,31,LOW
TXN009688,2024-08-05,16,DEBIT,1117.15,IR,311661.92,310544.77,0,0,0,1,0,33,LOW
TXN009689,2024-07-29,23,CASH_OUT,34438.05,MX,31965.51,0.0,0,0,0,0,1,37,LOW
TXN009690,2024-03-31,7,CASH_OUT,83.98,US,275644.8,275560.82,0,0,0,0,0,4,LOW
TXN009691,2024-06-10,19,PAYMENT,4331.75,RU,4873.66,541.91,0,0,0,1,0,30,LOW
TXN009692,2024-01-15,7,CASH_OUT,3215.01,RU,70803.43,67588.42,0,0,0,1,0,35,LOW
TXN009693,2024-10-19,10,CASH_IN,1384.68,DE,299157.24,300541.92,0,0,0,0,0,2,LOW
TXN009694,2024-02-05,10,CASH_OUT,411.76,DE,138991.43,138579.67,0,0,0,0,0,1,LOW
TXN009695,2024-09-04,18,CASH_OUT,802.88,IR,469593.71,468790.83,0,0,0,1,0,30,LOW
TXN009696,2024-07-18,21,PAYMENT,1465.3,CN,212204.2,210738.9,0,0,0,0,0,4,LOW
TXN009697,2024-10-14,10,DEBIT,2406.24,RU,175882.96,173476.72,0,0,0,1,0,35,LOW
TXN009698,2024-11-20,17,TRANSFER,3876.2,US,397700.05,393823.85,0,0,0,0,0,2,LOW
TXN009699,2024-07-04,14,CASH_IN,3585.24,MX,258676.73,262261.97,0,0,0,0,0,0,LOW
TXN009700,2024-09-22,20,DEBIT,11321.36,US,290489.72,279168.36,0,0,0,0,0,5,LOW
TXN009701,2024-04-22,8,DEBIT,1149.95,DE,366988.79,365838.84,0,0,0,0,0,5,LOW
TXN009702,2024-06-09,10,CASH_IN,1782.27,CN,463417.24,465199.51,0,0,0,0,0,2,LOW
TXN009703,2024-04-21,12,TRANSFER,7791.19,IR,221747.2,213956.01,0,0,0,1,0,31,LOW
TXN009704,2024-05-06,18,CASH_IN,202.94,US,470836.32,471039.26,0,0,0,0,0,4,LOW
TXN009705,2024-04-29,18,PAYMENT,8569.8,DE,394907.84,386338.04,0,0,0,0,0,0,LOW
TXN009706,2024-06-22,9,PAYMENT,4156.46,IR,423782.34,419625.88,0,0,0,1,0,31,LOW
TXN009707,2024-09-12,21,DEBIT,3323.71,UK,448078.88,444755.17,0,0,0,0,0,2,LOW
TXN009708,2024-12-03,9,DEBIT,14562.18,IR,59630.97,45068.79,0,0,0,1,0,31,LOW
TXN009709,2024-09-15,7,PAYMENT,7258.7,MX,78944.4,71685.7,0,0,0,0,0,1,LOW
TXN009710,2024-09-16,21,TRANSFER,140.3,RU,323336.4,323196.1,0,0,0,1,0,35,LOW
TXN009711,2024-02-29,11,TRANSFER,1154.31,US,444867.38,443713.07,0,0,0,0,0,5,LOW
TXN009712,2024-11-04,12,TRANSFER,4240.36,UK,327638.96,323398.6,0,0,0,0,0,1,LOW
TXN009713,2024-10-18,19,CASH_OUT,522.4,IR,332288.2,331765.8,0,0,0,1,0,35,LOW
TXN009714,2024-10-04,2,TRANSFER,17673.51,UK,422854.06,405180.55,0,0,0,0,1,37,LOW
TXN009715,2024-09-25,21,CASH_IN,1113.77,NG,31741.46,32855.23,0,0,0,1,0,31,LOW
TXN009716,2024-12-19,12,CASH_OUT,2563.88,UK,223100.92,220537.04,0,0,0,0,0,3,LOW
TXN009717,2024-05-27,16,TRANSFER,2761.46,UK,281236.2,278474.74,0,0,0,0,0,2,LOW
TXN009718,2024-09-19,8,CASH_OUT,272.47,US,332235.74,331963.27,0,0,0,0,0,3,LOW
TXN009719,2024-12-02,7,DEBIT,8341.81,CN,149972.2,141630.39,0,0,0,0,0,4,LOW
TXN009720,2024-11-26,17,TRANSFER,4825.16,IR,74027.35,69202.19,0,0,0,1,0,34,LOW
TXN009721,2024-04-01,19,PAYMENT,779.58,CN,253890.07,253110.49,0,0,0,0,0,0,LOW
TXN009722,2024-07-26,11,DEBIT,1368.45,US,34896.86,33528.41,0,0,0,0,0,0,LOW
TXN009723,2024-01-24,8,CASH_OUT,10297.58,RU,211906.32,201608.74,0,0,0,1,0,35,LOW
TXN009724,2024-01-21,8,DEBIT,4436.11,CN,100142.19,95706.08,0,0,0,0,0,0,LOW
TXN009725,2024-12-20,14,CASH_OUT,14331.77,US,69440.66,55108.89,0,0,0,0,0,20,LOW
TXN009726,2024-08-07,21,DEBIT,1521.13,US,226465.35,224944.22,0,0,0,0,0,3,LOW
TXN009727,2024-05-24,15,CASH_IN,2828.56,US,90056.82,92885.38,0,0,0,0,0,2,LOW
TXN009728,2024-12-10,13,CASH_OUT,1726.54,DE,461449.75,459723.21,0,0,0,0,0,2,LOW
TXN009729,2024-10-18,21,DEBIT,4798.28,IR,76890.66,72092.38,0,0,0,1,0,31,LOW
TXN009730,2024-02-15,7,PAYMENT,2799.94,US,242788.86,239988.92,0,0,0,0,0,5,LOW
TXN009731,2024-07-17,17,CASH_IN,4955.9,IR,402476.48,407432.38,0,0,0,1,0,33,LOW
TXN009732,2024-07-25,3,CASH_OUT,33749.14,RU,198313.81,164564.67,0,0,0,1,1,67,MEDIUM
TXN009733,2024-03-29,13,CASH_IN,2227.11,MX,385161.41,387388.52,0,0,0,0,0,1,LOW
TXN009734,2024-06-25,12,PAYMENT,9887.43,UK,347460.86,337573.43,0,0,0,0,0,0,LOW
TXN009735,2024-01-25,13,PAYMENT,4732.42,IR,456191.43,451459.01,0,0,0,1,0,31,LOW
TXN009736,2024-05-18,3,TRANSFER,2051.72,RU,446029.61,443977.89,0,0,0,1,1,54,MEDIUM
TXN009737,2024-10-13,17,PAYMENT,636.29,NG,230057.03,229420.74,0,0,0,1,0,34,LOW
TXN009738,2024-03-06,19,TRANSFER,4740.38,US,403132.7,398392.32,0,0,0,0,0,0,LOW
TXN009739,2024-02-23,13,CASH_OUT,237.88,NG,102869.23,102631.35,0,0,0,1,0,35,LOW
TXN009740,2024-03-30,20,DEBIT,2224.03,RU,378971.13,376747.1,0,0,0,1,0,32,LOW
TXN009741,2024-04-08,13,PAYMENT,10749.06,UK,485803.11,475054.05,0,0,0,0,0,0,LOW
TXN009742,2024-08-20,11,TRANSFER,589.16,UK,53850.56,53261.4,0,0,0,0,0,2,LOW
TXN009743,2024-02-29,16,PAYMENT,2439.66,MX,114163.7,111724.04,0,0,0,0,0,0,LOW
TXN009744,2024-11-10,9,CASH_OUT,1726.79,UK,207295.71,205568.92,0,0,0,0,0,2,LOW
TXN009745,2024-05-05,16,CASH_OUT,2454.62,NG,184918.49,182463.87,0,0,0,1,0,32,LOW
TXN009746,2024-02-15,12,TRANSFER,5359.78,UK,299064.73,293704.95,0,0,0,0,0,3,LOW
TXN009747,2024-03-07,9,CASH_IN,1346.3,RU,313134.01,314480.31,0,0,0,1,0,30,LOW
TXN009748,2024-02-17,17,TRANSFER,309.25,US,439102.92,438793.67,0,0,0,0,0,4,LOW
TXN009749,2024-12-20,10,PAYMENT,1177.62,NG,370016.56,368838.94,0,0,0,1,0,35,LOW
TXN009750,2024-01-24,17,CASH_OUT,36.18,UK,442395.26,442359.08,0,0,0,0,0,3,LOW
TXN009751,2024-01-20,11,CASH_IN,1713.15,UK,218884.56,220597.71,0,0,0,0,0,0,LOW
TXN009752,2024-04-08,19,CASH_OUT,3128.0,NG,265474.81,262346.81,0,0,0,1,0,32,LOW
TXN009753,2024-07-29,10,DEBIT,2462.98,IR,250959.57,248496.59,0,0,0,1,0,34,LOW
TXN009754,2024-01-11,14,TRANSFER,7161.12,IR,27758.1,20596.98,0,0,0,1,0,30,LOW
TXN009755,2024-02-09,3,CASH_OUT,12202.83,DE,65656.85,53454.02,0,1,0,0,1,60,MEDIUM
TXN009756,2024-03-07,23,CASH_OUT,67587.27,IR,289004.88,221417.61,0,0,0,1,1,93,HIGH
TXN009757,2024-03-08,17,CASH_OUT,12996.38,CN,223258.97,210262.59,0,0,0,0,0,15,LOW
TXN009758,2024-12-22,11,CASH_OUT,1904.3,US,74718.92,72814.62,0,0,0,0,0,1,LOW
TXN009759,2024-10-14,8,DEBIT,2349.51,UK,168879.38,166529.87,0,0,0,0,0,3,LOW
TXN009760,2024-09-12,21,CASH_IN,7366.38,UK,395910.92,403277.3,0,0,0,0,0,5,LOW
TXN009761,2024-08-22,14,PAYMENT,948.73,US,138524.33,137575.6,0,0,0,0,0,1,LOW
TXN009762,2024-08-15,13,CASH_IN,5466.6,US,217330.79,222797.39,0,0,0,0,0,3,LOW
TXN009763,2024-09-14,19,CASH_IN,159.64,US,413795.29,413954.93,0,0,0,0,0,1,LOW
TXN009764,2024-04-10,15,CASH_IN,2750.37,RU,422966.68,425717.05,0,0,0,1,0,33,LOW
TXN009765,2024-10-18,7,TRANSFER,1159.67,DE,280952.25,279792.58,0,0,0,0,0,2,LOW
TXN009766,2024-09-25,9,CASH_IN,5551.18,DE,439678.36,445229.54,0,0,0,0,0,0,LOW
TXN009767,2024-10-03,15,DEBIT,331.2,UK,246948.23,246617.03,0,0,0,0,0,0,LOW
TXN009768,2024-12-29,17,DEBIT,2292.51,CN,484037.04,481744.53,0,0,0,0,0,5,LOW
TXN009769,2024-09-12,11,DEBIT,4639.72,US,153720.86,149081.14,0,0,0,0,0,3,LOW
TXN009770,2024-10-20,9,DEBIT,110.7,RU,25904.78,25794.08,0,0,0,1,0,32,LOW
TXN009771,2024-04-15,21,TRANSFER,806.83,US,107974.74,107167.91,0,0,0,0,0,4,LOW
TXN009772,2024-11-20,11,CASH_IN,2127.62,US,148951.52,151079.14,0,0,0,0,0,5,LOW
TXN009773,2024-06-11,16,PAYMENT,4184.53,DE,129904.05,125719.52,0,0,0,0,0,4,LOW
TXN009774,2024-05-13,21,CASH_IN,1481.37,DE,152126.63,153608.0,0,0,0,0,0,1,LOW
TXN009775,2024-12-08,12,PAYMENT,6196.54,DE,197632.04,191435.5,0,0,0,0,0,4,LOW
TXN009776,2024-03-03,18,DEBIT,240.64,CN,423812.78,423572.14,0,0,0,0,0,4,LOW
TXN009777,2024-06-02,16,TRANSFER,3169.42,UK,351193.69,348024.27,0,0,0,0,0,4,LOW
TXN009778,2024-09-02,9,DEBIT,3114.89,UK,388227.86,385112.97,0,0,0,0,0,0,LOW
TXN009779,2024-05-10,11,CASH_OUT,4699.53,UK,458403.2,453703.67,0,0,0,0,0,2,LOW
TXN009780,2024-08-15,20,PAYMENT,9269.02,UK,75974.14,66705.12,0,0,0,0,0,5,LOW
TXN009781,2024-12-08,20,CASH_IN,7062.83,CN,403119.47,410182.3,0,0,0,0,0,0,LOW
TXN009782,2024-09-21,21,DEBIT,148.34,UK,104972.5,104824.16,0,0,0,0,0,3,LOW
TXN009783,2024-04-12,16,CASH_IN,3964.18,UK,280962.01,284926.19,0,0,0,0,0,3,LOW
TXN009784,2024-07-29,17,TRANSFER,2004.89,UK,17779.29,15774.4,0,0,0,0,0,4,LOW
TXN009785,2024-03-20,2,TRANSFER,15822.14,RU,97564.68,81742.54,0,0,0,1,1,65,MEDIUM
TXN009786,2024-04-07,2,CASH_OUT,11816.48,RU,371224.58,359408.1,0,1,0,1,1,92,HIGH
TXN009787,2024-04-03,12,CASH_IN,897.87,NG,116664.11,117561.98,0,0,0,1,0,31,LOW
TXN009788,2024-04-06,21,TRANSFER,7492.86,US,204459.23,196966.37,0,0,0,0,0,4,LOW
TXN009789,2024-09-10,21,PAYMENT,6908.07,NG,78575.85,71667.78,0,0,0,1,0,35,LOW
TXN009790,2024-04-15,9,CASH_OUT,3896.04,RU,412360.28,408464.24,0,0,0,1,0,33,LOW
TXN009791,2024-02-09,13,TRANSFER,222.56,MX,355415.36,355192.8,0,0,0,0,0,4,LOW
TXN009792,2024-07-26,14,PAYMENT,1205.43,RU,411476.74,410271.31,0,0,0,1,0,35,LOW
TXN009793,2024-03-07,20,PAYMENT,2110.83,US,165286.16,163175.33,0,0,0,0,0,5,LOW
TXN009794,2024-07-19,10,DEBIT,340.2,UK,242223.22,241883.02,0,0,0,0,0,2,LOW
TXN009795,2024-04-21,10,CASH_IN,2292.69,MX,294472.28,296764.97,0,0,0,0,0,3,LOW
TXN009796,2024-12-28,19,DEBIT,3348.65,UK,29244.18,25895.53,0,0,0,0,0,4,LOW
TXN009797,2024-10-01,16,PAYMENT,3961.28,IR,442459.58,438498.3,0,0,0,1,0,32,LOW
TXN009798,2024-04-26,9,PAYMENT,2322.68,NG,113396.91,111074.23,0,0,0,1,0,32,LOW
TXN009799,2024-03-03,17,CASH_OUT,343.65,US,7711.11,7367.46,0,0,0,0,0,3,LOW
TXN009800,2024-02-26,20,CASH_OUT,2126.93,US,198061.69,195934.76,0,0,0,0,0,1,LOW
TXN009801,2024-07-20,13,TRANSFER,4077.14,US,222091.5,218014.36,0,0,0,0,0,1,LOW
TXN009802,2024-10-08,17,TRANSFER,4872.01,DE,112175.78,107303.77,0,0,0,0,0,2,LOW
TXN009803,2024-08-26,19,DEBIT,733.54,CN,434200.75,433467.21,0,0,0,0,0,0,LOW
TXN009804,2024-01-08,16,TRANSFER,19527.27,RU,107238.1,87710.83,0,0,0,1,0,35,LOW
TXN009805,2024-01-19,20,CASH_IN,5678.58,IR,172988.2,178666.78,0,0,0,1,0,30,LOW
TXN009806,2024-09-15,21,CASH_IN,1320.89,IR,213427.7,214748.59,0,0,0,1,0,34,LOW
TXN009807,2024-11-12,7,DEBIT,513.14,IR,209629.98,209116.84,0,0,0,1,0,32,LOW
TXN009808,2024-12-14,23,CASH_OUT,21525.77,NG,261362.7,239836.93,0,1,0,1,1,95,HIGH
TXN009809,2024-09-18,16,PAYMENT,3268.57,UK,165731.45,162462.88,0,0,0,0,0,3,LOW
TXN009810,2024-06-08,12,CASH_IN,622.84,UK,433129.7,433752.54,0,0,0,0,0,5,LOW
TXN009811,2024-11-29,18,PAYMENT,3216.5,US,95486.57,92270.07,0,0,0,0,0,4,LOW
TXN009812,2024-08-14,13,CASH_OUT,9049.69,CN,82954.25,73904.56,0,0,0,0,0,3,LOW
TXN009813,2024-08-02,9,CASH_OUT,6277.69,US,36336.75,30059.06,0,0,0,0,0,4,LOW
TXN009814,2024-03-09,12,DEBIT,11049.6,US,200001.79,188952.19,0,0,0,0,0,2,LOW
TXN009815,2024-03-10,14,PAYMENT,336.18,CN,484774.18,484438.0,0,0,0,0,0,5,LOW
TXN009816,2024-11-27,4,CASH_OUT,57390.37,IR,275756.21,218365.84,0,1,0,1,1,100,HIGH
TXN009817,2024-02-05,7,TRANSFER,14940.71,CN,493070.01,478129.3,0,0,0,0,0,18,LOW
TXN009818,2024-09-05,19,PAYMENT,267.18,UK,206056.05,205788.87,0,0,0,0,0,1,LOW
TXN009819,2024-04-29,14,PAYMENT,4563.16,NG,303420.83,298857.67,0,0,0,1,0,33,LOW
TXN009820,2024-02-27,10,PAYMENT,512.65,MX,77478.29,76965.64,0,0,0,0,0,2,LOW
TXN009821,2024-01-14,7,CASH_OUT,2632.05,US,276328.05,273696.0,0,0,0,0,0,2,LOW
TXN009822,2024-07-17,11,DEBIT,1629.96,US,240454.91,238824.95,0,0,0,0,0,4,LOW
TXN009823,2024-06-05,12,CASH_IN,904.69,UK,483079.9,483984.59,0,0,0,0,0,3,LOW
TXN009824,2024-05-11,17,PAYMENT,5292.84,US,439350.77,434057.93,0,0,0,0,0,0,LOW
TXN009825,2024-09-26,19,CASH_IN,532.86,MX,455340.67,455873.53,0,0,0,0,0,5,LOW
TXN009826,2024-03-29,13,DEBIT,469.56,US,87401.28,86931.72,0,0,0,0,0,4,LOW
TXN009827,2024-09-07,2,CASH_OUT,43096.36,IR,378047.4,334951.04,0,1,0,1,1,95,HIGH
TXN009828,2024-07-08,7,CASH_OUT,3989.24,NG,138766.98,134777.74,0,0,0,1,0,32,LOW
TXN009829,2024-09-11,8,CASH_OUT,982.45,UK,453210.39,452227.94,0,0,0,0,0,5,LOW
TXN009830,2024-12-19,14,CASH_OUT,5603.32,RU,459892.9,454289.58,0,0,0,1,0,30,LOW
TXN009831,2024-12-10,7,CASH_OUT,2790.21,US,369959.48,367169.27,0,0,0,0,0,4,LOW
TXN009832,2024-07-15,10,DEBIT,2669.51,NG,354255.74,351586.23,0,0,0,1,0,35,LOW
TXN009833,2024-07-05,11,CASH_IN,1330.67,US,360597.57,361928.24,0,0,0,0,0,5,LOW
TXN009834,2024-09-05,13,CASH_OUT,2457.1,UK,249234.76,246777.66,0,0,0,0,0,2,LOW
TXN009835,2024-10-22,15,CASH_OUT,1783.9,RU,378831.82,377047.92,0,0,0,1,0,34,LOW
TXN009836,2024-07-06,18,CASH_OUT,3109.78,RU,258218.59,255108.81,0,0,0,1,0,35,LOW
TXN009837,2024-09-20,11,PAYMENT,2095.85,CN,143669.42,141573.57,0,0,0,0,0,1,LOW
TXN009838,2024-08-29,9,DEBIT,1684.09,DE,220743.9,219059.81,0,0,0,0,0,4,LOW
TXN009839,2024-08-25,19,CASH_IN,828.16,US,221211.01,222039.17,0,0,0,0,0,4,LOW
TXN009840,2024-06-18,8,CASH_OUT,3301.2,US,102854.68,99553.48,0,0,0,0,0,1,LOW
TXN009841,2024-11-10,15,DEBIT,875.18,US,7620.69,6745.51,0,0,0,0,0,4,LOW
TXN009842,2024-09-26,18,CASH_IN,6192.86,UK,265249.36,271442.22,0,0,0,0,0,5,LOW
TXN009843,2024-08-15,20,CASH_OUT,7697.82,RU,139659.78,131961.96,0,0,0,1,0,32,LOW
TXN009844,2024-07-26,18,PAYMENT,2684.18,MX,25738.16,23053.98,0,0,0,0,0,4,LOW
TXN009845,2024-08-24,8,PAYMENT,6037.0,NG,241830.54,235793.54,0,0,0,1,0,35,LOW
TXN009846,2024-11-06,17,CASH_IN,228.73,CN,495202.01,495430.74,0,0,0,0,0,5,LOW
TXN009847,2024-09-27,17,CASH_OUT,2549.04,IR,342070.64,339521.6,0,0,0,1,0,30,LOW
TXN009848,2024-01-01,12,CASH_IN,4916.59,US,99936.61,104853.2,0,0,0,0,0,3,LOW
TXN009849,2024-09-20,17,CASH_OUT,889.05,US,425090.16,424201.11,0,0,0,0,0,5,LOW
TXN009850,2024-09-19,3,CASH_OUT,76851.53,CN,465593.14,388741.61,0,0,0,0,1,65,MEDIUM
TXN009851,2024-12-07,20,DEBIT,2324.54,MX,217848.04,215523.5,0,0,0,0,0,0,LOW
TXN009852,2024-10-27,8,DEBIT,1647.64,CN,227269.08,225621.44,0,0,0,0,0,2,LOW
TXN009853,2024-01-11,10,CASH_OUT,292.72,RU,263271.61,262978.89,0,0,0,1,0,30,LOW
TXN009854,2024-04-23,4,TRANSFER,133978.11,UK,284129.42,150151.31,0,0,0,0,1,60,MEDIUM
TXN009855,2024-03-03,9,TRANSFER,6174.22,UK,222640.65,216466.43,0,0,0,0,0,2,LOW
TXN009856,2024-06-03,11,CASH_OUT,2055.11,UK,221465.03,219409.92,0,0,0,0,0,0,LOW
TXN009857,2024-06-11,17,TRANSFER,1850.27,IR,261505.18,259654.91,0,0,0,1,0,30,LOW
TXN009858,2024-09-08,8,DEBIT,3266.27,US,160384.84,157118.57,0,0,0,0,0,2,LOW
TXN009859,2024-06-10,9,DEBIT,8460.4,NG,155477.12,147016.72,0,0,0,1,0,35,LOW
TXN009860,2024-10-07,17,CASH_IN,341.61,US,203449.95,203791.56,0,0,0,0,0,2,LOW
TXN009861,2024-03-16,7,PAYMENT,1849.07,US,293345.93,291496.86,0,0,0,0,0,1,LOW
TXN009862,2024-01-19,21,TRANSFER,2922.95,UK,347739.0,344816.05,0,0,0,0,0,5,LOW
TXN009863,2024-05-03,9,PAYMENT,3686.73,MX,75321.28,71634.55,0,0,0,0,0,5,LOW
TXN009864,2024-12-29,8,DEBIT,4113.24,UK,81767.06,77653.82,0,0,0,0,0,1,LOW
TXN009865,2024-01-29,13,CASH_IN,1334.14,MX,463029.62,464363.76,0,0,0,0,0,2,LOW
TXN009866,2024-11-30,8,TRANSFER,3555.72,US,265673.48,262117.76,0,0,0,0,0,3,LOW
TXN009867,2024-04-22,15,DEBIT,10223.19,US,68277.09,58053.9,0,0,0,0,0,3,LOW
TXN009868,2024-05-15,8,DEBIT,6330.12,CN,79487.59,73157.47,0,0,0,0,0,4,LOW
TXN009869,2024-07-26,19,CASH_OUT,3972.17,UK,154361.85,150389.68,0,0,0,0,0,4,LOW
TXN009870,2024-03-30,15,CASH_IN,358.54,DE,325675.87,326034.41,0,0,0,0,0,2,LOW
TXN009871,2024-04-23,18,TRANSFER,8092.84,DE,403371.83,395278.99,0,0,0,0,0,0,LOW
TXN009872,2024-08-02,18,DEBIT,5136.16,MX,484554.0,479417.84,0,0,0,0,0,3,LOW
TXN009873,2024-09-28,3,TRANSFER,5364.67,DE,254455.16,249090.49,0,1,0,0,1,50,MEDIUM
TXN009874,2024-06-18,7,DEBIT,10134.47,MX,104583.87,94449.4,0,0,0,0,0,4,LOW
TXN009875,2024-12-22,14,CASH_IN,982.03,US,291736.13,292718.16,0,0,0,0,0,3,LOW
TXN009876,2024-12-12,10,CASH_IN,2799.02,DE,220938.93,223737.95,0,0,0,0,0,1,LOW
TXN009877,2024-06-19,17,CASH_IN,4552.09,US,369140.05,373692.14,0,0,0,0,0,4,LOW
TXN009878,2024-07-07,7,TRANSFER,850.1,DE,482258.34,481408.24,0,0,0,0,0,0,LOW
TXN009879,2024-03-05,17,PAYMENT,2507.22,US,471154.55,468647.33,0,0,0,0,0,1,LOW
TXN009880,2024-04-09,20,DEBIT,3913.27,NG,60045.56,56132.29,0,0,0,1,0,30,LOW
TXN009881,2024-06-23,13,CASH_IN,3961.13,RU,15066.95,19028.08,0,0,0,1,0,31,LOW
TXN009882,2024-12-24,17,PAYMENT,3954.72,US,257494.24,253539.52,0,0,0,0,0,3,LOW
TXN009883,2024-10-23,16,DEBIT,2937.45,RU,212849.92,209912.47,0,0,0,1,0,34,LOW
TXN009884,2024-04-06,16,CASH_IN,6675.97,CN,467237.94,473913.91,0,0,0,0,0,2,LOW
TXN009885,2024-06-28,9,TRANSFER,3857.11,UK,439373.18,435516.07,0,0,0,0,0,4,LOW
TXN009886,2024-03-18,12,PAYMENT,4741.48,MX,333923.12,329181.64,0,0,0,0,0,4,LOW
TXN009887,2024-08-23,14,CASH_OUT,5848.6,US,154564.1,148715.5,0,0,0,0,0,2,LOW
TXN009888,2024-10-12,7,PAYMENT,2308.28,MX,85284.91,82976.63,0,0,0,0,0,3,LOW
TXN009889,2024-02-20,10,TRANSFER,196.18,NG,189326.22,189130.04,0,0,0,1,0,35,LOW
TXN009890,2024-05-07,13,TRANSFER,56.55,DE,102982.75,102926.2,0,0,0,0,0,5,LOW
TXN009891,2024-11-08,13,CASH_OUT,3526.61,UK,492634.84,489108.23,0,0,0,0,0,4,LOW
TXN009892,2024-07-10,13,CASH_OUT,12660.52,UK,120277.32,107616.8,0,0,0,0,0,16,LOW
TXN009893,2024-02-17,19,PAYMENT,3936.24,NG,209326.67,205390.43,0,0,0,1,0,34,LOW
TXN009894,2024-10-01,13,CASH_OUT,1723.45,CN,156933.02,155209.57,0,0,0,0,0,2,LOW
TXN009895,2024-03-10,7,CASH_IN,4566.86,US,8219.23,12786.09,0,0,0,0,0,2,LOW
TXN009896,2024-10-03,10,DEBIT,2213.24,MX,108712.88,106499.64,0,0,0,0,0,0,LOW
TXN009897,2024-12-07,9,CASH_IN,10263.58,US,63565.1,73828.68,0,0,0,0,0,4,LOW
TXN009898,2024-04-07,9,PAYMENT,13877.04,US,171902.05,158025.01,0,0,0,0,0,5,LOW
TXN009899,2024-07-15,8,TRANSFER,570.86,MX,24230.02,23659.16,0,0,0,0,0,1,LOW
TXN009900,2024-10-08,12,CASH_IN,307.57,UK,275345.5,275653.07,0,0,0,0,0,5,LOW
TXN009901,2024-06-23,15,CASH_IN,7358.2,NG,223795.36,231153.56,0,0,0,1,0,31,LOW
TXN009902,2024-08-20,8,TRANSFER,903.35,UK,354748.08,353844.73,0,0,0,0,0,2,LOW
TXN009903,2024-04-27,9,DEBIT,952.88,RU,67377.62,66424.74,0,0,0,1,0,33,LOW
TXN009904,2024-05-12,7,DEBIT,4025.73,UK,229007.62,224981.89,0,0,0,0,0,4,LOW
TXN009905,2024-08-20,21,DEBIT,45.81,MX,440787.84,440742.03,0,0,0,0,0,0,LOW
TXN009906,2024-09-19,1,TRANSFER,3535.25,CN,365602.41,362067.16,0,1,0,0,1,45,MEDIUM
TXN009907,2024-04-19,9,CASH_OUT,4140.23,IR,153850.17,149709.94,0,0,0,1,0,30,LOW
TXN009908,2024-04-08,8,PAYMENT,7654.64,UK,109244.13,101589.49,0,0,0,0,0,1,LOW
TXN009909,2024-11-09,9,TRANSFER,3082.93,UK,126542.53,123459.6,0,0,0,0,0,1,LOW
TXN009910,2024-12-04,16,DEBIT,10309.5,US,409405.98,399096.48,0,0,0,0,0,3,LOW
TXN009911,2024-12-16,14,PAYMENT,3.3,IR,253333.05,253329.75,0,0,0,1,0,32,LOW
TXN009912,2024-04-16,20,TRANSFER,1867.83,US,81554.05,79686.22,0,0,0,0,0,3,LOW
TXN009913,2024-09-26,10,DEBIT,7143.44,US,328472.57,321329.13,0,0,0,0,0,4,LOW
TXN009914,2024-07-16,7,TRANSFER,2591.32,UK,24920.56,22329.24,0,0,0,0,0,4,LOW
TXN009915,2024-05-11,8,CASH_OUT,2252.14,UK,428433.26,426181.12,0,0,0,0,0,4,LOW
TXN009916,2024-09-30,23,CASH_OUT,8966.25,DE,291193.26,282227.01,0,0,0,0,1,23,LOW
TXN009917,2024-04-26,10,CASH_IN,10644.15,IR,293655.84,304299.99,0,0,0,1,0,30,LOW
TXN009918,2024-07-08,7,CASH_OUT,775.39,CN,291296.53,290521.14,0,0,0,0,0,1,LOW
TXN009919,2024-06-02,9,DEBIT,11461.52,DE,188292.45,176830.93,0,0,0,0,0,4,LOW
TXN009920,2024-10-14,21,CASH_OUT,2122.88,NG,378530.4,376407.52,0,0,0,1,0,32,LOW
TXN009921,2024-07-29,12,DEBIT,3908.03,UK,175699.5,171791.47,0,0,0,0,0,5,LOW
TXN009922,2024-03-10,21,TRANSFER,1657.36,US,391367.17,389709.81,0,0,0,0,0,0,LOW
TXN009923,2024-07-07,9,CASH_IN,8558.03,US,22400.83,30958.86,0,0,0,0,0,1,LOW
TXN009924,2024-03-17,1,TRANSFER,40713.61,NG,115797.22,75083.61,0,1,0,1,1,95,HIGH
TXN009925,2024-05-08,19,TRANSFER,2601.05,US,279086.29,276485.24,0,0,0,0,0,4,LOW
TXN009926,2024-03-30,21,CASH_OUT,257.51,US,364108.76,363851.25,0,0,0,0,0,3,LOW
TXN009927,2024-08-20,17,DEBIT,10091.04,RU,245201.21,235110.17,0,0,0,1,0,33,LOW
TXN009928,2024-11-21,2,TRANSFER,27239.1,NG,470568.97,443329.87,0,0,0,1,1,66,MEDIUM
TXN009929,2024-12-24,12,PAYMENT,404.98,US,484248.38,483843.4,0,0,0,0,0,4,LOW
TXN009930,2024-03-21,16,PAYMENT,13807.4,CN,77653.75,63846.35,0,0,0,0,0,5,LOW
TXN009931,2024-07-31,19,PAYMENT,1782.08,US,23345.53,21563.45,0,0,0,0,0,5,LOW
TXN009932,2024-11-09,10,CASH_IN,942.19,CN,110184.77,111126.96,0,0,0,0,0,1,LOW
TXN009933,2024-05-04,13,CASH_IN,10105.11,US,4564.03,14669.14,0,0,0,0,0,0,LOW
TXN009934,2024-02-14,20,PAYMENT,2413.83,NG,473732.58,471318.75,0,0,0,1,0,33,LOW
TXN009935,2024-07-17,11,DEBIT,215.14,MX,122547.43,122332.29,0,0,0,0,0,0,LOW
TXN009936,2024-05-01,8,PAYMENT,9276.35,IR,173470.38,164194.03,0,0,0,1,0,32,LOW
TXN009937,2024-05-01,13,CASH_OUT,1853.41,NG,448473.69,446620.28,0,0,0,1,0,33,LOW
TXN009938,2024-12-10,17,TRANSFER,1486.8,DE,471542.8,470056.0,0,0,0,0,0,0,LOW
TXN009939,2024-02-05,8,TRANSFER,1631.92,CN,94569.05,92937.13,0,0,0,0,0,5,LOW
TXN009940,2024-09-08,8,DEBIT,3626.89,RU,53393.32,49766.43,0,0,0,1,0,31,LOW
TXN009941,2024-08-30,8,PAYMENT,200.24,US,39395.3,39195.06,0,0,0,0,0,5,LOW
TXN009942,2024-02-16,8,TRANSFER,2064.17,US,355861.62,353797.45,0,0,0,0,0,5,LOW
TXN009943,2024-07-01,15,CASH_IN,6384.02,US,80070.79,86454.81,0,0,0,0,0,5,LOW
TXN009944,2024-05-28,7,CASH_OUT,5895.86,US,472697.91,466802.05,0,0,0,0,0,4,LOW
TXN009945,2024-05-17,20,TRANSFER,10656.25,US,376354.03,365697.78,0,0,0,0,0,15,LOW
TXN009946,2024-07-12,9,CASH_IN,1372.2,NG,259881.36,261253.56,0,0,0,1,0,31,LOW
TXN009947,2024-08-13,14,PAYMENT,8661.56,US,266458.68,257797.12,0,0,0,0,0,5,LOW
TXN009948,2024-07-04,18,DEBIT,9050.04,CN,14135.72,5085.68,0,0,0,0,0,1,LOW
TXN009949,2024-05-20,11,CASH_OUT,3666.49,DE,30572.72,26906.23,0,0,0,0,0,4,LOW
TXN009950,2024-06-14,23,CASH_OUT,28590.68,UK,175638.61,147047.93,0,1,0,0,1,64,MEDIUM
TXN009951,2024-01-23,19,CASH_IN,7039.31,UK,364892.92,371932.23,0,0,0,0,0,4,LOW
TXN009952,2024-02-07,19,PAYMENT,1096.66,US,138716.01,137619.35,0,0,0,0,0,0,LOW
TXN009953,2024-02-09,11,PAYMENT,1707.45,US,306670.89,304963.44,0,0,0,0,0,1,LOW
TXN009954,2024-03-13,10,DEBIT,8954.44,CN,473050.23,464095.79,0,0,0,0,0,4,LOW
TXN009955,2024-12-19,23,TRANSFER,2702.95,US,486939.35,484236.4,0,0,0,0,1,20,LOW
TXN009956,2024-12-19,14,CASH_OUT,1446.64,US,203167.55,201720.91,0,0,0,0,0,1,LOW
TXN009957,2024-12-23,14,DEBIT,314.39,MX,483846.21,483531.82,0,0,0,0,0,4,LOW
TXN009958,2024-01-03,14,CASH_IN,1428.93,US,265229.14,266658.07,0,0,0,0,0,0,LOW
TXN009959,2024-02-04,21,PAYMENT,3162.22,CN,421295.83,418133.61,0,0,0,0,0,2,LOW
TXN009960,2024-08-13,11,TRANSFER,8480.38,US,145367.48,136887.1,0,0,0,0,0,4,LOW
TXN009961,2024-07-04,8,CASH_IN,2570.57,US,79560.93,82131.5,0,0,0,0,0,5,LOW
TXN009962,2024-08-13,20,CASH_IN,198.58,MX,408201.9,408400.48,0,0,0,0,0,0,LOW
TXN009963,2024-05-12,10,CASH_IN,1215.29,UK,347911.9,349127.19,0,0,0,0,0,3,LOW
TXN009964,2024-03-10,8,CASH_IN,5444.21,UK,252973.57,258417.78,0,0,0,0,0,1,LOW
TXN009965,2024-05-20,14,CASH_OUT,12054.27,MX,218781.66,206727.39,0,0,0,0,0,17,LOW
TXN009966,2024-09-12,8,DEBIT,1149.44,US,298409.85,297260.41,0,0,0,0,0,0,LOW
TXN009967,2024-08-10,10,CASH_IN,598.74,MX,240745.1,241343.84,0,0,0,0,0,5,LOW
TXN009968,2024-03-02,12,CASH_IN,1681.09,UK,347831.65,349512.74,0,0,0,0,0,0,LOW
TXN009969,2024-09-24,23,CASH_OUT,26934.03,US,93103.2,66169.17,0,1,0,0,1,61,MEDIUM
TXN009970,2024-09-30,13,CASH_IN,2369.96,US,353638.18,356008.14,0,0,0,0,0,0,LOW
TXN009971,2024-04-17,17,CASH_IN,371.79,UK,383502.8,383874.59,0,0,0,0,0,3,LOW
TXN009972,2024-09-02,12,CASH_OUT,2253.71,RU,109393.03,107139.32,0,0,0,1,0,33,LOW
TXN009973,2024-07-31,11,DEBIT,10780.78,US,460281.72,449500.94,0,0,0,0,0,0,LOW
TXN009974,2024-02-04,21,CASH_OUT,3011.19,US,464654.93,461643.74,0,0,0,0,0,3,LOW
TXN009975,2024-07-16,14,CASH_OUT,170.02,UK,25364.38,25194.36,0,0,0,0,0,5,LOW
TXN009976,2024-07-28,17,CASH_IN,1825.02,US,201285.73,203110.75,0,0,0,0,0,1,LOW
TXN009977,2024-09-25,8,DEBIT,270.02,UK,346228.89,345958.87,0,0,0,0,0,3,LOW
TXN009978,2024-10-18,11,TRANSFER,2132.34,US,330422.16,328289.82,0,0,0,0,0,2,LOW
TXN009979,2024-06-06,13,DEBIT,2086.57,UK,70142.24,68055.67,0,0,0,0,0,3,LOW
TXN009980,2024-05-27,21,CASH_OUT,15490.48,US,209855.05,194364.57,0,0,0,0,0,18,LOW
TXN009981,2024-09-19,13,CASH_IN,7720.26,CN,326015.37,333735.63,0,0,0,0,0,4,LOW
TXN009982,2024-08-28,15,CASH_IN,4278.63,CN,86643.17,90921.8,0,0,0,0,0,1,LOW
TXN009983,2024-08-04,17,TRANSFER,8841.72,US,445594.71,436752.99,0,0,0,0,0,1,LOW
TXN009984,2024-09-03,4,CASH_OUT,10878.04,RU,405639.82,394761.78,0,1,0,1,1,94,HIGH
TXN009985,2024-06-02,8,DEBIT,3898.4,UK,22437.06,18538.66,0,0,0,0,0,5,LOW
TXN009986,2024-08-14,8,TRANSFER,1962.2,DE,1568.4,0.0,0,0,0,0,0,0,LOW
TXN009987,2024-03-09,10,CASH_OUT,57.32,US,260204.95,260147.63,0,0,0,0,0,1,LOW
TXN009988,2024-07-28,18,PAYMENT,7618.78,US,237168.64,229549.86,0,0,0,0,0,5,LOW
TXN009989,2024-04-16,7,CASH_IN,6246.07,CN,288741.08,294987.15,0,0,0,0,0,2,LOW
TXN009990,2024-07-06,9,TRANSFER,1337.42,IR,206505.24,205167.82,0,0,0,1,0,32,LOW
TXN009991,2024-02-03,21,DEBIT,12384.4,RU,493469.77,481085.37,0,0,0,1,0,31,LOW
TXN009992,2024-12-25,13,TRANSFER,5439.26,IR,267208.98,261769.72,0,0,0,1,0,32,LOW
TXN009993,2024-08-03,2,TRANSFER,49039.42,IR,66110.2,17070.78,0,0,0,1,1,65,MEDIUM
TXN009994,2024-05-04,11,CASH_IN,3487.18,UK,220462.05,223949.23,0,0,0,0,0,5,LOW
TXN009995,2024-01-09,21,TRANSFER,6178.93,US,239811.16,233632.23,0,0,0,0,0,2,LOW
TXN009996,2024-10-03,20,CASH_OUT,3030.54,RU,101672.93,98642.39,0,0,0,1,0,34,LOW
TXN009997,2024-09-15,12,PAYMENT,460.36,US,182646.45,182186.09,0,0,0,0,0,0,LOW
TXN009998,2024-05-12,8,CASH_IN,1318.19,CN,130643.98,131962.17,0,0,0,0,0,4,LOW
TXN009999,2024-10-17,3,TRANSFER,7862.46,NG,102495.87,94633.41,0,1,0,1,1,78,HIGH
